transaction_id,user_id,date,amount,category,type,status,applicant_id
TXN_1001,USR_001,2023-06-30,105,Food,DEBIT,Completed,8a0d6320-e982-445b-afa8-bb9e0054aca9
TXN_1002,USR_001,2023-04-27,1620,Food,DEBIT,Completed,8a0d6320-e982-445b-afa8-bb9e0054aca9
TXN_1003,USR_001,2023-06-04,3306,Savings,DEBIT,Completed,8a0d6320-e982-445b-afa8-bb9e0054aca9
TXN_1004,USR_001,2023-04-28,1196,Food,DEBIT,Completed,8a0d6320-e982-445b-afa8-bb9e0054aca9
TXN_1005,USR_001,2023-06-30,3584,Salary,CREDIT,Completed,8a0d6320-e982-445b-afa8-bb9e0054aca9
TXN_1006,USR_001,2023-06-24,4895,Savings,DEBIT,Completed,8a0d6320-e982-445b-afa8-bb9e0054aca9
TXN_1007,USR_001,2023-05-15,1241,Transport,DEBIT,Completed,8a0d6320-e982-445b-afa8-bb9e0054aca9
TXN_1008,USR_001,2023-05-25,2835,Food,DEBIT,Completed,8a0d6320-e982-445b-afa8-bb9e0054aca9
TXN_1009,USR_001,2023-06-17,580,Transport,DEBIT,Completed,8a0d6320-e982-445b-afa8-bb9e0054aca9
TXN_1010,USR_001,2023-04-25,197,Food,DEBIT,Completed,8a0d6320-e982-445b-afa8-bb9e0054aca9
TXN_1011,USR_001,2023-04-12,10880,Rent,DEBIT,Completed,8a0d6320-e982-445b-afa8-bb9e0054aca9
TXN_1012,USR_001,2023-06-15,2226,Shopping,DEBIT,Completed,8a0d6320-e982-445b-afa8-bb9e0054aca9
TXN_1013,USR_001,2023-06-18,1190,Utility Bill,DEBIT,Completed,8a0d6320-e982-445b-afa8-bb9e0054aca9
TXN_1014,USR_001,2023-05-02,1863,Shopping,DEBIT,Completed,8a0d6320-e982-445b-afa8-bb9e0054aca9
TXN_1015,USR_002,2023-04-20,708,Utility Bill,DEBIT,Completed,111ff86d-d582-4503-baac-78ebb7932c94
TXN_1016,USR_002,2023-05-25,39866,Salary,CREDIT,Completed,111ff86d-d582-4503-baac-78ebb7932c94
TXN_1017,USR_002,2023-06-19,3567,Savings,DEBIT,Completed,111ff86d-d582-4503-baac-78ebb7932c94
TXN_1018,USR_002,2023-04-14,1998,Shopping,DEBIT,Completed,111ff86d-d582-4503-baac-78ebb7932c94
TXN_1019,USR_002,2023-05-14,2317,Other Income,CREDIT,Completed,111ff86d-d582-4503-baac-78ebb7932c94
TXN_1020,USR_002,2023-05-14,1832,Transport,DEBIT,Completed,111ff86d-d582-4503-baac-78ebb7932c94
TXN_1021,USR_002,2023-05-11,9734,Rent,DEBIT,Completed,111ff86d-d582-4503-baac-78ebb7932c94
TXN_1022,USR_002,2023-04-22,1486,Transport,DEBIT,Completed,111ff86d-d582-4503-baac-78ebb7932c94
TXN_1023,USR_002,2023-05-16,788,Utility Bill,DEBIT,Completed,111ff86d-d582-4503-baac-78ebb7932c94
TXN_1024,USR_002,2023-06-18,2710,Savings,DEBIT,Completed,111ff86d-d582-4503-baac-78ebb7932c94
TXN_1025,USR_002,2023-05-07,9507,Rent,DEBIT,Completed,111ff86d-d582-4503-baac-78ebb7932c94
TXN_1026,USR_002,2023-06-04,603,Shopping,DEBIT,Completed,111ff86d-d582-4503-baac-78ebb7932c94
TXN_1027,USR_002,2023-05-06,1243,Shopping,DEBIT,Completed,111ff86d-d582-4503-baac-78ebb7932c94
TXN_1028,USR_003,2023-06-30,2186,Shopping,DEBIT,Completed,7c627e33-83a1-47ed-9f82-5cc5098adc8b
TXN_1029,USR_003,2023-04-13,4032,Other Income,CREDIT,Completed,7c627e33-83a1-47ed-9f82-5cc5098adc8b
TXN_1030,USR_003,2023-06-05,5127,Rent,DEBIT,Completed,7c627e33-83a1-47ed-9f82-5cc5098adc8b
TXN_1031,USR_003,2023-05-02,2700,Shopping,DEBIT,Completed,7c627e33-83a1-47ed-9f82-5cc5098adc8b
TXN_1032,USR_003,2023-04-13,3044,Savings,DEBIT,Completed,7c627e33-83a1-47ed-9f82-5cc5098adc8b
TXN_1033,USR_003,2023-05-02,3535,Other Income,CREDIT,Completed,7c627e33-83a1-47ed-9f82-5cc5098adc8b
TXN_1034,USR_003,2023-05-21,2864,Transport,DEBIT,Completed,7c627e33-83a1-47ed-9f82-5cc5098adc8b
TXN_1035,USR_003,2023-04-03,1434,Shopping,DEBIT,Completed,7c627e33-83a1-47ed-9f82-5cc5098adc8b
TXN_1036,USR_003,2023-05-03,1829,Savings,DEBIT,Completed,7c627e33-83a1-47ed-9f82-5cc5098adc8b
TXN_1037,USR_003,2023-05-30,2898,Transport,DEBIT,Completed,7c627e33-83a1-47ed-9f82-5cc5098adc8b
TXN_1038,USR_003,2023-04-23,11367,Rent,DEBIT,Completed,7c627e33-83a1-47ed-9f82-5cc5098adc8b
TXN_1039,USR_004,2023-04-25,989,Utility Bill,DEBIT,Completed,5a62e11b-2852-4cce-a706-45dc8621733c
TXN_1040,USR_004,2023-04-16,1585,Utility Bill,DEBIT,Completed,5a62e11b-2852-4cce-a706-45dc8621733c
TXN_1041,USR_004,2023-05-22,8116,Rent,DEBIT,Completed,5a62e11b-2852-4cce-a706-45dc8621733c
TXN_1042,USR_004,2023-06-14,3146,Other Income,CREDIT,Completed,5a62e11b-2852-4cce-a706-45dc8621733c
TXN_1043,USR_004,2023-06-27,1024,Food,DEBIT,Completed,5a62e11b-2852-4cce-a706-45dc8621733c
TXN_1044,USR_004,2023-06-20,1207,Savings,DEBIT,Completed,5a62e11b-2852-4cce-a706-45dc8621733c
TXN_1045,USR_004,2023-06-05,593,Utility Bill,DEBIT,Completed,5a62e11b-2852-4cce-a706-45dc8621733c
TXN_1046,USR_004,2023-04-18,3501,Savings,DEBIT,Completed,5a62e11b-2852-4cce-a706-45dc8621733c
TXN_1047,USR_004,2023-04-16,6709,Rent,DEBIT,Completed,5a62e11b-2852-4cce-a706-45dc8621733c
TXN_1048,USR_004,2023-04-17,2464,Food,DEBIT,Completed,5a62e11b-2852-4cce-a706-45dc8621733c
TXN_1049,USR_004,2023-04-17,3753,Savings,DEBIT,Completed,5a62e11b-2852-4cce-a706-45dc8621733c
TXN_1050,USR_004,2023-05-21,2557,Shopping,DEBIT,Completed,5a62e11b-2852-4cce-a706-45dc8621733c
TXN_1051,USR_004,2023-06-28,2229,Shopping,DEBIT,Completed,5a62e11b-2852-4cce-a706-45dc8621733c
TXN_1052,USR_004,2023-05-09,1014,Transport,DEBIT,Completed,5a62e11b-2852-4cce-a706-45dc8621733c
TXN_1053,USR_004,2023-04-22,9494,Rent,DEBIT,Completed,5a62e11b-2852-4cce-a706-45dc8621733c
TXN_1054,USR_005,2023-04-15,382,Food,DEBIT,Completed,89f14918-71e6-43df-985d-06a6a87fde02
TXN_1055,USR_005,2023-04-23,22237,Salary,CREDIT,Completed,89f14918-71e6-43df-985d-06a6a87fde02
TXN_1056,USR_005,2023-04-15,1646,Savings,DEBIT,Completed,89f14918-71e6-43df-985d-06a6a87fde02
TXN_1057,USR_005,2023-04-15,2464,Shopping,DEBIT,Completed,89f14918-71e6-43df-985d-06a6a87fde02
TXN_1058,USR_005,2023-04-04,2728,Food,DEBIT,Completed,89f14918-71e6-43df-985d-06a6a87fde02
TXN_1059,USR_005,2023-06-22,2287,Utility Bill,DEBIT,Completed,89f14918-71e6-43df-985d-06a6a87fde02
TXN_1060,USR_005,2023-05-16,1645,Savings,DEBIT,Completed,89f14918-71e6-43df-985d-06a6a87fde02
TXN_1061,USR_005,2023-06-01,828,Food,DEBIT,Completed,89f14918-71e6-43df-985d-06a6a87fde02
TXN_1062,USR_005,2023-05-11,1851,Utility Bill,DEBIT,Completed,89f14918-71e6-43df-985d-06a6a87fde02
TXN_1063,USR_005,2023-04-01,3856,Savings,DEBIT,Completed,89f14918-71e6-43df-985d-06a6a87fde02
TXN_1064,USR_006,2023-05-28,1567,Salary,CREDIT,Completed,33d6b56a-f5ed-4c1d-b44e-51245c8c07a4
TXN_1065,USR_006,2023-06-27,3268,Savings,DEBIT,Completed,33d6b56a-f5ed-4c1d-b44e-51245c8c07a4
TXN_1066,USR_006,2023-06-15,778,Utility Bill,DEBIT,Completed,33d6b56a-f5ed-4c1d-b44e-51245c8c07a4
TXN_1067,USR_006,2023-05-28,2873,Salary,CREDIT,Completed,33d6b56a-f5ed-4c1d-b44e-51245c8c07a4
TXN_1068,USR_006,2023-05-17,448,Transport,DEBIT,Completed,33d6b56a-f5ed-4c1d-b44e-51245c8c07a4
TXN_1069,USR_006,2023-04-26,685,Shopping,DEBIT,Completed,33d6b56a-f5ed-4c1d-b44e-51245c8c07a4
TXN_1070,USR_006,2023-04-05,400,Shopping,DEBIT,Completed,33d6b56a-f5ed-4c1d-b44e-51245c8c07a4
TXN_1071,USR_006,2023-05-14,623,Transport,DEBIT,Completed,33d6b56a-f5ed-4c1d-b44e-51245c8c07a4
TXN_1072,USR_006,2023-05-16,2686,Transport,DEBIT,Completed,33d6b56a-f5ed-4c1d-b44e-51245c8c07a4
TXN_1073,USR_006,2023-04-03,972,Transport,DEBIT,Completed,33d6b56a-f5ed-4c1d-b44e-51245c8c07a4
TXN_1074,USR_006,2023-05-17,1069,Salary,CREDIT,Completed,33d6b56a-f5ed-4c1d-b44e-51245c8c07a4
TXN_1075,USR_006,2023-06-08,1267,Salary,CREDIT,Completed,33d6b56a-f5ed-4c1d-b44e-51245c8c07a4
TXN_1076,USR_006,2023-06-13,2604,Food,DEBIT,Completed,33d6b56a-f5ed-4c1d-b44e-51245c8c07a4
TXN_1077,USR_006,2023-06-30,2350,Shopping,DEBIT,Completed,33d6b56a-f5ed-4c1d-b44e-51245c8c07a4
TXN_1078,USR_006,2023-05-07,2336,Transport,DEBIT,Completed,33d6b56a-f5ed-4c1d-b44e-51245c8c07a4
TXN_1079,USR_007,2023-05-10,10637,Rent,DEBIT,Completed,f4bf2d55-a2a2-4722-9ba4-07eb9937e2b0
TXN_1080,USR_007,2023-06-29,1501,Savings,DEBIT,Completed,f4bf2d55-a2a2-4722-9ba4-07eb9937e2b0
TXN_1081,USR_007,2023-04-14,8728,Rent,DEBIT,Completed,f4bf2d55-a2a2-4722-9ba4-07eb9937e2b0
TXN_1082,USR_007,2023-04-09,2386,Savings,DEBIT,Completed,f4bf2d55-a2a2-4722-9ba4-07eb9937e2b0
TXN_1083,USR_007,2023-05-07,1664,Utility Bill,DEBIT,Completed,f4bf2d55-a2a2-4722-9ba4-07eb9937e2b0
TXN_1084,USR_007,2023-05-31,1390,Utility Bill,DEBIT,Completed,f4bf2d55-a2a2-4722-9ba4-07eb9937e2b0
TXN_1085,USR_007,2023-04-05,1558,Shopping,DEBIT,Completed,f4bf2d55-a2a2-4722-9ba4-07eb9937e2b0
TXN_1086,USR_007,2023-06-26,628,Other Income,CREDIT,Completed,f4bf2d55-a2a2-4722-9ba4-07eb9937e2b0
TXN_1087,USR_007,2023-06-23,2508,Other Income,CREDIT,Completed,f4bf2d55-a2a2-4722-9ba4-07eb9937e2b0
TXN_1088,USR_007,2023-04-05,848,Other Income,CREDIT,Completed,f4bf2d55-a2a2-4722-9ba4-07eb9937e2b0
TXN_1089,USR_007,2023-06-01,1200,Shopping,DEBIT,Completed,f4bf2d55-a2a2-4722-9ba4-07eb9937e2b0
TXN_1090,USR_007,2023-06-09,3032,Other Income,CREDIT,Completed,f4bf2d55-a2a2-4722-9ba4-07eb9937e2b0
TXN_1091,USR_007,2023-05-13,10728,Rent,DEBIT,Completed,f4bf2d55-a2a2-4722-9ba4-07eb9937e2b0
TXN_1092,USR_007,2023-04-09,4365,Savings,DEBIT,Completed,f4bf2d55-a2a2-4722-9ba4-07eb9937e2b0
TXN_1093,USR_007,2023-04-03,273,Shopping,DEBIT,Completed,f4bf2d55-a2a2-4722-9ba4-07eb9937e2b0
TXN_1094,USR_008,2023-06-21,1419,Shopping,DEBIT,Completed,a2b042c5-1053-45e1-b1c8-7afe904f2d7b
TXN_1095,USR_008,2023-06-10,2550,Transport,DEBIT,Completed,a2b042c5-1053-45e1-b1c8-7afe904f2d7b
TXN_1096,USR_008,2023-05-03,1212,Shopping,DEBIT,Completed,a2b042c5-1053-45e1-b1c8-7afe904f2d7b
TXN_1097,USR_008,2023-06-22,3014,Savings,DEBIT,Completed,a2b042c5-1053-45e1-b1c8-7afe904f2d7b
TXN_1098,USR_008,2023-04-02,3925,Other Income,CREDIT,Completed,a2b042c5-1053-45e1-b1c8-7afe904f2d7b
TXN_1099,USR_008,2023-06-04,2538,Food,DEBIT,Completed,a2b042c5-1053-45e1-b1c8-7afe904f2d7b
TXN_1100,USR_008,2023-04-26,2533,Shopping,DEBIT,Completed,a2b042c5-1053-45e1-b1c8-7afe904f2d7b
TXN_1101,USR_008,2023-04-18,2739,Transport,DEBIT,Completed,a2b042c5-1053-45e1-b1c8-7afe904f2d7b
TXN_1102,USR_008,2023-04-27,2129,Shopping,DEBIT,Completed,a2b042c5-1053-45e1-b1c8-7afe904f2d7b
TXN_1103,USR_008,2023-06-17,5913,Rent,DEBIT,Late,a2b042c5-1053-45e1-b1c8-7afe904f2d7b
TXN_1104,USR_008,2023-06-02,3342,Other Income,CREDIT,Completed,a2b042c5-1053-45e1-b1c8-7afe904f2d7b
TXN_1105,USR_008,2023-06-29,504,Utility Bill,DEBIT,Completed,a2b042c5-1053-45e1-b1c8-7afe904f2d7b
TXN_1106,USR_008,2023-05-04,1911,Food,DEBIT,Completed,a2b042c5-1053-45e1-b1c8-7afe904f2d7b
TXN_1107,USR_008,2023-06-28,1475,Transport,DEBIT,Completed,a2b042c5-1053-45e1-b1c8-7afe904f2d7b
TXN_1108,USR_009,2023-04-27,1702,Shopping,DEBIT,Completed,1aaab24a-21a1-4451-a9a8-a1eef5fa5a66
TXN_1109,USR_009,2023-05-07,1555,Utility Bill,DEBIT,Completed,1aaab24a-21a1-4451-a9a8-a1eef5fa5a66
TXN_1110,USR_009,2023-04-18,246,Shopping,DEBIT,Completed,1aaab24a-21a1-4451-a9a8-a1eef5fa5a66
TXN_1111,USR_009,2023-04-22,1607,Utility Bill,DEBIT,Completed,1aaab24a-21a1-4451-a9a8-a1eef5fa5a66
TXN_1112,USR_009,2023-04-26,1176,Utility Bill,DEBIT,Completed,1aaab24a-21a1-4451-a9a8-a1eef5fa5a66
TXN_1113,USR_009,2023-04-14,5246,Rent,DEBIT,Completed,1aaab24a-21a1-4451-a9a8-a1eef5fa5a66
TXN_1114,USR_009,2023-06-20,994,Utility Bill,DEBIT,Completed,1aaab24a-21a1-4451-a9a8-a1eef5fa5a66
TXN_1115,USR_009,2023-05-08,281,Food,DEBIT,Completed,1aaab24a-21a1-4451-a9a8-a1eef5fa5a66
TXN_1116,USR_009,2023-06-14,9958,Rent,DEBIT,Completed,1aaab24a-21a1-4451-a9a8-a1eef5fa5a66
TXN_1117,USR_009,2023-06-18,4836,Other Income,CREDIT,Completed,1aaab24a-21a1-4451-a9a8-a1eef5fa5a66
TXN_1118,USR_010,2023-05-17,952,Utility Bill,DEBIT,Completed,7c46b087-29af-4065-939d-9847c6bf53ab
TXN_1119,USR_010,2023-06-23,2666,Shopping,DEBIT,Completed,7c46b087-29af-4065-939d-9847c6bf53ab
TXN_1120,USR_010,2023-05-09,947,Utility Bill,DEBIT,Completed,7c46b087-29af-4065-939d-9847c6bf53ab
TXN_1121,USR_010,2023-05-08,1509,Other Income,CREDIT,Completed,7c46b087-29af-4065-939d-9847c6bf53ab
TXN_1122,USR_010,2023-06-14,918,Utility Bill,DEBIT,Completed,7c46b087-29af-4065-939d-9847c6bf53ab
TXN_1123,USR_010,2023-05-17,1693,Other Income,CREDIT,Completed,7c46b087-29af-4065-939d-9847c6bf53ab
TXN_1124,USR_010,2023-05-01,11265,Salary,CREDIT,Completed,7c46b087-29af-4065-939d-9847c6bf53ab
TXN_1125,USR_010,2023-05-29,1371,Savings,DEBIT,Completed,7c46b087-29af-4065-939d-9847c6bf53ab
TXN_1126,USR_010,2023-05-21,2708,Savings,DEBIT,Completed,7c46b087-29af-4065-939d-9847c6bf53ab
TXN_1127,USR_010,2023-06-18,2708,Other Income,CREDIT,Completed,7c46b087-29af-4065-939d-9847c6bf53ab
TXN_1128,USR_010,2023-04-20,6071,Rent,DEBIT,Completed,7c46b087-29af-4065-939d-9847c6bf53ab
TXN_1129,USR_011,2023-05-26,1257,Savings,DEBIT,Completed,d2fbf766-8ca8-4afb-8697-7d7859c962b1
TXN_1130,USR_011,2023-06-16,3819,Savings,DEBIT,Completed,d2fbf766-8ca8-4afb-8697-7d7859c962b1
TXN_1131,USR_011,2023-05-19,2830,Shopping,DEBIT,Completed,d2fbf766-8ca8-4afb-8697-7d7859c962b1
TXN_1132,USR_011,2023-04-09,3071,Savings,DEBIT,Completed,d2fbf766-8ca8-4afb-8697-7d7859c962b1
TXN_1133,USR_011,2023-06-24,3662,Other Income,CREDIT,Completed,d2fbf766-8ca8-4afb-8697-7d7859c962b1
TXN_1134,USR_011,2023-04-27,2678,Food,DEBIT,Completed,d2fbf766-8ca8-4afb-8697-7d7859c962b1
TXN_1135,USR_011,2023-05-08,10523,Rent,DEBIT,Completed,d2fbf766-8ca8-4afb-8697-7d7859c962b1
TXN_1136,USR_011,2023-06-27,2973,Savings,DEBIT,Completed,d2fbf766-8ca8-4afb-8697-7d7859c962b1
TXN_1137,USR_011,2023-06-11,11641,Rent,DEBIT,Completed,d2fbf766-8ca8-4afb-8697-7d7859c962b1
TXN_1138,USR_011,2023-04-09,2161,Utility Bill,DEBIT,Late,d2fbf766-8ca8-4afb-8697-7d7859c962b1
TXN_1139,USR_011,2023-05-19,3919,Savings,DEBIT,Completed,d2fbf766-8ca8-4afb-8697-7d7859c962b1
TXN_1140,USR_011,2023-04-29,3056,Savings,DEBIT,Completed,d2fbf766-8ca8-4afb-8697-7d7859c962b1
TXN_1141,USR_012,2023-04-01,346,Food,DEBIT,Completed,1618cce9-a224-4823-bcdc-76a3b1895274
TXN_1142,USR_012,2023-04-27,989,Food,DEBIT,Completed,1618cce9-a224-4823-bcdc-76a3b1895274
TXN_1143,USR_012,2023-05-15,39993,Salary,CREDIT,Completed,1618cce9-a224-4823-bcdc-76a3b1895274
TXN_1144,USR_012,2023-05-23,3285,Savings,DEBIT,Completed,1618cce9-a224-4823-bcdc-76a3b1895274
TXN_1145,USR_012,2023-06-11,841,Transport,DEBIT,Completed,1618cce9-a224-4823-bcdc-76a3b1895274
TXN_1146,USR_012,2023-05-09,2776,Savings,DEBIT,Completed,1618cce9-a224-4823-bcdc-76a3b1895274
TXN_1147,USR_012,2023-05-16,1177,Food,DEBIT,Completed,1618cce9-a224-4823-bcdc-76a3b1895274
TXN_1148,USR_012,2023-04-13,4498,Savings,DEBIT,Completed,1618cce9-a224-4823-bcdc-76a3b1895274
TXN_1149,USR_012,2023-05-22,2490,Utility Bill,DEBIT,Completed,1618cce9-a224-4823-bcdc-76a3b1895274
TXN_1150,USR_012,2023-04-15,1212,Other Income,CREDIT,Completed,1618cce9-a224-4823-bcdc-76a3b1895274
TXN_1151,USR_012,2023-06-14,2580,Savings,DEBIT,Completed,1618cce9-a224-4823-bcdc-76a3b1895274
TXN_1152,USR_012,2023-06-02,625,Food,DEBIT,Completed,1618cce9-a224-4823-bcdc-76a3b1895274
TXN_1153,USR_012,2023-04-30,367,Shopping,DEBIT,Completed,1618cce9-a224-4823-bcdc-76a3b1895274
TXN_1154,USR_013,2023-05-12,632,Food,DEBIT,Completed,2c0038c9-c845-45b3-9b03-950e024e470d
TXN_1155,USR_013,2023-04-21,2005,Other Income,CREDIT,Completed,2c0038c9-c845-45b3-9b03-950e024e470d
TXN_1156,USR_013,2023-04-01,1888,Savings,DEBIT,Completed,2c0038c9-c845-45b3-9b03-950e024e470d
TXN_1157,USR_013,2023-06-19,1686,Transport,DEBIT,Completed,2c0038c9-c845-45b3-9b03-950e024e470d
TXN_1158,USR_013,2023-05-23,2841,Shopping,DEBIT,Completed,2c0038c9-c845-45b3-9b03-950e024e470d
TXN_1159,USR_013,2023-04-30,4220,Savings,DEBIT,Completed,2c0038c9-c845-45b3-9b03-950e024e470d
TXN_1160,USR_013,2023-04-27,1178,Other Income,CREDIT,Completed,2c0038c9-c845-45b3-9b03-950e024e470d
TXN_1161,USR_013,2023-06-18,1955,Other Income,CREDIT,Completed,2c0038c9-c845-45b3-9b03-950e024e470d
TXN_1162,USR_013,2023-05-20,2949,Savings,DEBIT,Completed,2c0038c9-c845-45b3-9b03-950e024e470d
TXN_1163,USR_013,2023-04-20,1145,Utility Bill,DEBIT,Completed,2c0038c9-c845-45b3-9b03-950e024e470d
TXN_1164,USR_013,2023-04-04,2813,Savings,DEBIT,Completed,2c0038c9-c845-45b3-9b03-950e024e470d
TXN_1165,USR_013,2023-04-15,1778,Savings,DEBIT,Completed,2c0038c9-c845-45b3-9b03-950e024e470d
TXN_1166,USR_013,2023-06-19,866,Utility Bill,DEBIT,Completed,2c0038c9-c845-45b3-9b03-950e024e470d
TXN_1167,USR_013,2023-04-15,1021,Utility Bill,DEBIT,Completed,2c0038c9-c845-45b3-9b03-950e024e470d
TXN_1168,USR_014,2023-06-06,3127,Other Income,CREDIT,Completed,498d23af-1d30-49e7-818b-7c68a7565193
TXN_1169,USR_014,2023-06-13,2380,Shopping,DEBIT,Completed,498d23af-1d30-49e7-818b-7c68a7565193
TXN_1170,USR_014,2023-04-04,1165,Shopping,DEBIT,Completed,498d23af-1d30-49e7-818b-7c68a7565193
TXN_1171,USR_014,2023-04-30,685,Utility Bill,DEBIT,Completed,498d23af-1d30-49e7-818b-7c68a7565193
TXN_1172,USR_014,2023-06-30,675,Transport,DEBIT,Completed,498d23af-1d30-49e7-818b-7c68a7565193
TXN_1173,USR_014,2023-04-15,100,Shopping,DEBIT,Completed,498d23af-1d30-49e7-818b-7c68a7565193
TXN_1174,USR_014,2023-06-15,2651,Savings,DEBIT,Completed,498d23af-1d30-49e7-818b-7c68a7565193
TXN_1175,USR_014,2023-05-06,52527,Salary,CREDIT,Completed,498d23af-1d30-49e7-818b-7c68a7565193
TXN_1176,USR_014,2023-05-10,904,Shopping,DEBIT,Completed,498d23af-1d30-49e7-818b-7c68a7565193
TXN_1177,USR_014,2023-04-21,6614,Rent,DEBIT,Completed,498d23af-1d30-49e7-818b-7c68a7565193
TXN_1178,USR_014,2023-06-23,2736,Shopping,DEBIT,Completed,498d23af-1d30-49e7-818b-7c68a7565193
TXN_1179,USR_014,2023-05-03,7848,Rent,DEBIT,Completed,498d23af-1d30-49e7-818b-7c68a7565193
TXN_1180,USR_015,2023-04-21,2462,Utility Bill,DEBIT,Completed,f0bb65ec-a06b-4016-987d-468bd24b862e
TXN_1181,USR_015,2023-06-26,1582,Salary,CREDIT,Completed,f0bb65ec-a06b-4016-987d-468bd24b862e
TXN_1182,USR_015,2023-05-08,1854,Savings,DEBIT,Completed,f0bb65ec-a06b-4016-987d-468bd24b862e
TXN_1183,USR_015,2023-05-06,1105,Savings,DEBIT,Completed,f0bb65ec-a06b-4016-987d-468bd24b862e
TXN_1184,USR_015,2023-06-14,3250,Salary,CREDIT,Completed,f0bb65ec-a06b-4016-987d-468bd24b862e
TXN_1185,USR_015,2023-04-24,1582,Salary,CREDIT,Completed,f0bb65ec-a06b-4016-987d-468bd24b862e
TXN_1186,USR_015,2023-06-21,420,Transport,DEBIT,Completed,f0bb65ec-a06b-4016-987d-468bd24b862e
TXN_1187,USR_015,2023-05-31,6322,Rent,DEBIT,Completed,f0bb65ec-a06b-4016-987d-468bd24b862e
TXN_1188,USR_015,2023-04-18,3444,Savings,DEBIT,Completed,f0bb65ec-a06b-4016-987d-468bd24b862e
TXN_1189,USR_015,2023-04-27,2618,Food,DEBIT,Completed,f0bb65ec-a06b-4016-987d-468bd24b862e
TXN_1190,USR_015,2023-04-06,8969,Rent,DEBIT,Completed,f0bb65ec-a06b-4016-987d-468bd24b862e
TXN_1191,USR_015,2023-06-22,2155,Food,DEBIT,Completed,f0bb65ec-a06b-4016-987d-468bd24b862e
TXN_1192,USR_016,2023-06-22,1308,Shopping,DEBIT,Completed,c835987f-0cde-412b-8a3c-45bc46051561
TXN_1193,USR_016,2023-05-22,1275,Other Income,CREDIT,Completed,c835987f-0cde-412b-8a3c-45bc46051561
TXN_1194,USR_016,2023-04-03,14482,Salary,CREDIT,Completed,c835987f-0cde-412b-8a3c-45bc46051561
TXN_1195,USR_016,2023-06-15,10932,Rent,DEBIT,Completed,c835987f-0cde-412b-8a3c-45bc46051561
TXN_1196,USR_016,2023-04-30,6045,Rent,DEBIT,Completed,c835987f-0cde-412b-8a3c-45bc46051561
TXN_1197,USR_016,2023-06-25,2248,Other Income,CREDIT,Completed,c835987f-0cde-412b-8a3c-45bc46051561
TXN_1198,USR_016,2023-05-01,7568,Rent,DEBIT,Completed,c835987f-0cde-412b-8a3c-45bc46051561
TXN_1199,USR_016,2023-06-29,2417,Utility Bill,DEBIT,Completed,c835987f-0cde-412b-8a3c-45bc46051561
TXN_1200,USR_016,2023-04-07,2745,Food,DEBIT,Completed,c835987f-0cde-412b-8a3c-45bc46051561
TXN_1201,USR_016,2023-05-16,2807,Savings,DEBIT,Completed,c835987f-0cde-412b-8a3c-45bc46051561
TXN_1202,USR_017,2023-06-01,2316,Shopping,DEBIT,Completed,a3a71f63-9a86-4813-9dba-5b5ff8bf8a9a
TXN_1203,USR_017,2023-05-30,4457,Other Income,CREDIT,Completed,a3a71f63-9a86-4813-9dba-5b5ff8bf8a9a
TXN_1204,USR_017,2023-04-15,9021,Rent,DEBIT,Completed,a3a71f63-9a86-4813-9dba-5b5ff8bf8a9a
TXN_1205,USR_017,2023-06-03,8490,Salary,CREDIT,Completed,a3a71f63-9a86-4813-9dba-5b5ff8bf8a9a
TXN_1206,USR_017,2023-06-28,6890,Rent,DEBIT,Completed,a3a71f63-9a86-4813-9dba-5b5ff8bf8a9a
TXN_1207,USR_017,2023-05-24,6260,Rent,DEBIT,Completed,a3a71f63-9a86-4813-9dba-5b5ff8bf8a9a
TXN_1208,USR_017,2023-05-21,1386,Shopping,DEBIT,Completed,a3a71f63-9a86-4813-9dba-5b5ff8bf8a9a
TXN_1209,USR_017,2023-05-19,1862,Utility Bill,DEBIT,Completed,a3a71f63-9a86-4813-9dba-5b5ff8bf8a9a
TXN_1210,USR_017,2023-06-19,1418,Other Income,CREDIT,Completed,a3a71f63-9a86-4813-9dba-5b5ff8bf8a9a
TXN_1211,USR_017,2023-04-02,1744,Shopping,DEBIT,Completed,a3a71f63-9a86-4813-9dba-5b5ff8bf8a9a
TXN_1212,USR_017,2023-04-01,2382,Other Income,CREDIT,Completed,a3a71f63-9a86-4813-9dba-5b5ff8bf8a9a
TXN_1213,USR_017,2023-04-25,1891,Transport,DEBIT,Completed,a3a71f63-9a86-4813-9dba-5b5ff8bf8a9a
TXN_1214,USR_017,2023-04-07,1129,Food,DEBIT,Completed,a3a71f63-9a86-4813-9dba-5b5ff8bf8a9a
TXN_1215,USR_017,2023-05-16,1529,Other Income,CREDIT,Completed,a3a71f63-9a86-4813-9dba-5b5ff8bf8a9a
TXN_1216,USR_018,2023-05-28,2299,Food,DEBIT,Completed,3812aec0-a831-4a06-88fd-4ec007824ad5
TXN_1217,USR_018,2023-04-01,2517,Savings,DEBIT,Completed,3812aec0-a831-4a06-88fd-4ec007824ad5
TXN_1218,USR_018,2023-04-11,1130,Transport,DEBIT,Completed,3812aec0-a831-4a06-88fd-4ec007824ad5
TXN_1219,USR_018,2023-06-26,2491,Savings,DEBIT,Completed,3812aec0-a831-4a06-88fd-4ec007824ad5
TXN_1220,USR_018,2023-04-20,25888,Salary,CREDIT,Completed,3812aec0-a831-4a06-88fd-4ec007824ad5
TXN_1221,USR_018,2023-05-26,1819,Utility Bill,DEBIT,Late,3812aec0-a831-4a06-88fd-4ec007824ad5
TXN_1222,USR_018,2023-06-14,1926,Shopping,DEBIT,Completed,3812aec0-a831-4a06-88fd-4ec007824ad5
TXN_1223,USR_018,2023-04-17,1047,Other Income,CREDIT,Completed,3812aec0-a831-4a06-88fd-4ec007824ad5
TXN_1224,USR_018,2023-05-26,4570,Savings,DEBIT,Completed,3812aec0-a831-4a06-88fd-4ec007824ad5
TXN_1225,USR_018,2023-06-20,2359,Utility Bill,DEBIT,Late,3812aec0-a831-4a06-88fd-4ec007824ad5
TXN_1226,USR_018,2023-05-25,4764,Other Income,CREDIT,Completed,3812aec0-a831-4a06-88fd-4ec007824ad5
TXN_1227,USR_018,2023-05-09,2232,Shopping,DEBIT,Completed,3812aec0-a831-4a06-88fd-4ec007824ad5
TXN_1228,USR_018,2023-06-28,883,Food,DEBIT,Completed,3812aec0-a831-4a06-88fd-4ec007824ad5
TXN_1229,USR_018,2023-06-14,1139,Utility Bill,DEBIT,Late,3812aec0-a831-4a06-88fd-4ec007824ad5
TXN_1230,USR_018,2023-06-25,840,Transport,DEBIT,Completed,3812aec0-a831-4a06-88fd-4ec007824ad5
TXN_1231,USR_019,2023-05-31,261,Food,DEBIT,Completed,6e93095e-974a-4f69-bbc3-e783a7eaa6bb
TXN_1232,USR_019,2023-05-23,1502,Food,DEBIT,Completed,6e93095e-974a-4f69-bbc3-e783a7eaa6bb
TXN_1233,USR_019,2023-06-24,735,Utility Bill,DEBIT,Late,6e93095e-974a-4f69-bbc3-e783a7eaa6bb
TXN_1234,USR_019,2023-06-02,2914,Other Income,CREDIT,Completed,6e93095e-974a-4f69-bbc3-e783a7eaa6bb
TXN_1235,USR_019,2023-04-13,422,Transport,DEBIT,Completed,6e93095e-974a-4f69-bbc3-e783a7eaa6bb
TXN_1236,USR_019,2023-05-26,3953,Other Income,CREDIT,Completed,6e93095e-974a-4f69-bbc3-e783a7eaa6bb
TXN_1237,USR_019,2023-04-02,750,Utility Bill,DEBIT,Late,6e93095e-974a-4f69-bbc3-e783a7eaa6bb
TXN_1238,USR_019,2023-04-24,2054,Transport,DEBIT,Completed,6e93095e-974a-4f69-bbc3-e783a7eaa6bb
TXN_1239,USR_019,2023-04-28,576,Transport,DEBIT,Completed,6e93095e-974a-4f69-bbc3-e783a7eaa6bb
TXN_1240,USR_019,2023-06-14,701,Other Income,CREDIT,Completed,6e93095e-974a-4f69-bbc3-e783a7eaa6bb
TXN_1241,USR_019,2023-05-09,1647,Utility Bill,DEBIT,Completed,6e93095e-974a-4f69-bbc3-e783a7eaa6bb
TXN_1242,USR_019,2023-06-03,1112,Utility Bill,DEBIT,Completed,6e93095e-974a-4f69-bbc3-e783a7eaa6bb
TXN_1243,USR_019,2023-04-17,1768,Savings,DEBIT,Completed,6e93095e-974a-4f69-bbc3-e783a7eaa6bb
TXN_1244,USR_019,2023-06-30,7563,Rent,DEBIT,Completed,6e93095e-974a-4f69-bbc3-e783a7eaa6bb
TXN_1245,USR_020,2023-05-12,11737,Rent,DEBIT,Late,81278bc3-cb3c-40ba-970e-868d399583f2
TXN_1246,USR_020,2023-06-13,4889,Other Income,CREDIT,Completed,81278bc3-cb3c-40ba-970e-868d399583f2
TXN_1247,USR_020,2023-04-21,4634,Savings,DEBIT,Completed,81278bc3-cb3c-40ba-970e-868d399583f2
TXN_1248,USR_020,2023-05-11,6660,Rent,DEBIT,Completed,81278bc3-cb3c-40ba-970e-868d399583f2
TXN_1249,USR_020,2023-04-19,1841,Shopping,DEBIT,Completed,81278bc3-cb3c-40ba-970e-868d399583f2
TXN_1250,USR_020,2023-05-15,9831,Rent,DEBIT,Late,81278bc3-cb3c-40ba-970e-868d399583f2
TXN_1251,USR_020,2023-06-19,7829,Rent,DEBIT,Completed,81278bc3-cb3c-40ba-970e-868d399583f2
TXN_1252,USR_020,2023-04-18,2069,Savings,DEBIT,Completed,81278bc3-cb3c-40ba-970e-868d399583f2
TXN_1253,USR_020,2023-06-17,2233,Utility Bill,DEBIT,Late,81278bc3-cb3c-40ba-970e-868d399583f2
TXN_1254,USR_020,2023-06-20,379,Food,DEBIT,Completed,81278bc3-cb3c-40ba-970e-868d399583f2
TXN_1255,USR_020,2023-05-01,1829,Utility Bill,DEBIT,Late,81278bc3-cb3c-40ba-970e-868d399583f2
TXN_1256,USR_021,2023-04-29,2274,Savings,DEBIT,Completed,a19a1af0-d42e-4741-b031-b3e6fabf37f3
TXN_1257,USR_021,2023-06-06,747,Utility Bill,DEBIT,Completed,a19a1af0-d42e-4741-b031-b3e6fabf37f3
TXN_1258,USR_021,2023-04-05,1107,Transport,DEBIT,Completed,a19a1af0-d42e-4741-b031-b3e6fabf37f3
TXN_1259,USR_021,2023-05-04,5762,Rent,DEBIT,Completed,a19a1af0-d42e-4741-b031-b3e6fabf37f3
TXN_1260,USR_021,2023-06-16,4371,Other Income,CREDIT,Completed,a19a1af0-d42e-4741-b031-b3e6fabf37f3
TXN_1261,USR_021,2023-06-29,6174,Rent,DEBIT,Completed,a19a1af0-d42e-4741-b031-b3e6fabf37f3
TXN_1262,USR_021,2023-04-20,522,Utility Bill,DEBIT,Completed,a19a1af0-d42e-4741-b031-b3e6fabf37f3
TXN_1263,USR_021,2023-04-07,2149,Shopping,DEBIT,Completed,a19a1af0-d42e-4741-b031-b3e6fabf37f3
TXN_1264,USR_021,2023-04-18,2616,Shopping,DEBIT,Completed,a19a1af0-d42e-4741-b031-b3e6fabf37f3
TXN_1265,USR_021,2023-04-21,2875,Shopping,DEBIT,Completed,a19a1af0-d42e-4741-b031-b3e6fabf37f3
TXN_1266,USR_021,2023-05-17,552,Shopping,DEBIT,Completed,a19a1af0-d42e-4741-b031-b3e6fabf37f3
TXN_1267,USR_021,2023-04-29,2320,Transport,DEBIT,Completed,a19a1af0-d42e-4741-b031-b3e6fabf37f3
TXN_1268,USR_021,2023-06-07,1304,Utility Bill,DEBIT,Completed,a19a1af0-d42e-4741-b031-b3e6fabf37f3
TXN_1269,USR_021,2023-05-13,1320,Transport,DEBIT,Completed,a19a1af0-d42e-4741-b031-b3e6fabf37f3
TXN_1270,USR_021,2023-06-07,2258,Transport,DEBIT,Completed,a19a1af0-d42e-4741-b031-b3e6fabf37f3
TXN_1271,USR_022,2023-04-19,1832,Utility Bill,DEBIT,Completed,b06353ae-4f95-47d2-bca0-5ebfd2e333c7
TXN_1272,USR_022,2023-05-20,2392,Food,DEBIT,Completed,b06353ae-4f95-47d2-bca0-5ebfd2e333c7
TXN_1273,USR_022,2023-06-19,4197,Other Income,CREDIT,Completed,b06353ae-4f95-47d2-bca0-5ebfd2e333c7
TXN_1274,USR_022,2023-05-14,106,Food,DEBIT,Completed,b06353ae-4f95-47d2-bca0-5ebfd2e333c7
TXN_1275,USR_022,2023-06-29,7620,Rent,DEBIT,Completed,b06353ae-4f95-47d2-bca0-5ebfd2e333c7
TXN_1276,USR_022,2023-04-11,2297,Utility Bill,DEBIT,Completed,b06353ae-4f95-47d2-bca0-5ebfd2e333c7
TXN_1277,USR_022,2023-06-02,1415,Food,DEBIT,Completed,b06353ae-4f95-47d2-bca0-5ebfd2e333c7
TXN_1278,USR_022,2023-04-12,6737,Rent,DEBIT,Completed,b06353ae-4f95-47d2-bca0-5ebfd2e333c7
TXN_1279,USR_022,2023-05-06,3355,Savings,DEBIT,Completed,b06353ae-4f95-47d2-bca0-5ebfd2e333c7
TXN_1280,USR_022,2023-06-25,4662,Other Income,CREDIT,Completed,b06353ae-4f95-47d2-bca0-5ebfd2e333c7
TXN_1281,USR_023,2023-05-26,668,Food,DEBIT,Completed,ce64cefd-daa0-4733-a8d8-ff03d13e7bd4
TXN_1282,USR_023,2023-06-15,4645,Other Income,CREDIT,Completed,ce64cefd-daa0-4733-a8d8-ff03d13e7bd4
TXN_1283,USR_023,2023-05-15,2307,Transport,DEBIT,Completed,ce64cefd-daa0-4733-a8d8-ff03d13e7bd4
TXN_1284,USR_023,2023-06-14,5920,Rent,DEBIT,Completed,ce64cefd-daa0-4733-a8d8-ff03d13e7bd4
TXN_1285,USR_023,2023-06-04,4146,Savings,DEBIT,Completed,ce64cefd-daa0-4733-a8d8-ff03d13e7bd4
TXN_1286,USR_023,2023-04-15,3233,Other Income,CREDIT,Completed,ce64cefd-daa0-4733-a8d8-ff03d13e7bd4
TXN_1287,USR_023,2023-06-13,2671,Food,DEBIT,Completed,ce64cefd-daa0-4733-a8d8-ff03d13e7bd4
TXN_1288,USR_023,2023-04-04,1022,Other Income,CREDIT,Completed,ce64cefd-daa0-4733-a8d8-ff03d13e7bd4
TXN_1289,USR_023,2023-05-06,1547,Utility Bill,DEBIT,Completed,ce64cefd-daa0-4733-a8d8-ff03d13e7bd4
TXN_1290,USR_023,2023-06-26,1861,Transport,DEBIT,Completed,ce64cefd-daa0-4733-a8d8-ff03d13e7bd4
TXN_1291,USR_023,2023-06-20,2382,Utility Bill,DEBIT,Completed,ce64cefd-daa0-4733-a8d8-ff03d13e7bd4
TXN_1292,USR_023,2023-06-03,2445,Other Income,CREDIT,Completed,ce64cefd-daa0-4733-a8d8-ff03d13e7bd4
TXN_1293,USR_023,2023-05-15,6037,Rent,DEBIT,Completed,ce64cefd-daa0-4733-a8d8-ff03d13e7bd4
TXN_1294,USR_024,2023-05-23,2323,Other Income,CREDIT,Completed,c9d19994-45a9-419c-953d-75543a5b6116
TXN_1295,USR_024,2023-06-05,2160,Transport,DEBIT,Completed,c9d19994-45a9-419c-953d-75543a5b6116
TXN_1296,USR_024,2023-04-23,444,Food,DEBIT,Completed,c9d19994-45a9-419c-953d-75543a5b6116
TXN_1297,USR_024,2023-06-09,1998,Food,DEBIT,Completed,c9d19994-45a9-419c-953d-75543a5b6116
TXN_1298,USR_024,2023-05-15,2234,Other Income,CREDIT,Completed,c9d19994-45a9-419c-953d-75543a5b6116
TXN_1299,USR_024,2023-06-24,426,Shopping,DEBIT,Completed,c9d19994-45a9-419c-953d-75543a5b6116
TXN_1300,USR_024,2023-04-28,7513,Rent,DEBIT,Completed,c9d19994-45a9-419c-953d-75543a5b6116
TXN_1301,USR_024,2023-05-29,1352,Food,DEBIT,Completed,c9d19994-45a9-419c-953d-75543a5b6116
TXN_1302,USR_024,2023-06-23,2202,Transport,DEBIT,Completed,c9d19994-45a9-419c-953d-75543a5b6116
TXN_1303,USR_024,2023-06-17,2419,Transport,DEBIT,Completed,c9d19994-45a9-419c-953d-75543a5b6116
TXN_1304,USR_025,2023-05-15,1119,Other Income,CREDIT,Completed,cce1acfb-9917-4b22-bdc9-ed720c263e9d
TXN_1305,USR_025,2023-04-21,2236,Transport,DEBIT,Completed,cce1acfb-9917-4b22-bdc9-ed720c263e9d
TXN_1306,USR_025,2023-05-08,34365,Salary,CREDIT,Completed,cce1acfb-9917-4b22-bdc9-ed720c263e9d
TXN_1307,USR_025,2023-04-14,3031,Other Income,CREDIT,Completed,cce1acfb-9917-4b22-bdc9-ed720c263e9d
TXN_1308,USR_025,2023-06-21,6720,Rent,DEBIT,Late,cce1acfb-9917-4b22-bdc9-ed720c263e9d
TXN_1309,USR_025,2023-04-08,3076,Savings,DEBIT,Completed,cce1acfb-9917-4b22-bdc9-ed720c263e9d
TXN_1310,USR_025,2023-04-11,2218,Transport,DEBIT,Completed,cce1acfb-9917-4b22-bdc9-ed720c263e9d
TXN_1311,USR_025,2023-06-04,1214,Shopping,DEBIT,Completed,cce1acfb-9917-4b22-bdc9-ed720c263e9d
TXN_1312,USR_025,2023-06-14,678,Other Income,CREDIT,Completed,cce1acfb-9917-4b22-bdc9-ed720c263e9d
TXN_1313,USR_025,2023-06-08,2241,Shopping,DEBIT,Completed,cce1acfb-9917-4b22-bdc9-ed720c263e9d
TXN_1314,USR_025,2023-04-20,2243,Food,DEBIT,Completed,cce1acfb-9917-4b22-bdc9-ed720c263e9d
TXN_1315,USR_025,2023-06-10,2447,Food,DEBIT,Completed,cce1acfb-9917-4b22-bdc9-ed720c263e9d
TXN_1316,USR_025,2023-05-07,1041,Transport,DEBIT,Completed,cce1acfb-9917-4b22-bdc9-ed720c263e9d
TXN_1317,USR_026,2023-06-12,1846,Transport,DEBIT,Completed,4cf6804f-8fc8-4edb-82c6-592d6d8899eb
TXN_1318,USR_026,2023-05-12,630,Utility Bill,DEBIT,Late,4cf6804f-8fc8-4edb-82c6-592d6d8899eb
TXN_1319,USR_026,2023-05-21,9225,Rent,DEBIT,Late,4cf6804f-8fc8-4edb-82c6-592d6d8899eb
TXN_1320,USR_026,2023-04-18,4057,Other Income,CREDIT,Completed,4cf6804f-8fc8-4edb-82c6-592d6d8899eb
TXN_1321,USR_026,2023-04-05,1424,Other Income,CREDIT,Completed,4cf6804f-8fc8-4edb-82c6-592d6d8899eb
TXN_1322,USR_026,2023-04-12,2259,Other Income,CREDIT,Completed,4cf6804f-8fc8-4edb-82c6-592d6d8899eb
TXN_1323,USR_026,2023-05-06,3876,Other Income,CREDIT,Completed,4cf6804f-8fc8-4edb-82c6-592d6d8899eb
TXN_1324,USR_026,2023-05-31,8400,Rent,DEBIT,Completed,4cf6804f-8fc8-4edb-82c6-592d6d8899eb
TXN_1325,USR_026,2023-04-11,2571,Savings,DEBIT,Completed,4cf6804f-8fc8-4edb-82c6-592d6d8899eb
TXN_1326,USR_026,2023-06-09,1647,Food,DEBIT,Completed,4cf6804f-8fc8-4edb-82c6-592d6d8899eb
TXN_1327,USR_026,2023-05-28,2196,Other Income,CREDIT,Completed,4cf6804f-8fc8-4edb-82c6-592d6d8899eb
TXN_1328,USR_026,2023-06-05,570,Shopping,DEBIT,Completed,4cf6804f-8fc8-4edb-82c6-592d6d8899eb
TXN_1329,USR_026,2023-06-27,1443,Transport,DEBIT,Completed,4cf6804f-8fc8-4edb-82c6-592d6d8899eb
TXN_1330,USR_027,2023-04-06,1656,Utility Bill,DEBIT,Completed,d302f085-de52-497b-ad4e-3914db11faf1
TXN_1331,USR_027,2023-04-07,2366,Food,DEBIT,Completed,d302f085-de52-497b-ad4e-3914db11faf1
TXN_1332,USR_027,2023-04-15,1690,Transport,DEBIT,Completed,d302f085-de52-497b-ad4e-3914db11faf1
TXN_1333,USR_027,2023-04-24,3542,Savings,DEBIT,Completed,d302f085-de52-497b-ad4e-3914db11faf1
TXN_1334,USR_027,2023-04-11,2283,Transport,DEBIT,Completed,d302f085-de52-497b-ad4e-3914db11faf1
TXN_1335,USR_027,2023-04-06,10956,Rent,DEBIT,Completed,d302f085-de52-497b-ad4e-3914db11faf1
TXN_1336,USR_027,2023-06-20,1160,Transport,DEBIT,Completed,d302f085-de52-497b-ad4e-3914db11faf1
TXN_1337,USR_027,2023-05-09,2344,Food,DEBIT,Completed,d302f085-de52-497b-ad4e-3914db11faf1
TXN_1338,USR_027,2023-04-18,43005,Salary,CREDIT,Completed,d302f085-de52-497b-ad4e-3914db11faf1
TXN_1339,USR_027,2023-04-08,4243,Other Income,CREDIT,Completed,d302f085-de52-497b-ad4e-3914db11faf1
TXN_1340,USR_027,2023-05-04,836,Shopping,DEBIT,Completed,d302f085-de52-497b-ad4e-3914db11faf1
TXN_1341,USR_027,2023-05-13,2383,Shopping,DEBIT,Completed,d302f085-de52-497b-ad4e-3914db11faf1
TXN_1342,USR_027,2023-05-31,1007,Shopping,DEBIT,Completed,d302f085-de52-497b-ad4e-3914db11faf1
TXN_1343,USR_027,2023-04-08,2604,Other Income,CREDIT,Completed,d302f085-de52-497b-ad4e-3914db11faf1
TXN_1344,USR_028,2023-06-17,1930,Shopping,DEBIT,Completed,a52c7ac9-620f-477d-b642-45cb522f7b6a
TXN_1345,USR_028,2023-05-19,1520,Transport,DEBIT,Completed,a52c7ac9-620f-477d-b642-45cb522f7b6a
TXN_1346,USR_028,2023-06-02,1785,Other Income,CREDIT,Completed,a52c7ac9-620f-477d-b642-45cb522f7b6a
TXN_1347,USR_028,2023-04-25,2389,Other Income,CREDIT,Completed,a52c7ac9-620f-477d-b642-45cb522f7b6a
TXN_1348,USR_028,2023-04-07,2563,Other Income,CREDIT,Completed,a52c7ac9-620f-477d-b642-45cb522f7b6a
TXN_1349,USR_028,2023-06-15,1912,Savings,DEBIT,Completed,a52c7ac9-620f-477d-b642-45cb522f7b6a
TXN_1350,USR_028,2023-06-10,4285,Other Income,CREDIT,Completed,a52c7ac9-620f-477d-b642-45cb522f7b6a
TXN_1351,USR_028,2023-05-11,4468,Savings,DEBIT,Completed,a52c7ac9-620f-477d-b642-45cb522f7b6a
TXN_1352,USR_028,2023-05-16,834,Shopping,DEBIT,Completed,a52c7ac9-620f-477d-b642-45cb522f7b6a
TXN_1353,USR_028,2023-06-15,1393,Utility Bill,DEBIT,Completed,a52c7ac9-620f-477d-b642-45cb522f7b6a
TXN_1354,USR_029,2023-04-22,1270,Food,DEBIT,Completed,6e7df317-67b8-4d47-8144-a2e24bf3bbbf
TXN_1355,USR_029,2023-05-12,3147,Savings,DEBIT,Completed,6e7df317-67b8-4d47-8144-a2e24bf3bbbf
TXN_1356,USR_029,2023-06-29,835,Food,DEBIT,Completed,6e7df317-67b8-4d47-8144-a2e24bf3bbbf
TXN_1357,USR_029,2023-04-25,2145,Utility Bill,DEBIT,Completed,6e7df317-67b8-4d47-8144-a2e24bf3bbbf
TXN_1358,USR_029,2023-05-23,2707,Savings,DEBIT,Completed,6e7df317-67b8-4d47-8144-a2e24bf3bbbf
TXN_1359,USR_029,2023-06-27,2037,Other Income,CREDIT,Completed,6e7df317-67b8-4d47-8144-a2e24bf3bbbf
TXN_1360,USR_029,2023-05-26,1528,Transport,DEBIT,Completed,6e7df317-67b8-4d47-8144-a2e24bf3bbbf
TXN_1361,USR_029,2023-05-06,2794,Transport,DEBIT,Completed,6e7df317-67b8-4d47-8144-a2e24bf3bbbf
TXN_1362,USR_029,2023-06-26,1924,Other Income,CREDIT,Completed,6e7df317-67b8-4d47-8144-a2e24bf3bbbf
TXN_1363,USR_029,2023-05-25,2289,Transport,DEBIT,Completed,6e7df317-67b8-4d47-8144-a2e24bf3bbbf
TXN_1364,USR_029,2023-05-20,2256,Transport,DEBIT,Completed,6e7df317-67b8-4d47-8144-a2e24bf3bbbf
TXN_1365,USR_030,2023-05-25,1831,Utility Bill,DEBIT,Completed,efa94892-8f3c-4c84-b4cd-6440446d5e3e
TXN_1366,USR_030,2023-06-16,7483,Rent,DEBIT,Completed,efa94892-8f3c-4c84-b4cd-6440446d5e3e
TXN_1367,USR_030,2023-05-27,2375,Transport,DEBIT,Completed,efa94892-8f3c-4c84-b4cd-6440446d5e3e
TXN_1368,USR_030,2023-04-14,2888,Shopping,DEBIT,Completed,efa94892-8f3c-4c84-b4cd-6440446d5e3e
TXN_1369,USR_030,2023-05-05,507,Utility Bill,DEBIT,Completed,efa94892-8f3c-4c84-b4cd-6440446d5e3e
TXN_1370,USR_030,2023-05-10,33433,Salary,CREDIT,Completed,efa94892-8f3c-4c84-b4cd-6440446d5e3e
TXN_1371,USR_030,2023-06-04,6430,Rent,DEBIT,Completed,efa94892-8f3c-4c84-b4cd-6440446d5e3e
TXN_1372,USR_030,2023-06-22,788,Shopping,DEBIT,Completed,efa94892-8f3c-4c84-b4cd-6440446d5e3e
TXN_1373,USR_030,2023-04-15,950,Food,DEBIT,Completed,efa94892-8f3c-4c84-b4cd-6440446d5e3e
TXN_1374,USR_030,2023-04-18,4532,Savings,DEBIT,Completed,efa94892-8f3c-4c84-b4cd-6440446d5e3e
TXN_1375,USR_030,2023-06-08,4025,Savings,DEBIT,Completed,efa94892-8f3c-4c84-b4cd-6440446d5e3e
TXN_1376,USR_030,2023-06-23,4706,Other Income,CREDIT,Completed,efa94892-8f3c-4c84-b4cd-6440446d5e3e
TXN_1377,USR_031,2023-05-01,889,Shopping,DEBIT,Completed,f43154e5-cd7b-4a6f-b9fd-26bce2512025
TXN_1378,USR_031,2023-04-13,197,Shopping,DEBIT,Completed,f43154e5-cd7b-4a6f-b9fd-26bce2512025
TXN_1379,USR_031,2023-04-04,11079,Rent,DEBIT,Completed,f43154e5-cd7b-4a6f-b9fd-26bce2512025
TXN_1380,USR_031,2023-05-10,4377,Savings,DEBIT,Completed,f43154e5-cd7b-4a6f-b9fd-26bce2512025
TXN_1381,USR_031,2023-04-30,643,Shopping,DEBIT,Completed,f43154e5-cd7b-4a6f-b9fd-26bce2512025
TXN_1382,USR_031,2023-05-19,1369,Utility Bill,DEBIT,Completed,f43154e5-cd7b-4a6f-b9fd-26bce2512025
TXN_1383,USR_031,2023-06-10,1105,Savings,DEBIT,Completed,f43154e5-cd7b-4a6f-b9fd-26bce2512025
TXN_1384,USR_031,2023-05-21,2496,Transport,DEBIT,Completed,f43154e5-cd7b-4a6f-b9fd-26bce2512025
TXN_1385,USR_031,2023-04-10,1655,Utility Bill,DEBIT,Late,f43154e5-cd7b-4a6f-b9fd-26bce2512025
TXN_1386,USR_031,2023-06-01,314,Shopping,DEBIT,Completed,f43154e5-cd7b-4a6f-b9fd-26bce2512025
TXN_1387,USR_031,2023-06-19,4987,Other Income,CREDIT,Completed,f43154e5-cd7b-4a6f-b9fd-26bce2512025
TXN_1388,USR_032,2023-05-11,10733,Rent,DEBIT,Completed,e3d551b9-9e0e-44c8-9529-f9291fe5db62
TXN_1389,USR_032,2023-04-11,672,Transport,DEBIT,Completed,e3d551b9-9e0e-44c8-9529-f9291fe5db62
TXN_1390,USR_032,2023-04-18,11787,Rent,DEBIT,Completed,e3d551b9-9e0e-44c8-9529-f9291fe5db62
TXN_1391,USR_032,2023-05-29,5632,Rent,DEBIT,Completed,e3d551b9-9e0e-44c8-9529-f9291fe5db62
TXN_1392,USR_032,2023-05-02,2973,Other Income,CREDIT,Completed,e3d551b9-9e0e-44c8-9529-f9291fe5db62
TXN_1393,USR_032,2023-05-22,2336,Savings,DEBIT,Completed,e3d551b9-9e0e-44c8-9529-f9291fe5db62
TXN_1394,USR_032,2023-05-29,1109,Transport,DEBIT,Completed,e3d551b9-9e0e-44c8-9529-f9291fe5db62
TXN_1395,USR_032,2023-06-03,402,Transport,DEBIT,Completed,e3d551b9-9e0e-44c8-9529-f9291fe5db62
TXN_1396,USR_032,2023-05-18,1921,Other Income,CREDIT,Completed,e3d551b9-9e0e-44c8-9529-f9291fe5db62
TXN_1397,USR_032,2023-06-12,1887,Savings,DEBIT,Completed,e3d551b9-9e0e-44c8-9529-f9291fe5db62
TXN_1398,USR_032,2023-04-18,1740,Other Income,CREDIT,Completed,e3d551b9-9e0e-44c8-9529-f9291fe5db62
TXN_1399,USR_032,2023-06-24,1999,Utility Bill,DEBIT,Completed,e3d551b9-9e0e-44c8-9529-f9291fe5db62
TXN_1400,USR_032,2023-05-02,8151,Rent,DEBIT,Completed,e3d551b9-9e0e-44c8-9529-f9291fe5db62
TXN_1401,USR_032,2023-06-30,4131,Savings,DEBIT,Completed,e3d551b9-9e0e-44c8-9529-f9291fe5db62
TXN_1402,USR_032,2023-04-21,10535,Rent,DEBIT,Completed,e3d551b9-9e0e-44c8-9529-f9291fe5db62
TXN_1403,USR_033,2023-05-07,4367,Savings,DEBIT,Completed,5080e5c3-fb5e-4acf-a114-b6794815ba2c
TXN_1404,USR_033,2023-04-14,1726,Savings,DEBIT,Completed,5080e5c3-fb5e-4acf-a114-b6794815ba2c
TXN_1405,USR_033,2023-05-23,1404,Transport,DEBIT,Completed,5080e5c3-fb5e-4acf-a114-b6794815ba2c
TXN_1406,USR_033,2023-05-08,2272,Savings,DEBIT,Completed,5080e5c3-fb5e-4acf-a114-b6794815ba2c
TXN_1407,USR_033,2023-06-16,2109,Food,DEBIT,Completed,5080e5c3-fb5e-4acf-a114-b6794815ba2c
TXN_1408,USR_033,2023-05-10,1309,Savings,DEBIT,Completed,5080e5c3-fb5e-4acf-a114-b6794815ba2c
TXN_1409,USR_033,2023-05-15,1861,Food,DEBIT,Completed,5080e5c3-fb5e-4acf-a114-b6794815ba2c
TXN_1410,USR_033,2023-06-16,499,Food,DEBIT,Completed,5080e5c3-fb5e-4acf-a114-b6794815ba2c
TXN_1411,USR_033,2023-04-26,2903,Salary,CREDIT,Completed,5080e5c3-fb5e-4acf-a114-b6794815ba2c
TXN_1412,USR_033,2023-05-19,1128,Salary,CREDIT,Completed,5080e5c3-fb5e-4acf-a114-b6794815ba2c
TXN_1413,USR_033,2023-06-11,2896,Food,DEBIT,Completed,5080e5c3-fb5e-4acf-a114-b6794815ba2c
TXN_1414,USR_033,2023-05-09,2090,Utility Bill,DEBIT,Late,5080e5c3-fb5e-4acf-a114-b6794815ba2c
TXN_1415,USR_034,2023-06-01,10443,Rent,DEBIT,Completed,6cf0ff36-af41-4b51-a867-32943ec2c433
TXN_1416,USR_034,2023-05-02,7107,Rent,DEBIT,Completed,6cf0ff36-af41-4b51-a867-32943ec2c433
TXN_1417,USR_034,2023-05-06,6129,Rent,DEBIT,Completed,6cf0ff36-af41-4b51-a867-32943ec2c433
TXN_1418,USR_034,2023-06-20,998,Other Income,CREDIT,Completed,6cf0ff36-af41-4b51-a867-32943ec2c433
TXN_1419,USR_034,2023-04-17,11574,Rent,DEBIT,Completed,6cf0ff36-af41-4b51-a867-32943ec2c433
TXN_1420,USR_034,2023-06-19,975,Other Income,CREDIT,Completed,6cf0ff36-af41-4b51-a867-32943ec2c433
TXN_1421,USR_034,2023-04-15,1426,Shopping,DEBIT,Completed,6cf0ff36-af41-4b51-a867-32943ec2c433
TXN_1422,USR_034,2023-06-29,1687,Food,DEBIT,Completed,6cf0ff36-af41-4b51-a867-32943ec2c433
TXN_1423,USR_034,2023-05-18,3466,Other Income,CREDIT,Completed,6cf0ff36-af41-4b51-a867-32943ec2c433
TXN_1424,USR_034,2023-05-26,968,Shopping,DEBIT,Completed,6cf0ff36-af41-4b51-a867-32943ec2c433
TXN_1425,USR_034,2023-05-04,5699,Rent,DEBIT,Completed,6cf0ff36-af41-4b51-a867-32943ec2c433
TXN_1426,USR_034,2023-04-19,1612,Food,DEBIT,Completed,6cf0ff36-af41-4b51-a867-32943ec2c433
TXN_1427,USR_034,2023-05-18,657,Shopping,DEBIT,Completed,6cf0ff36-af41-4b51-a867-32943ec2c433
TXN_1428,USR_034,2023-06-03,4866,Other Income,CREDIT,Completed,6cf0ff36-af41-4b51-a867-32943ec2c433
TXN_1429,USR_035,2023-05-03,1435,Utility Bill,DEBIT,Completed,a241332a-da69-45d0-b98c-257913f80364
TXN_1430,USR_035,2023-06-11,11424,Rent,DEBIT,Completed,a241332a-da69-45d0-b98c-257913f80364
TXN_1431,USR_035,2023-05-31,2822,Savings,DEBIT,Completed,a241332a-da69-45d0-b98c-257913f80364
TXN_1432,USR_035,2023-05-21,3558,Salary,CREDIT,Completed,a241332a-da69-45d0-b98c-257913f80364
TXN_1433,USR_035,2023-04-29,5702,Rent,DEBIT,Completed,a241332a-da69-45d0-b98c-257913f80364
TXN_1434,USR_035,2023-05-15,645,Transport,DEBIT,Completed,a241332a-da69-45d0-b98c-257913f80364
TXN_1435,USR_035,2023-06-15,2828,Shopping,DEBIT,Completed,a241332a-da69-45d0-b98c-257913f80364
TXN_1436,USR_035,2023-06-13,1042,Savings,DEBIT,Completed,a241332a-da69-45d0-b98c-257913f80364
TXN_1437,USR_035,2023-04-15,2519,Food,DEBIT,Completed,a241332a-da69-45d0-b98c-257913f80364
TXN_1438,USR_035,2023-04-08,2569,Salary,CREDIT,Completed,a241332a-da69-45d0-b98c-257913f80364
TXN_1439,USR_036,2023-04-15,1473,Transport,DEBIT,Completed,490b769b-2030-431d-9b81-8d21e84463c2
TXN_1440,USR_036,2023-06-25,4833,Savings,DEBIT,Completed,490b769b-2030-431d-9b81-8d21e84463c2
TXN_1441,USR_036,2023-06-08,1366,Transport,DEBIT,Completed,490b769b-2030-431d-9b81-8d21e84463c2
TXN_1442,USR_036,2023-06-16,5414,Rent,DEBIT,Completed,490b769b-2030-431d-9b81-8d21e84463c2
TXN_1443,USR_036,2023-05-20,2743,Savings,DEBIT,Completed,490b769b-2030-431d-9b81-8d21e84463c2
TXN_1444,USR_036,2023-06-18,2705,Food,DEBIT,Completed,490b769b-2030-431d-9b81-8d21e84463c2
TXN_1445,USR_036,2023-04-29,586,Utility Bill,DEBIT,Completed,490b769b-2030-431d-9b81-8d21e84463c2
TXN_1446,USR_036,2023-05-15,2175,Shopping,DEBIT,Completed,490b769b-2030-431d-9b81-8d21e84463c2
TXN_1447,USR_036,2023-04-27,8084,Rent,DEBIT,Completed,490b769b-2030-431d-9b81-8d21e84463c2
TXN_1448,USR_036,2023-06-27,204,Transport,DEBIT,Completed,490b769b-2030-431d-9b81-8d21e84463c2
TXN_1449,USR_036,2023-04-16,2082,Utility Bill,DEBIT,Completed,490b769b-2030-431d-9b81-8d21e84463c2
TXN_1450,USR_037,2023-05-23,848,Food,DEBIT,Completed,bcc2434d-8665-4ffe-94c1-6f54e21ab285
TXN_1451,USR_037,2023-06-02,1274,Utility Bill,DEBIT,Completed,bcc2434d-8665-4ffe-94c1-6f54e21ab285
TXN_1452,USR_037,2023-06-22,176,Shopping,DEBIT,Completed,bcc2434d-8665-4ffe-94c1-6f54e21ab285
TXN_1453,USR_037,2023-06-26,1913,Transport,DEBIT,Completed,bcc2434d-8665-4ffe-94c1-6f54e21ab285
TXN_1454,USR_037,2023-04-16,1009,Savings,DEBIT,Completed,bcc2434d-8665-4ffe-94c1-6f54e21ab285
TXN_1455,USR_037,2023-05-12,11104,Rent,DEBIT,Completed,bcc2434d-8665-4ffe-94c1-6f54e21ab285
TXN_1456,USR_037,2023-04-03,2242,Utility Bill,DEBIT,Completed,bcc2434d-8665-4ffe-94c1-6f54e21ab285
TXN_1457,USR_037,2023-06-23,35737,Salary,CREDIT,Completed,bcc2434d-8665-4ffe-94c1-6f54e21ab285
TXN_1458,USR_037,2023-05-30,1482,Transport,DEBIT,Completed,bcc2434d-8665-4ffe-94c1-6f54e21ab285
TXN_1459,USR_037,2023-04-26,618,Other Income,CREDIT,Completed,bcc2434d-8665-4ffe-94c1-6f54e21ab285
TXN_1460,USR_038,2023-04-14,2576,Transport,DEBIT,Completed,798e357c-72cb-4f4d-bf81-dc218614e548
TXN_1461,USR_038,2023-06-15,650,Food,DEBIT,Completed,798e357c-72cb-4f4d-bf81-dc218614e548
TXN_1462,USR_038,2023-06-02,654,Other Income,CREDIT,Completed,798e357c-72cb-4f4d-bf81-dc218614e548
TXN_1463,USR_038,2023-06-11,1844,Utility Bill,DEBIT,Completed,798e357c-72cb-4f4d-bf81-dc218614e548
TXN_1464,USR_038,2023-06-23,2117,Other Income,CREDIT,Completed,798e357c-72cb-4f4d-bf81-dc218614e548
TXN_1465,USR_038,2023-04-24,1041,Utility Bill,DEBIT,Late,798e357c-72cb-4f4d-bf81-dc218614e548
TXN_1466,USR_038,2023-06-14,1795,Transport,DEBIT,Completed,798e357c-72cb-4f4d-bf81-dc218614e548
TXN_1467,USR_038,2023-04-12,1273,Utility Bill,DEBIT,Late,798e357c-72cb-4f4d-bf81-dc218614e548
TXN_1468,USR_038,2023-04-02,596,Shopping,DEBIT,Completed,798e357c-72cb-4f4d-bf81-dc218614e548
TXN_1469,USR_038,2023-06-18,3026,Savings,DEBIT,Completed,798e357c-72cb-4f4d-bf81-dc218614e548
TXN_1470,USR_038,2023-04-24,1245,Transport,DEBIT,Completed,798e357c-72cb-4f4d-bf81-dc218614e548
TXN_1471,USR_038,2023-05-18,2782,Shopping,DEBIT,Completed,798e357c-72cb-4f4d-bf81-dc218614e548
TXN_1472,USR_038,2023-05-31,979,Transport,DEBIT,Completed,798e357c-72cb-4f4d-bf81-dc218614e548
TXN_1473,USR_039,2023-06-20,4859,Other Income,CREDIT,Completed,9ab33488-43aa-41f5-857c-ad48a68ff674
TXN_1474,USR_039,2023-06-11,2162,Food,DEBIT,Completed,9ab33488-43aa-41f5-857c-ad48a68ff674
TXN_1475,USR_039,2023-04-17,1511,Food,DEBIT,Completed,9ab33488-43aa-41f5-857c-ad48a68ff674
TXN_1476,USR_039,2023-06-10,2001,Shopping,DEBIT,Completed,9ab33488-43aa-41f5-857c-ad48a68ff674
TXN_1477,USR_039,2023-05-23,1926,Shopping,DEBIT,Completed,9ab33488-43aa-41f5-857c-ad48a68ff674
TXN_1478,USR_039,2023-04-22,1548,Transport,DEBIT,Completed,9ab33488-43aa-41f5-857c-ad48a68ff674
TXN_1479,USR_039,2023-04-28,1319,Savings,DEBIT,Completed,9ab33488-43aa-41f5-857c-ad48a68ff674
TXN_1480,USR_039,2023-05-05,1067,Food,DEBIT,Completed,9ab33488-43aa-41f5-857c-ad48a68ff674
TXN_1481,USR_039,2023-04-09,3566,Savings,DEBIT,Completed,9ab33488-43aa-41f5-857c-ad48a68ff674
TXN_1482,USR_039,2023-06-07,1321,Utility Bill,DEBIT,Completed,9ab33488-43aa-41f5-857c-ad48a68ff674
TXN_1483,USR_039,2023-04-11,657,Transport,DEBIT,Completed,9ab33488-43aa-41f5-857c-ad48a68ff674
TXN_1484,USR_039,2023-04-10,1059,Utility Bill,DEBIT,Completed,9ab33488-43aa-41f5-857c-ad48a68ff674
TXN_1485,USR_039,2023-04-20,2984,Savings,DEBIT,Completed,9ab33488-43aa-41f5-857c-ad48a68ff674
TXN_1486,USR_039,2023-06-21,12510,Salary,CREDIT,Completed,9ab33488-43aa-41f5-857c-ad48a68ff674
TXN_1487,USR_039,2023-05-19,8565,Rent,DEBIT,Completed,9ab33488-43aa-41f5-857c-ad48a68ff674
TXN_1488,USR_040,2023-05-05,1653,Transport,DEBIT,Completed,4e611a03-f83f-43df-9137-83ddae169a6d
TXN_1489,USR_040,2023-06-28,389,Transport,DEBIT,Completed,4e611a03-f83f-43df-9137-83ddae169a6d
TXN_1490,USR_040,2023-04-01,2944,Shopping,DEBIT,Completed,4e611a03-f83f-43df-9137-83ddae169a6d
TXN_1491,USR_040,2023-04-24,3346,Savings,DEBIT,Completed,4e611a03-f83f-43df-9137-83ddae169a6d
TXN_1492,USR_040,2023-04-11,54319,Salary,CREDIT,Completed,4e611a03-f83f-43df-9137-83ddae169a6d
TXN_1493,USR_040,2023-04-01,2352,Food,DEBIT,Completed,4e611a03-f83f-43df-9137-83ddae169a6d
TXN_1494,USR_040,2023-06-25,1494,Shopping,DEBIT,Completed,4e611a03-f83f-43df-9137-83ddae169a6d
TXN_1495,USR_040,2023-05-25,1787,Other Income,CREDIT,Completed,4e611a03-f83f-43df-9137-83ddae169a6d
TXN_1496,USR_040,2023-04-04,1750,Utility Bill,DEBIT,Late,4e611a03-f83f-43df-9137-83ddae169a6d
TXN_1497,USR_040,2023-06-16,4690,Savings,DEBIT,Completed,4e611a03-f83f-43df-9137-83ddae169a6d
TXN_1498,USR_040,2023-06-15,869,Shopping,DEBIT,Completed,4e611a03-f83f-43df-9137-83ddae169a6d
TXN_1499,USR_041,2023-05-17,1192,Utility Bill,DEBIT,Completed,c4640d43-74f1-489e-931a-fc3bf20a8d13
TXN_1500,USR_041,2023-05-14,581,Transport,DEBIT,Completed,c4640d43-74f1-489e-931a-fc3bf20a8d13
TXN_1501,USR_041,2023-04-13,4096,Savings,DEBIT,Completed,c4640d43-74f1-489e-931a-fc3bf20a8d13
TXN_1502,USR_041,2023-05-24,1827,Shopping,DEBIT,Completed,c4640d43-74f1-489e-931a-fc3bf20a8d13
TXN_1503,USR_041,2023-06-24,6730,Rent,DEBIT,Completed,c4640d43-74f1-489e-931a-fc3bf20a8d13
TXN_1504,USR_041,2023-05-15,1573,Other Income,CREDIT,Completed,c4640d43-74f1-489e-931a-fc3bf20a8d13
TXN_1505,USR_041,2023-04-23,1710,Other Income,CREDIT,Completed,c4640d43-74f1-489e-931a-fc3bf20a8d13
TXN_1506,USR_041,2023-06-16,4212,Other Income,CREDIT,Completed,c4640d43-74f1-489e-931a-fc3bf20a8d13
TXN_1507,USR_041,2023-04-22,2138,Transport,DEBIT,Completed,c4640d43-74f1-489e-931a-fc3bf20a8d13
TXN_1508,USR_041,2023-04-28,7498,Rent,DEBIT,Completed,c4640d43-74f1-489e-931a-fc3bf20a8d13
TXN_1509,USR_041,2023-04-11,2298,Savings,DEBIT,Completed,c4640d43-74f1-489e-931a-fc3bf20a8d13
TXN_1510,USR_041,2023-05-27,1333,Savings,DEBIT,Completed,c4640d43-74f1-489e-931a-fc3bf20a8d13
TXN_1511,USR_041,2023-05-20,3924,Savings,DEBIT,Completed,c4640d43-74f1-489e-931a-fc3bf20a8d13
TXN_1512,USR_041,2023-06-05,2532,Shopping,DEBIT,Completed,c4640d43-74f1-489e-931a-fc3bf20a8d13
TXN_1513,USR_042,2023-05-07,700,Shopping,DEBIT,Completed,a49192bc-2087-4dc5-a306-69f2690e98d5
TXN_1514,USR_042,2023-04-27,2430,Utility Bill,DEBIT,Completed,a49192bc-2087-4dc5-a306-69f2690e98d5
TXN_1515,USR_042,2023-05-19,2194,Utility Bill,DEBIT,Completed,a49192bc-2087-4dc5-a306-69f2690e98d5
TXN_1516,USR_042,2023-04-28,831,Shopping,DEBIT,Completed,a49192bc-2087-4dc5-a306-69f2690e98d5
TXN_1517,USR_042,2023-04-01,2093,Other Income,CREDIT,Completed,a49192bc-2087-4dc5-a306-69f2690e98d5
TXN_1518,USR_042,2023-04-14,4550,Savings,DEBIT,Completed,a49192bc-2087-4dc5-a306-69f2690e98d5
TXN_1519,USR_042,2023-04-19,585,Utility Bill,DEBIT,Completed,a49192bc-2087-4dc5-a306-69f2690e98d5
TXN_1520,USR_042,2023-06-30,2968,Shopping,DEBIT,Completed,a49192bc-2087-4dc5-a306-69f2690e98d5
TXN_1521,USR_042,2023-04-22,3431,Savings,DEBIT,Completed,a49192bc-2087-4dc5-a306-69f2690e98d5
TXN_1522,USR_042,2023-06-26,6752,Rent,DEBIT,Completed,a49192bc-2087-4dc5-a306-69f2690e98d5
TXN_1523,USR_042,2023-04-10,2529,Shopping,DEBIT,Completed,a49192bc-2087-4dc5-a306-69f2690e98d5
TXN_1524,USR_042,2023-04-07,6927,Rent,DEBIT,Completed,a49192bc-2087-4dc5-a306-69f2690e98d5
TXN_1525,USR_042,2023-05-18,4703,Savings,DEBIT,Completed,a49192bc-2087-4dc5-a306-69f2690e98d5
TXN_1526,USR_042,2023-04-24,10467,Rent,DEBIT,Completed,a49192bc-2087-4dc5-a306-69f2690e98d5
TXN_1527,USR_042,2023-05-13,935,Shopping,DEBIT,Completed,a49192bc-2087-4dc5-a306-69f2690e98d5
TXN_1528,USR_043,2023-05-27,1543,Shopping,DEBIT,Completed,26c2eee6-e126-49c8-b162-011640e1be45
TXN_1529,USR_043,2023-05-01,1565,Transport,DEBIT,Completed,26c2eee6-e126-49c8-b162-011640e1be45
TXN_1530,USR_043,2023-06-09,1842,Utility Bill,DEBIT,Completed,26c2eee6-e126-49c8-b162-011640e1be45
TXN_1531,USR_043,2023-04-20,1703,Food,DEBIT,Completed,26c2eee6-e126-49c8-b162-011640e1be45
TXN_1532,USR_043,2023-04-30,2751,Food,DEBIT,Completed,26c2eee6-e126-49c8-b162-011640e1be45
TXN_1533,USR_043,2023-06-30,984,Other Income,CREDIT,Completed,26c2eee6-e126-49c8-b162-011640e1be45
TXN_1534,USR_043,2023-04-21,3861,Other Income,CREDIT,Completed,26c2eee6-e126-49c8-b162-011640e1be45
TXN_1535,USR_043,2023-04-02,2214,Transport,DEBIT,Completed,26c2eee6-e126-49c8-b162-011640e1be45
TXN_1536,USR_043,2023-05-13,2113,Utility Bill,DEBIT,Late,26c2eee6-e126-49c8-b162-011640e1be45
TXN_1537,USR_043,2023-06-14,1433,Transport,DEBIT,Completed,26c2eee6-e126-49c8-b162-011640e1be45
TXN_1538,USR_043,2023-04-15,11240,Rent,DEBIT,Completed,26c2eee6-e126-49c8-b162-011640e1be45
TXN_1539,USR_043,2023-06-26,1635,Utility Bill,DEBIT,Completed,26c2eee6-e126-49c8-b162-011640e1be45
TXN_1540,USR_043,2023-06-30,2860,Transport,DEBIT,Completed,26c2eee6-e126-49c8-b162-011640e1be45
TXN_1541,USR_044,2023-05-31,4491,Salary,CREDIT,Completed,e8e98ec0-28df-417c-af4e-f5739e59e9bd
TXN_1542,USR_044,2023-04-21,2554,Transport,DEBIT,Completed,e8e98ec0-28df-417c-af4e-f5739e59e9bd
TXN_1543,USR_044,2023-05-25,250,Transport,DEBIT,Completed,e8e98ec0-28df-417c-af4e-f5739e59e9bd
TXN_1544,USR_044,2023-06-01,2668,Transport,DEBIT,Completed,e8e98ec0-28df-417c-af4e-f5739e59e9bd
TXN_1545,USR_044,2023-04-10,1588,Salary,CREDIT,Completed,e8e98ec0-28df-417c-af4e-f5739e59e9bd
TXN_1546,USR_044,2023-05-11,621,Utility Bill,DEBIT,Completed,e8e98ec0-28df-417c-af4e-f5739e59e9bd
TXN_1547,USR_044,2023-05-21,1149,Salary,CREDIT,Completed,e8e98ec0-28df-417c-af4e-f5739e59e9bd
TXN_1548,USR_044,2023-04-30,3570,Savings,DEBIT,Completed,e8e98ec0-28df-417c-af4e-f5739e59e9bd
TXN_1549,USR_044,2023-04-30,2126,Utility Bill,DEBIT,Completed,e8e98ec0-28df-417c-af4e-f5739e59e9bd
TXN_1550,USR_044,2023-06-28,1527,Food,DEBIT,Completed,e8e98ec0-28df-417c-af4e-f5739e59e9bd
TXN_1551,USR_044,2023-05-16,6982,Rent,DEBIT,Completed,e8e98ec0-28df-417c-af4e-f5739e59e9bd
TXN_1552,USR_044,2023-05-17,2270,Savings,DEBIT,Completed,e8e98ec0-28df-417c-af4e-f5739e59e9bd
TXN_1553,USR_044,2023-05-27,2238,Salary,CREDIT,Completed,e8e98ec0-28df-417c-af4e-f5739e59e9bd
TXN_1554,USR_044,2023-06-03,3618,Salary,CREDIT,Completed,e8e98ec0-28df-417c-af4e-f5739e59e9bd
TXN_1555,USR_044,2023-04-27,2803,Shopping,DEBIT,Completed,e8e98ec0-28df-417c-af4e-f5739e59e9bd
TXN_1556,USR_045,2023-04-18,1353,Other Income,CREDIT,Completed,14b1484d-7041-47b5-8a5b-c75b54b0eae1
TXN_1557,USR_045,2023-04-13,6803,Rent,DEBIT,Completed,14b1484d-7041-47b5-8a5b-c75b54b0eae1
TXN_1558,USR_045,2023-04-17,1415,Transport,DEBIT,Completed,14b1484d-7041-47b5-8a5b-c75b54b0eae1
TXN_1559,USR_045,2023-06-30,3176,Other Income,CREDIT,Completed,14b1484d-7041-47b5-8a5b-c75b54b0eae1
TXN_1560,USR_045,2023-05-26,1341,Shopping,DEBIT,Completed,14b1484d-7041-47b5-8a5b-c75b54b0eae1
TXN_1561,USR_045,2023-06-22,500,Shopping,DEBIT,Completed,14b1484d-7041-47b5-8a5b-c75b54b0eae1
TXN_1562,USR_045,2023-06-16,11046,Rent,DEBIT,Completed,14b1484d-7041-47b5-8a5b-c75b54b0eae1
TXN_1563,USR_045,2023-05-13,181,Food,DEBIT,Completed,14b1484d-7041-47b5-8a5b-c75b54b0eae1
TXN_1564,USR_045,2023-06-12,10078,Rent,DEBIT,Completed,14b1484d-7041-47b5-8a5b-c75b54b0eae1
TXN_1565,USR_045,2023-06-19,5056,Rent,DEBIT,Completed,14b1484d-7041-47b5-8a5b-c75b54b0eae1
TXN_1566,USR_046,2023-06-11,2318,Other Income,CREDIT,Completed,7494866c-d5c9-4b7d-ba1f-16ab07b7700e
TXN_1567,USR_046,2023-05-09,8762,Rent,DEBIT,Late,7494866c-d5c9-4b7d-ba1f-16ab07b7700e
TXN_1568,USR_046,2023-06-12,3496,Other Income,CREDIT,Completed,7494866c-d5c9-4b7d-ba1f-16ab07b7700e
TXN_1569,USR_046,2023-06-12,2770,Transport,DEBIT,Completed,7494866c-d5c9-4b7d-ba1f-16ab07b7700e
TXN_1570,USR_046,2023-04-21,961,Food,DEBIT,Completed,7494866c-d5c9-4b7d-ba1f-16ab07b7700e
TXN_1571,USR_046,2023-06-15,580,Utility Bill,DEBIT,Late,7494866c-d5c9-4b7d-ba1f-16ab07b7700e
TXN_1572,USR_046,2023-04-04,1081,Food,DEBIT,Completed,7494866c-d5c9-4b7d-ba1f-16ab07b7700e
TXN_1573,USR_046,2023-06-09,402,Food,DEBIT,Completed,7494866c-d5c9-4b7d-ba1f-16ab07b7700e
TXN_1574,USR_046,2023-06-16,4264,Other Income,CREDIT,Completed,7494866c-d5c9-4b7d-ba1f-16ab07b7700e
TXN_1575,USR_046,2023-05-30,290,Food,DEBIT,Completed,7494866c-d5c9-4b7d-ba1f-16ab07b7700e
TXN_1576,USR_047,2023-06-01,1454,Food,DEBIT,Completed,62f2e28c-02c8-4ff6-86e6-577c2c4a6e16
TXN_1577,USR_047,2023-04-10,1186,Utility Bill,DEBIT,Late,62f2e28c-02c8-4ff6-86e6-577c2c4a6e16
TXN_1578,USR_047,2023-04-19,483,Food,DEBIT,Completed,62f2e28c-02c8-4ff6-86e6-577c2c4a6e16
TXN_1579,USR_047,2023-05-10,3973,Other Income,CREDIT,Completed,62f2e28c-02c8-4ff6-86e6-577c2c4a6e16
TXN_1580,USR_047,2023-05-09,797,Food,DEBIT,Completed,62f2e28c-02c8-4ff6-86e6-577c2c4a6e16
TXN_1581,USR_047,2023-06-16,993,Food,DEBIT,Completed,62f2e28c-02c8-4ff6-86e6-577c2c4a6e16
TXN_1582,USR_047,2023-05-17,288,Shopping,DEBIT,Completed,62f2e28c-02c8-4ff6-86e6-577c2c4a6e16
TXN_1583,USR_047,2023-06-14,735,Food,DEBIT,Completed,62f2e28c-02c8-4ff6-86e6-577c2c4a6e16
TXN_1584,USR_047,2023-05-06,3466,Other Income,CREDIT,Completed,62f2e28c-02c8-4ff6-86e6-577c2c4a6e16
TXN_1585,USR_047,2023-04-26,9166,Rent,DEBIT,Completed,62f2e28c-02c8-4ff6-86e6-577c2c4a6e16
TXN_1586,USR_048,2023-05-06,1949,Other Income,CREDIT,Completed,41f1538d-abb7-45a4-bf5c-6cfeb21046e5
TXN_1587,USR_048,2023-06-01,685,Shopping,DEBIT,Completed,41f1538d-abb7-45a4-bf5c-6cfeb21046e5
TXN_1588,USR_048,2023-04-04,1590,Shopping,DEBIT,Completed,41f1538d-abb7-45a4-bf5c-6cfeb21046e5
TXN_1589,USR_048,2023-04-01,1982,Transport,DEBIT,Completed,41f1538d-abb7-45a4-bf5c-6cfeb21046e5
TXN_1590,USR_048,2023-05-01,850,Utility Bill,DEBIT,Completed,41f1538d-abb7-45a4-bf5c-6cfeb21046e5
TXN_1591,USR_048,2023-06-23,1291,Transport,DEBIT,Completed,41f1538d-abb7-45a4-bf5c-6cfeb21046e5
TXN_1592,USR_048,2023-05-31,386,Food,DEBIT,Completed,41f1538d-abb7-45a4-bf5c-6cfeb21046e5
TXN_1593,USR_048,2023-05-09,4088,Other Income,CREDIT,Completed,41f1538d-abb7-45a4-bf5c-6cfeb21046e5
TXN_1594,USR_048,2023-04-14,4349,Savings,DEBIT,Completed,41f1538d-abb7-45a4-bf5c-6cfeb21046e5
TXN_1595,USR_048,2023-05-10,1106,Other Income,CREDIT,Completed,41f1538d-abb7-45a4-bf5c-6cfeb21046e5
TXN_1596,USR_049,2023-04-01,5702,Rent,DEBIT,Completed,ceb18a46-3586-462c-810b-7f6583803dfe
TXN_1597,USR_049,2023-05-09,1191,Food,DEBIT,Completed,ceb18a46-3586-462c-810b-7f6583803dfe
TXN_1598,USR_049,2023-05-24,991,Transport,DEBIT,Completed,ceb18a46-3586-462c-810b-7f6583803dfe
TXN_1599,USR_049,2023-05-26,1990,Savings,DEBIT,Completed,ceb18a46-3586-462c-810b-7f6583803dfe
TXN_1600,USR_049,2023-05-16,11299,Rent,DEBIT,Completed,ceb18a46-3586-462c-810b-7f6583803dfe
TXN_1601,USR_049,2023-04-09,9366,Rent,DEBIT,Completed,ceb18a46-3586-462c-810b-7f6583803dfe
TXN_1602,USR_049,2023-04-13,9575,Rent,DEBIT,Completed,ceb18a46-3586-462c-810b-7f6583803dfe
TXN_1603,USR_049,2023-05-08,954,Utility Bill,DEBIT,Completed,ceb18a46-3586-462c-810b-7f6583803dfe
TXN_1604,USR_049,2023-05-26,1697,Savings,DEBIT,Completed,ceb18a46-3586-462c-810b-7f6583803dfe
TXN_1605,USR_049,2023-04-14,3941,Other Income,CREDIT,Completed,ceb18a46-3586-462c-810b-7f6583803dfe
TXN_1606,USR_049,2023-04-04,1750,Other Income,CREDIT,Completed,ceb18a46-3586-462c-810b-7f6583803dfe
TXN_1607,USR_049,2023-05-27,2206,Other Income,CREDIT,Completed,ceb18a46-3586-462c-810b-7f6583803dfe
TXN_1608,USR_050,2023-05-22,2938,Transport,DEBIT,Completed,4f2cc6f5-3894-49d2-9599-6e91a7c079b8
TXN_1609,USR_050,2023-04-12,1421,Shopping,DEBIT,Completed,4f2cc6f5-3894-49d2-9599-6e91a7c079b8
TXN_1610,USR_050,2023-06-06,1741,Transport,DEBIT,Completed,4f2cc6f5-3894-49d2-9599-6e91a7c079b8
TXN_1611,USR_050,2023-04-09,3144,Savings,DEBIT,Completed,4f2cc6f5-3894-49d2-9599-6e91a7c079b8
TXN_1612,USR_050,2023-04-18,954,Other Income,CREDIT,Completed,4f2cc6f5-3894-49d2-9599-6e91a7c079b8
TXN_1613,USR_050,2023-04-30,2062,Shopping,DEBIT,Completed,4f2cc6f5-3894-49d2-9599-6e91a7c079b8
TXN_1614,USR_050,2023-05-02,3785,Other Income,CREDIT,Completed,4f2cc6f5-3894-49d2-9599-6e91a7c079b8
TXN_1615,USR_050,2023-06-04,236,Food,DEBIT,Completed,4f2cc6f5-3894-49d2-9599-6e91a7c079b8
TXN_1616,USR_050,2023-04-07,5845,Rent,DEBIT,Completed,4f2cc6f5-3894-49d2-9599-6e91a7c079b8
TXN_1617,USR_050,2023-06-09,1015,Other Income,CREDIT,Completed,4f2cc6f5-3894-49d2-9599-6e91a7c079b8
TXN_1618,USR_050,2023-06-27,1975,Savings,DEBIT,Completed,4f2cc6f5-3894-49d2-9599-6e91a7c079b8
TXN_1619,USR_051,2023-05-24,825,Other Income,CREDIT,Completed,a10fc0af-ac36-4adb-aec6-1d8c64dd1922
TXN_1620,USR_051,2023-04-22,51017,Salary,CREDIT,Completed,a10fc0af-ac36-4adb-aec6-1d8c64dd1922
TXN_1621,USR_051,2023-06-04,2246,Food,DEBIT,Completed,a10fc0af-ac36-4adb-aec6-1d8c64dd1922
TXN_1622,USR_051,2023-05-05,1021,Savings,DEBIT,Completed,a10fc0af-ac36-4adb-aec6-1d8c64dd1922
TXN_1623,USR_051,2023-04-28,2016,Shopping,DEBIT,Completed,a10fc0af-ac36-4adb-aec6-1d8c64dd1922
TXN_1624,USR_051,2023-04-20,2925,Shopping,DEBIT,Completed,a10fc0af-ac36-4adb-aec6-1d8c64dd1922
TXN_1625,USR_051,2023-04-23,1716,Utility Bill,DEBIT,Completed,a10fc0af-ac36-4adb-aec6-1d8c64dd1922
TXN_1626,USR_051,2023-06-11,2202,Shopping,DEBIT,Completed,a10fc0af-ac36-4adb-aec6-1d8c64dd1922
TXN_1627,USR_051,2023-04-16,4871,Savings,DEBIT,Completed,a10fc0af-ac36-4adb-aec6-1d8c64dd1922
TXN_1628,USR_051,2023-05-18,462,Food,DEBIT,Completed,a10fc0af-ac36-4adb-aec6-1d8c64dd1922
TXN_1629,USR_051,2023-05-18,5865,Rent,DEBIT,Completed,a10fc0af-ac36-4adb-aec6-1d8c64dd1922
TXN_1630,USR_052,2023-05-30,373,Food,DEBIT,Completed,7f1adccb-5564-4b96-a916-740d572966c5
TXN_1631,USR_052,2023-06-25,1737,Transport,DEBIT,Completed,7f1adccb-5564-4b96-a916-740d572966c5
TXN_1632,USR_052,2023-05-13,346,Transport,DEBIT,Completed,7f1adccb-5564-4b96-a916-740d572966c5
TXN_1633,USR_052,2023-04-08,2561,Transport,DEBIT,Completed,7f1adccb-5564-4b96-a916-740d572966c5
TXN_1634,USR_052,2023-04-09,3705,Other Income,CREDIT,Completed,7f1adccb-5564-4b96-a916-740d572966c5
TXN_1635,USR_052,2023-04-13,2759,Food,DEBIT,Completed,7f1adccb-5564-4b96-a916-740d572966c5
TXN_1636,USR_052,2023-05-22,2133,Transport,DEBIT,Completed,7f1adccb-5564-4b96-a916-740d572966c5
TXN_1637,USR_052,2023-06-19,4050,Savings,DEBIT,Completed,7f1adccb-5564-4b96-a916-740d572966c5
TXN_1638,USR_052,2023-04-25,2626,Food,DEBIT,Completed,7f1adccb-5564-4b96-a916-740d572966c5
TXN_1639,USR_052,2023-04-28,1333,Other Income,CREDIT,Completed,7f1adccb-5564-4b96-a916-740d572966c5
TXN_1640,USR_052,2023-04-04,1698,Utility Bill,DEBIT,Completed,7f1adccb-5564-4b96-a916-740d572966c5
TXN_1641,USR_052,2023-05-09,3748,Other Income,CREDIT,Completed,7f1adccb-5564-4b96-a916-740d572966c5
TXN_1642,USR_052,2023-06-18,1060,Utility Bill,DEBIT,Completed,7f1adccb-5564-4b96-a916-740d572966c5
TXN_1643,USR_052,2023-06-15,973,Utility Bill,DEBIT,Completed,7f1adccb-5564-4b96-a916-740d572966c5
TXN_1644,USR_053,2023-06-23,8482,Rent,DEBIT,Completed,1bd860e6-9758-4081-a215-a051ddbb8c19
TXN_1645,USR_053,2023-06-24,7413,Rent,DEBIT,Completed,1bd860e6-9758-4081-a215-a051ddbb8c19
TXN_1646,USR_053,2023-05-12,2833,Transport,DEBIT,Completed,1bd860e6-9758-4081-a215-a051ddbb8c19
TXN_1647,USR_053,2023-06-24,382,Transport,DEBIT,Completed,1bd860e6-9758-4081-a215-a051ddbb8c19
TXN_1648,USR_053,2023-06-04,280,Food,DEBIT,Completed,1bd860e6-9758-4081-a215-a051ddbb8c19
TXN_1649,USR_053,2023-05-27,1868,Utility Bill,DEBIT,Completed,1bd860e6-9758-4081-a215-a051ddbb8c19
TXN_1650,USR_053,2023-06-10,1725,Utility Bill,DEBIT,Completed,1bd860e6-9758-4081-a215-a051ddbb8c19
TXN_1651,USR_053,2023-04-27,2589,Transport,DEBIT,Completed,1bd860e6-9758-4081-a215-a051ddbb8c19
TXN_1652,USR_053,2023-04-09,757,Shopping,DEBIT,Completed,1bd860e6-9758-4081-a215-a051ddbb8c19
TXN_1653,USR_053,2023-04-21,2796,Transport,DEBIT,Completed,1bd860e6-9758-4081-a215-a051ddbb8c19
TXN_1654,USR_053,2023-05-14,4968,Other Income,CREDIT,Completed,1bd860e6-9758-4081-a215-a051ddbb8c19
TXN_1655,USR_053,2023-06-28,1839,Food,DEBIT,Completed,1bd860e6-9758-4081-a215-a051ddbb8c19
TXN_1656,USR_053,2023-06-21,1584,Shopping,DEBIT,Completed,1bd860e6-9758-4081-a215-a051ddbb8c19
TXN_1657,USR_053,2023-04-06,953,Other Income,CREDIT,Completed,1bd860e6-9758-4081-a215-a051ddbb8c19
TXN_1658,USR_053,2023-06-10,753,Utility Bill,DEBIT,Completed,1bd860e6-9758-4081-a215-a051ddbb8c19
TXN_1659,USR_054,2023-04-11,7752,Rent,DEBIT,Late,a8c9e833-3c31-4868-879c-ded1e555025f
TXN_1660,USR_054,2023-04-25,44577,Salary,CREDIT,Completed,a8c9e833-3c31-4868-879c-ded1e555025f
TXN_1661,USR_054,2023-06-07,556,Shopping,DEBIT,Completed,a8c9e833-3c31-4868-879c-ded1e555025f
TXN_1662,USR_054,2023-04-02,1487,Savings,DEBIT,Completed,a8c9e833-3c31-4868-879c-ded1e555025f
TXN_1663,USR_054,2023-06-18,775,Shopping,DEBIT,Completed,a8c9e833-3c31-4868-879c-ded1e555025f
TXN_1664,USR_054,2023-05-30,4907,Savings,DEBIT,Completed,a8c9e833-3c31-4868-879c-ded1e555025f
TXN_1665,USR_054,2023-04-16,2093,Other Income,CREDIT,Completed,a8c9e833-3c31-4868-879c-ded1e555025f
TXN_1666,USR_054,2023-06-01,44577,Salary,CREDIT,Completed,a8c9e833-3c31-4868-879c-ded1e555025f
TXN_1667,USR_054,2023-04-17,1836,Shopping,DEBIT,Completed,a8c9e833-3c31-4868-879c-ded1e555025f
TXN_1668,USR_054,2023-05-18,1659,Shopping,DEBIT,Completed,a8c9e833-3c31-4868-879c-ded1e555025f
TXN_1669,USR_054,2023-05-10,966,Food,DEBIT,Completed,a8c9e833-3c31-4868-879c-ded1e555025f
TXN_1670,USR_054,2023-05-19,10954,Rent,DEBIT,Late,a8c9e833-3c31-4868-879c-ded1e555025f
TXN_1671,USR_055,2023-05-11,4679,Salary,CREDIT,Completed,943c2769-3a10-47a8-b041-da3326b52685
TXN_1672,USR_055,2023-04-15,795,Salary,CREDIT,Completed,943c2769-3a10-47a8-b041-da3326b52685
TXN_1673,USR_055,2023-05-04,964,Food,DEBIT,Completed,943c2769-3a10-47a8-b041-da3326b52685
TXN_1674,USR_055,2023-05-05,829,Salary,CREDIT,Completed,943c2769-3a10-47a8-b041-da3326b52685
TXN_1675,USR_055,2023-06-01,2762,Food,DEBIT,Completed,943c2769-3a10-47a8-b041-da3326b52685
TXN_1676,USR_055,2023-06-12,2214,Shopping,DEBIT,Completed,943c2769-3a10-47a8-b041-da3326b52685
TXN_1677,USR_055,2023-06-29,1160,Salary,CREDIT,Completed,943c2769-3a10-47a8-b041-da3326b52685
TXN_1678,USR_055,2023-04-18,5731,Rent,DEBIT,Completed,943c2769-3a10-47a8-b041-da3326b52685
TXN_1679,USR_055,2023-06-28,987,Utility Bill,DEBIT,Completed,943c2769-3a10-47a8-b041-da3326b52685
TXN_1680,USR_055,2023-06-28,2253,Salary,CREDIT,Completed,943c2769-3a10-47a8-b041-da3326b52685
TXN_1681,USR_055,2023-04-24,2728,Salary,CREDIT,Completed,943c2769-3a10-47a8-b041-da3326b52685
TXN_1682,USR_055,2023-04-30,854,Salary,CREDIT,Completed,943c2769-3a10-47a8-b041-da3326b52685
TXN_1683,USR_055,2023-04-17,1105,Transport,DEBIT,Completed,943c2769-3a10-47a8-b041-da3326b52685
TXN_1684,USR_055,2023-04-14,218,Transport,DEBIT,Completed,943c2769-3a10-47a8-b041-da3326b52685
TXN_1685,USR_056,2023-04-07,5399,Rent,DEBIT,Completed,9cf2f9a1-23ce-4035-b3b1-97d6b0229f36
TXN_1686,USR_056,2023-05-30,2463,Salary,CREDIT,Completed,9cf2f9a1-23ce-4035-b3b1-97d6b0229f36
TXN_1687,USR_056,2023-04-17,3078,Salary,CREDIT,Completed,9cf2f9a1-23ce-4035-b3b1-97d6b0229f36
TXN_1688,USR_056,2023-04-05,1721,Utility Bill,DEBIT,Completed,9cf2f9a1-23ce-4035-b3b1-97d6b0229f36
TXN_1689,USR_056,2023-06-18,105,Food,DEBIT,Completed,9cf2f9a1-23ce-4035-b3b1-97d6b0229f36
TXN_1690,USR_056,2023-04-26,1397,Transport,DEBIT,Completed,9cf2f9a1-23ce-4035-b3b1-97d6b0229f36
TXN_1691,USR_056,2023-05-04,1898,Food,DEBIT,Completed,9cf2f9a1-23ce-4035-b3b1-97d6b0229f36
TXN_1692,USR_056,2023-04-16,4910,Salary,CREDIT,Completed,9cf2f9a1-23ce-4035-b3b1-97d6b0229f36
TXN_1693,USR_056,2023-06-08,8265,Rent,DEBIT,Completed,9cf2f9a1-23ce-4035-b3b1-97d6b0229f36
TXN_1694,USR_056,2023-06-28,3314,Salary,CREDIT,Completed,9cf2f9a1-23ce-4035-b3b1-97d6b0229f36
TXN_1695,USR_056,2023-05-09,4778,Savings,DEBIT,Completed,9cf2f9a1-23ce-4035-b3b1-97d6b0229f36
TXN_1696,USR_056,2023-05-15,2266,Utility Bill,DEBIT,Completed,9cf2f9a1-23ce-4035-b3b1-97d6b0229f36
TXN_1697,USR_056,2023-05-21,1915,Utility Bill,DEBIT,Completed,9cf2f9a1-23ce-4035-b3b1-97d6b0229f36
TXN_1698,USR_056,2023-04-30,1198,Salary,CREDIT,Completed,9cf2f9a1-23ce-4035-b3b1-97d6b0229f36
TXN_1699,USR_057,2023-06-22,2275,Savings,DEBIT,Completed,fb69b9d3-01e5-412b-91eb-f61c8f52dda3
TXN_1700,USR_057,2023-06-07,2894,Other Income,CREDIT,Completed,fb69b9d3-01e5-412b-91eb-f61c8f52dda3
TXN_1701,USR_057,2023-05-22,1404,Savings,DEBIT,Completed,fb69b9d3-01e5-412b-91eb-f61c8f52dda3
TXN_1702,USR_057,2023-05-25,2874,Food,DEBIT,Completed,fb69b9d3-01e5-412b-91eb-f61c8f52dda3
TXN_1703,USR_057,2023-06-30,1152,Savings,DEBIT,Completed,fb69b9d3-01e5-412b-91eb-f61c8f52dda3
TXN_1704,USR_057,2023-04-27,3118,Other Income,CREDIT,Completed,fb69b9d3-01e5-412b-91eb-f61c8f52dda3
TXN_1705,USR_057,2023-05-18,2134,Utility Bill,DEBIT,Late,fb69b9d3-01e5-412b-91eb-f61c8f52dda3
TXN_1706,USR_057,2023-05-07,8714,Rent,DEBIT,Completed,fb69b9d3-01e5-412b-91eb-f61c8f52dda3
TXN_1707,USR_057,2023-06-22,210,Food,DEBIT,Completed,fb69b9d3-01e5-412b-91eb-f61c8f52dda3
TXN_1708,USR_057,2023-05-03,5602,Rent,DEBIT,Late,fb69b9d3-01e5-412b-91eb-f61c8f52dda3
TXN_1709,USR_057,2023-04-12,4028,Other Income,CREDIT,Completed,fb69b9d3-01e5-412b-91eb-f61c8f52dda3
TXN_1710,USR_057,2023-06-08,2407,Transport,DEBIT,Completed,fb69b9d3-01e5-412b-91eb-f61c8f52dda3
TXN_1711,USR_057,2023-05-03,2981,Transport,DEBIT,Completed,fb69b9d3-01e5-412b-91eb-f61c8f52dda3
TXN_1712,USR_058,2023-04-19,1992,Utility Bill,DEBIT,Completed,bf2241d9-ba54-4a2a-9d64-7fdfa341d110
TXN_1713,USR_058,2023-06-17,3365,Savings,DEBIT,Completed,bf2241d9-ba54-4a2a-9d64-7fdfa341d110
TXN_1714,USR_058,2023-05-25,3448,Savings,DEBIT,Completed,bf2241d9-ba54-4a2a-9d64-7fdfa341d110
TXN_1715,USR_058,2023-05-23,2293,Savings,DEBIT,Completed,bf2241d9-ba54-4a2a-9d64-7fdfa341d110
TXN_1716,USR_058,2023-04-29,9240,Rent,DEBIT,Completed,bf2241d9-ba54-4a2a-9d64-7fdfa341d110
TXN_1717,USR_058,2023-05-15,2593,Other Income,CREDIT,Completed,bf2241d9-ba54-4a2a-9d64-7fdfa341d110
TXN_1718,USR_058,2023-04-17,1200,Transport,DEBIT,Completed,bf2241d9-ba54-4a2a-9d64-7fdfa341d110
TXN_1719,USR_058,2023-04-27,11966,Rent,DEBIT,Completed,bf2241d9-ba54-4a2a-9d64-7fdfa341d110
TXN_1720,USR_058,2023-06-18,2022,Other Income,CREDIT,Completed,bf2241d9-ba54-4a2a-9d64-7fdfa341d110
TXN_1721,USR_058,2023-04-18,1406,Food,DEBIT,Completed,bf2241d9-ba54-4a2a-9d64-7fdfa341d110
TXN_1722,USR_058,2023-06-14,746,Food,DEBIT,Completed,bf2241d9-ba54-4a2a-9d64-7fdfa341d110
TXN_1723,USR_058,2023-04-09,2264,Shopping,DEBIT,Completed,bf2241d9-ba54-4a2a-9d64-7fdfa341d110
TXN_1724,USR_058,2023-06-27,2341,Transport,DEBIT,Completed,bf2241d9-ba54-4a2a-9d64-7fdfa341d110
TXN_1725,USR_058,2023-04-10,1664,Savings,DEBIT,Completed,bf2241d9-ba54-4a2a-9d64-7fdfa341d110
TXN_1726,USR_058,2023-06-28,2772,Shopping,DEBIT,Completed,bf2241d9-ba54-4a2a-9d64-7fdfa341d110
TXN_1727,USR_059,2023-06-03,2461,Shopping,DEBIT,Completed,0abc206f-91aa-469a-a76c-2fbb1445e491
TXN_1728,USR_059,2023-05-14,1817,Food,DEBIT,Completed,0abc206f-91aa-469a-a76c-2fbb1445e491
TXN_1729,USR_059,2023-04-10,4693,Savings,DEBIT,Completed,0abc206f-91aa-469a-a76c-2fbb1445e491
TXN_1730,USR_059,2023-05-09,812,Transport,DEBIT,Completed,0abc206f-91aa-469a-a76c-2fbb1445e491
TXN_1731,USR_059,2023-05-04,1120,Utility Bill,DEBIT,Completed,0abc206f-91aa-469a-a76c-2fbb1445e491
TXN_1732,USR_059,2023-06-13,1124,Shopping,DEBIT,Completed,0abc206f-91aa-469a-a76c-2fbb1445e491
TXN_1733,USR_059,2023-04-02,2058,Other Income,CREDIT,Completed,0abc206f-91aa-469a-a76c-2fbb1445e491
TXN_1734,USR_059,2023-04-06,10622,Rent,DEBIT,Completed,0abc206f-91aa-469a-a76c-2fbb1445e491
TXN_1735,USR_059,2023-06-19,345,Food,DEBIT,Completed,0abc206f-91aa-469a-a76c-2fbb1445e491
TXN_1736,USR_059,2023-06-02,5269,Rent,DEBIT,Completed,0abc206f-91aa-469a-a76c-2fbb1445e491
TXN_1737,USR_059,2023-05-09,2012,Other Income,CREDIT,Completed,0abc206f-91aa-469a-a76c-2fbb1445e491
TXN_1738,USR_059,2023-04-28,1835,Shopping,DEBIT,Completed,0abc206f-91aa-469a-a76c-2fbb1445e491
TXN_1739,USR_059,2023-04-01,2346,Shopping,DEBIT,Completed,0abc206f-91aa-469a-a76c-2fbb1445e491
TXN_1740,USR_059,2023-05-31,6648,Rent,DEBIT,Completed,0abc206f-91aa-469a-a76c-2fbb1445e491
TXN_1741,USR_059,2023-06-13,11265,Rent,DEBIT,Completed,0abc206f-91aa-469a-a76c-2fbb1445e491
TXN_1742,USR_060,2023-05-09,1967,Utility Bill,DEBIT,Completed,3c78f6a7-38ed-4155-8d67-b561a4d87597
TXN_1743,USR_060,2023-04-24,1931,Savings,DEBIT,Completed,3c78f6a7-38ed-4155-8d67-b561a4d87597
TXN_1744,USR_060,2023-06-14,377,Transport,DEBIT,Completed,3c78f6a7-38ed-4155-8d67-b561a4d87597
TXN_1745,USR_060,2023-05-04,467,Food,DEBIT,Completed,3c78f6a7-38ed-4155-8d67-b561a4d87597
TXN_1746,USR_060,2023-05-30,1861,Food,DEBIT,Completed,3c78f6a7-38ed-4155-8d67-b561a4d87597
TXN_1747,USR_060,2023-06-25,1948,Savings,DEBIT,Completed,3c78f6a7-38ed-4155-8d67-b561a4d87597
TXN_1748,USR_060,2023-05-27,1104,Food,DEBIT,Completed,3c78f6a7-38ed-4155-8d67-b561a4d87597
TXN_1749,USR_060,2023-06-13,5689,Rent,DEBIT,Completed,3c78f6a7-38ed-4155-8d67-b561a4d87597
TXN_1750,USR_060,2023-05-03,1084,Food,DEBIT,Completed,3c78f6a7-38ed-4155-8d67-b561a4d87597
TXN_1751,USR_060,2023-04-22,2077,Utility Bill,DEBIT,Completed,3c78f6a7-38ed-4155-8d67-b561a4d87597
TXN_1752,USR_060,2023-05-17,1368,Transport,DEBIT,Completed,3c78f6a7-38ed-4155-8d67-b561a4d87597
TXN_1753,USR_060,2023-04-17,1644,Other Income,CREDIT,Completed,3c78f6a7-38ed-4155-8d67-b561a4d87597
TXN_1754,USR_060,2023-05-18,1716,Utility Bill,DEBIT,Completed,3c78f6a7-38ed-4155-8d67-b561a4d87597
TXN_1755,USR_060,2023-06-12,5966,Rent,DEBIT,Completed,3c78f6a7-38ed-4155-8d67-b561a4d87597
TXN_1756,USR_060,2023-04-29,3059,Savings,DEBIT,Completed,3c78f6a7-38ed-4155-8d67-b561a4d87597
TXN_1757,USR_061,2023-05-02,2728,Food,DEBIT,Completed,0b26f708-c213-4dc2-a6d9-7f76be150d86
TXN_1758,USR_061,2023-05-10,1578,Transport,DEBIT,Completed,0b26f708-c213-4dc2-a6d9-7f76be150d86
TXN_1759,USR_061,2023-06-06,2421,Salary,CREDIT,Completed,0b26f708-c213-4dc2-a6d9-7f76be150d86
TXN_1760,USR_061,2023-05-08,2136,Utility Bill,DEBIT,Completed,0b26f708-c213-4dc2-a6d9-7f76be150d86
TXN_1761,USR_061,2023-04-10,8835,Rent,DEBIT,Completed,0b26f708-c213-4dc2-a6d9-7f76be150d86
TXN_1762,USR_061,2023-06-09,2733,Transport,DEBIT,Completed,0b26f708-c213-4dc2-a6d9-7f76be150d86
TXN_1763,USR_061,2023-06-12,2190,Food,DEBIT,Completed,0b26f708-c213-4dc2-a6d9-7f76be150d86
TXN_1764,USR_061,2023-04-24,124,Food,DEBIT,Completed,0b26f708-c213-4dc2-a6d9-7f76be150d86
TXN_1765,USR_061,2023-06-26,1607,Utility Bill,DEBIT,Completed,0b26f708-c213-4dc2-a6d9-7f76be150d86
TXN_1766,USR_061,2023-04-30,3446,Salary,CREDIT,Completed,0b26f708-c213-4dc2-a6d9-7f76be150d86
TXN_1767,USR_061,2023-06-16,1408,Shopping,DEBIT,Completed,0b26f708-c213-4dc2-a6d9-7f76be150d86
TXN_1768,USR_061,2023-05-30,8394,Rent,DEBIT,Completed,0b26f708-c213-4dc2-a6d9-7f76be150d86
TXN_1769,USR_061,2023-06-23,4332,Salary,CREDIT,Completed,0b26f708-c213-4dc2-a6d9-7f76be150d86
TXN_1770,USR_061,2023-05-07,2155,Transport,DEBIT,Completed,0b26f708-c213-4dc2-a6d9-7f76be150d86
TXN_1771,USR_061,2023-05-18,229,Food,DEBIT,Completed,0b26f708-c213-4dc2-a6d9-7f76be150d86
TXN_1772,USR_062,2023-04-27,1202,Shopping,DEBIT,Completed,e75081ed-8eab-458c-81e4-46659e9ca569
TXN_1773,USR_062,2023-05-02,247,Transport,DEBIT,Completed,e75081ed-8eab-458c-81e4-46659e9ca569
TXN_1774,USR_062,2023-04-05,1021,Other Income,CREDIT,Completed,e75081ed-8eab-458c-81e4-46659e9ca569
TXN_1775,USR_062,2023-05-27,8370,Rent,DEBIT,Completed,e75081ed-8eab-458c-81e4-46659e9ca569
TXN_1776,USR_062,2023-06-07,1605,Food,DEBIT,Completed,e75081ed-8eab-458c-81e4-46659e9ca569
TXN_1777,USR_062,2023-04-25,1214,Food,DEBIT,Completed,e75081ed-8eab-458c-81e4-46659e9ca569
TXN_1778,USR_062,2023-06-28,2165,Utility Bill,DEBIT,Completed,e75081ed-8eab-458c-81e4-46659e9ca569
TXN_1779,USR_062,2023-06-04,1810,Transport,DEBIT,Completed,e75081ed-8eab-458c-81e4-46659e9ca569
TXN_1780,USR_062,2023-06-29,4759,Other Income,CREDIT,Completed,e75081ed-8eab-458c-81e4-46659e9ca569
TXN_1781,USR_062,2023-06-05,2232,Other Income,CREDIT,Completed,e75081ed-8eab-458c-81e4-46659e9ca569
TXN_1782,USR_062,2023-04-22,403,Food,DEBIT,Completed,e75081ed-8eab-458c-81e4-46659e9ca569
TXN_1783,USR_063,2023-05-24,2217,Savings,DEBIT,Completed,560dfa5d-74d6-4337-956e-4aa9fc5965ce
TXN_1784,USR_063,2023-05-06,2815,Other Income,CREDIT,Completed,560dfa5d-74d6-4337-956e-4aa9fc5965ce
TXN_1785,USR_063,2023-04-25,855,Food,DEBIT,Completed,560dfa5d-74d6-4337-956e-4aa9fc5965ce
TXN_1786,USR_063,2023-04-24,472,Transport,DEBIT,Completed,560dfa5d-74d6-4337-956e-4aa9fc5965ce
TXN_1787,USR_063,2023-05-10,647,Utility Bill,DEBIT,Completed,560dfa5d-74d6-4337-956e-4aa9fc5965ce
TXN_1788,USR_063,2023-04-01,1511,Savings,DEBIT,Completed,560dfa5d-74d6-4337-956e-4aa9fc5965ce
TXN_1789,USR_063,2023-05-31,722,Utility Bill,DEBIT,Completed,560dfa5d-74d6-4337-956e-4aa9fc5965ce
TXN_1790,USR_063,2023-06-10,520,Shopping,DEBIT,Completed,560dfa5d-74d6-4337-956e-4aa9fc5965ce
TXN_1791,USR_063,2023-04-17,2988,Shopping,DEBIT,Completed,560dfa5d-74d6-4337-956e-4aa9fc5965ce
TXN_1792,USR_063,2023-05-16,1800,Savings,DEBIT,Completed,560dfa5d-74d6-4337-956e-4aa9fc5965ce
TXN_1793,USR_063,2023-05-02,11651,Rent,DEBIT,Completed,560dfa5d-74d6-4337-956e-4aa9fc5965ce
TXN_1794,USR_063,2023-06-04,1956,Transport,DEBIT,Completed,560dfa5d-74d6-4337-956e-4aa9fc5965ce
TXN_1795,USR_063,2023-05-22,2660,Savings,DEBIT,Completed,560dfa5d-74d6-4337-956e-4aa9fc5965ce
TXN_1796,USR_063,2023-04-27,3314,Other Income,CREDIT,Completed,560dfa5d-74d6-4337-956e-4aa9fc5965ce
TXN_1797,USR_064,2023-04-16,1627,Transport,DEBIT,Completed,12e56dfa-6e89-4891-8949-ddcaef51b06b
TXN_1798,USR_064,2023-06-21,2086,Utility Bill,DEBIT,Completed,12e56dfa-6e89-4891-8949-ddcaef51b06b
TXN_1799,USR_064,2023-04-12,3124,Savings,DEBIT,Completed,12e56dfa-6e89-4891-8949-ddcaef51b06b
TXN_1800,USR_064,2023-06-15,8523,Rent,DEBIT,Completed,12e56dfa-6e89-4891-8949-ddcaef51b06b
TXN_1801,USR_064,2023-05-20,4637,Other Income,CREDIT,Completed,12e56dfa-6e89-4891-8949-ddcaef51b06b
TXN_1802,USR_064,2023-05-26,122,Shopping,DEBIT,Completed,12e56dfa-6e89-4891-8949-ddcaef51b06b
TXN_1803,USR_064,2023-05-28,638,Transport,DEBIT,Completed,12e56dfa-6e89-4891-8949-ddcaef51b06b
TXN_1804,USR_064,2023-04-08,2048,Food,DEBIT,Completed,12e56dfa-6e89-4891-8949-ddcaef51b06b
TXN_1805,USR_064,2023-06-28,724,Transport,DEBIT,Completed,12e56dfa-6e89-4891-8949-ddcaef51b06b
TXN_1806,USR_064,2023-04-09,3928,Other Income,CREDIT,Completed,12e56dfa-6e89-4891-8949-ddcaef51b06b
TXN_1807,USR_064,2023-05-21,1088,Savings,DEBIT,Completed,12e56dfa-6e89-4891-8949-ddcaef51b06b
TXN_1808,USR_064,2023-05-09,1028,Utility Bill,DEBIT,Completed,12e56dfa-6e89-4891-8949-ddcaef51b06b
TXN_1809,USR_064,2023-04-25,583,Shopping,DEBIT,Completed,12e56dfa-6e89-4891-8949-ddcaef51b06b
TXN_1810,USR_065,2023-04-05,9027,Rent,DEBIT,Completed,92f948f4-f6e0-47e3-83b1-9e4d61f9e3d8
TXN_1811,USR_065,2023-06-26,2265,Other Income,CREDIT,Completed,92f948f4-f6e0-47e3-83b1-9e4d61f9e3d8
TXN_1812,USR_065,2023-04-27,3036,Other Income,CREDIT,Completed,92f948f4-f6e0-47e3-83b1-9e4d61f9e3d8
TXN_1813,USR_065,2023-04-09,1721,Food,DEBIT,Completed,92f948f4-f6e0-47e3-83b1-9e4d61f9e3d8
TXN_1814,USR_065,2023-04-23,1725,Food,DEBIT,Completed,92f948f4-f6e0-47e3-83b1-9e4d61f9e3d8
TXN_1815,USR_065,2023-05-13,25153,Salary,CREDIT,Completed,92f948f4-f6e0-47e3-83b1-9e4d61f9e3d8
TXN_1816,USR_065,2023-06-25,3889,Savings,DEBIT,Completed,92f948f4-f6e0-47e3-83b1-9e4d61f9e3d8
TXN_1817,USR_065,2023-05-15,2960,Shopping,DEBIT,Completed,92f948f4-f6e0-47e3-83b1-9e4d61f9e3d8
TXN_1818,USR_065,2023-04-14,2419,Savings,DEBIT,Completed,92f948f4-f6e0-47e3-83b1-9e4d61f9e3d8
TXN_1819,USR_065,2023-06-17,1141,Savings,DEBIT,Completed,92f948f4-f6e0-47e3-83b1-9e4d61f9e3d8
TXN_1820,USR_065,2023-04-14,630,Food,DEBIT,Completed,92f948f4-f6e0-47e3-83b1-9e4d61f9e3d8
TXN_1821,USR_065,2023-04-28,2399,Shopping,DEBIT,Completed,92f948f4-f6e0-47e3-83b1-9e4d61f9e3d8
TXN_1822,USR_065,2023-04-22,1473,Utility Bill,DEBIT,Completed,92f948f4-f6e0-47e3-83b1-9e4d61f9e3d8
TXN_1823,USR_065,2023-04-07,3409,Other Income,CREDIT,Completed,92f948f4-f6e0-47e3-83b1-9e4d61f9e3d8
TXN_1824,USR_065,2023-04-09,7980,Rent,DEBIT,Completed,92f948f4-f6e0-47e3-83b1-9e4d61f9e3d8
TXN_1825,USR_066,2023-05-12,11985,Rent,DEBIT,Completed,afac8dea-e253-4eaf-96af-127d90215bed
TXN_1826,USR_066,2023-05-04,1595,Food,DEBIT,Completed,afac8dea-e253-4eaf-96af-127d90215bed
TXN_1827,USR_066,2023-05-14,6045,Rent,DEBIT,Completed,afac8dea-e253-4eaf-96af-127d90215bed
TXN_1828,USR_066,2023-04-26,2685,Food,DEBIT,Completed,afac8dea-e253-4eaf-96af-127d90215bed
TXN_1829,USR_066,2023-05-24,4488,Other Income,CREDIT,Completed,afac8dea-e253-4eaf-96af-127d90215bed
TXN_1830,USR_066,2023-04-08,2060,Shopping,DEBIT,Completed,afac8dea-e253-4eaf-96af-127d90215bed
TXN_1831,USR_066,2023-04-02,1753,Food,DEBIT,Completed,afac8dea-e253-4eaf-96af-127d90215bed
TXN_1832,USR_066,2023-05-08,1232,Transport,DEBIT,Completed,afac8dea-e253-4eaf-96af-127d90215bed
TXN_1833,USR_066,2023-06-08,5405,Rent,DEBIT,Completed,afac8dea-e253-4eaf-96af-127d90215bed
TXN_1834,USR_066,2023-05-05,952,Food,DEBIT,Completed,afac8dea-e253-4eaf-96af-127d90215bed
TXN_1835,USR_066,2023-06-04,1583,Shopping,DEBIT,Completed,afac8dea-e253-4eaf-96af-127d90215bed
TXN_1836,USR_066,2023-04-04,7807,Rent,DEBIT,Completed,afac8dea-e253-4eaf-96af-127d90215bed
TXN_1837,USR_066,2023-06-19,2359,Shopping,DEBIT,Completed,afac8dea-e253-4eaf-96af-127d90215bed
TXN_1838,USR_067,2023-06-09,545,Shopping,DEBIT,Completed,1427dbf7-dfe9-48d3-ade8-c4340d02a3c5
TXN_1839,USR_067,2023-05-07,523,Utility Bill,DEBIT,Completed,1427dbf7-dfe9-48d3-ade8-c4340d02a3c5
TXN_1840,USR_067,2023-06-14,4426,Other Income,CREDIT,Completed,1427dbf7-dfe9-48d3-ade8-c4340d02a3c5
TXN_1841,USR_067,2023-05-24,925,Shopping,DEBIT,Completed,1427dbf7-dfe9-48d3-ade8-c4340d02a3c5
TXN_1842,USR_067,2023-05-24,1660,Utility Bill,DEBIT,Completed,1427dbf7-dfe9-48d3-ade8-c4340d02a3c5
TXN_1843,USR_067,2023-06-19,1771,Utility Bill,DEBIT,Completed,1427dbf7-dfe9-48d3-ade8-c4340d02a3c5
TXN_1844,USR_067,2023-04-04,10332,Rent,DEBIT,Completed,1427dbf7-dfe9-48d3-ade8-c4340d02a3c5
TXN_1845,USR_067,2023-05-01,4991,Savings,DEBIT,Completed,1427dbf7-dfe9-48d3-ade8-c4340d02a3c5
TXN_1846,USR_067,2023-06-05,1269,Other Income,CREDIT,Completed,1427dbf7-dfe9-48d3-ade8-c4340d02a3c5
TXN_1847,USR_067,2023-04-27,1149,Utility Bill,DEBIT,Completed,1427dbf7-dfe9-48d3-ade8-c4340d02a3c5
TXN_1848,USR_067,2023-06-05,1332,Food,DEBIT,Completed,1427dbf7-dfe9-48d3-ade8-c4340d02a3c5
TXN_1849,USR_068,2023-04-21,857,Food,DEBIT,Completed,076f5398-f3ef-448e-a264-6c1d6bb21f36
TXN_1850,USR_068,2023-04-12,407,Transport,DEBIT,Completed,076f5398-f3ef-448e-a264-6c1d6bb21f36
TXN_1851,USR_068,2023-06-10,1009,Shopping,DEBIT,Completed,076f5398-f3ef-448e-a264-6c1d6bb21f36
TXN_1852,USR_068,2023-05-01,1731,Other Income,CREDIT,Completed,076f5398-f3ef-448e-a264-6c1d6bb21f36
TXN_1853,USR_068,2023-04-12,3460,Other Income,CREDIT,Completed,076f5398-f3ef-448e-a264-6c1d6bb21f36
TXN_1854,USR_068,2023-05-18,506,Shopping,DEBIT,Completed,076f5398-f3ef-448e-a264-6c1d6bb21f36
TXN_1855,USR_068,2023-04-05,3866,Other Income,CREDIT,Completed,076f5398-f3ef-448e-a264-6c1d6bb21f36
TXN_1856,USR_068,2023-05-28,1338,Shopping,DEBIT,Completed,076f5398-f3ef-448e-a264-6c1d6bb21f36
TXN_1857,USR_068,2023-04-20,1543,Savings,DEBIT,Completed,076f5398-f3ef-448e-a264-6c1d6bb21f36
TXN_1858,USR_068,2023-04-17,1956,Transport,DEBIT,Completed,076f5398-f3ef-448e-a264-6c1d6bb21f36
TXN_1859,USR_068,2023-04-20,2597,Savings,DEBIT,Completed,076f5398-f3ef-448e-a264-6c1d6bb21f36
TXN_1860,USR_069,2023-04-21,2639,Other Income,CREDIT,Completed,8d458def-2906-4646-94d9-7032dc57432a
TXN_1861,USR_069,2023-04-08,1550,Transport,DEBIT,Completed,8d458def-2906-4646-94d9-7032dc57432a
TXN_1862,USR_069,2023-04-05,1769,Shopping,DEBIT,Completed,8d458def-2906-4646-94d9-7032dc57432a
TXN_1863,USR_069,2023-06-06,2090,Utility Bill,DEBIT,Completed,8d458def-2906-4646-94d9-7032dc57432a
TXN_1864,USR_069,2023-06-02,2828,Shopping,DEBIT,Completed,8d458def-2906-4646-94d9-7032dc57432a
TXN_1865,USR_069,2023-05-16,2119,Shopping,DEBIT,Completed,8d458def-2906-4646-94d9-7032dc57432a
TXN_1866,USR_069,2023-05-07,3875,Savings,DEBIT,Completed,8d458def-2906-4646-94d9-7032dc57432a
TXN_1867,USR_069,2023-05-16,1842,Other Income,CREDIT,Completed,8d458def-2906-4646-94d9-7032dc57432a
TXN_1868,USR_069,2023-06-09,2441,Utility Bill,DEBIT,Completed,8d458def-2906-4646-94d9-7032dc57432a
TXN_1869,USR_069,2023-05-01,1007,Utility Bill,DEBIT,Completed,8d458def-2906-4646-94d9-7032dc57432a
TXN_1870,USR_069,2023-04-14,1547,Utility Bill,DEBIT,Completed,8d458def-2906-4646-94d9-7032dc57432a
TXN_1871,USR_069,2023-05-28,1114,Utility Bill,DEBIT,Completed,8d458def-2906-4646-94d9-7032dc57432a
TXN_1872,USR_069,2023-06-07,3891,Other Income,CREDIT,Completed,8d458def-2906-4646-94d9-7032dc57432a
TXN_1873,USR_070,2023-06-19,1856,Savings,DEBIT,Completed,0073cbc8-55a1-45a3-8295-a2f464c397aa
TXN_1874,USR_070,2023-06-25,2424,Savings,DEBIT,Completed,0073cbc8-55a1-45a3-8295-a2f464c397aa
TXN_1875,USR_070,2023-05-04,833,Shopping,DEBIT,Completed,0073cbc8-55a1-45a3-8295-a2f464c397aa
TXN_1876,USR_070,2023-06-08,1708,Transport,DEBIT,Completed,0073cbc8-55a1-45a3-8295-a2f464c397aa
TXN_1877,USR_070,2023-04-28,9001,Rent,DEBIT,Late,0073cbc8-55a1-45a3-8295-a2f464c397aa
TXN_1878,USR_070,2023-06-01,1961,Utility Bill,DEBIT,Late,0073cbc8-55a1-45a3-8295-a2f464c397aa
TXN_1879,USR_070,2023-06-22,764,Shopping,DEBIT,Completed,0073cbc8-55a1-45a3-8295-a2f464c397aa
TXN_1880,USR_070,2023-05-13,4485,Savings,DEBIT,Completed,0073cbc8-55a1-45a3-8295-a2f464c397aa
TXN_1881,USR_070,2023-05-11,2289,Utility Bill,DEBIT,Completed,0073cbc8-55a1-45a3-8295-a2f464c397aa
TXN_1882,USR_070,2023-06-15,540,Utility Bill,DEBIT,Completed,0073cbc8-55a1-45a3-8295-a2f464c397aa
TXN_1883,USR_071,2023-06-14,7235,Rent,DEBIT,Completed,65b6eb54-be62-4862-93f3-77cbd5a3d96d
TXN_1884,USR_071,2023-05-07,1713,Savings,DEBIT,Completed,65b6eb54-be62-4862-93f3-77cbd5a3d96d
TXN_1885,USR_071,2023-04-05,2239,Utility Bill,DEBIT,Late,65b6eb54-be62-4862-93f3-77cbd5a3d96d
TXN_1886,USR_071,2023-04-11,2190,Savings,DEBIT,Completed,65b6eb54-be62-4862-93f3-77cbd5a3d96d
TXN_1887,USR_071,2023-05-19,4180,Other Income,CREDIT,Completed,65b6eb54-be62-4862-93f3-77cbd5a3d96d
TXN_1888,USR_071,2023-05-24,4227,Other Income,CREDIT,Completed,65b6eb54-be62-4862-93f3-77cbd5a3d96d
TXN_1889,USR_071,2023-05-20,8035,Rent,DEBIT,Completed,65b6eb54-be62-4862-93f3-77cbd5a3d96d
TXN_1890,USR_071,2023-05-03,642,Other Income,CREDIT,Completed,65b6eb54-be62-4862-93f3-77cbd5a3d96d
TXN_1891,USR_071,2023-05-07,2837,Other Income,CREDIT,Completed,65b6eb54-be62-4862-93f3-77cbd5a3d96d
TXN_1892,USR_071,2023-04-07,1733,Transport,DEBIT,Completed,65b6eb54-be62-4862-93f3-77cbd5a3d96d
TXN_1893,USR_071,2023-04-28,2646,Food,DEBIT,Completed,65b6eb54-be62-4862-93f3-77cbd5a3d96d
TXN_1894,USR_071,2023-04-02,674,Food,DEBIT,Completed,65b6eb54-be62-4862-93f3-77cbd5a3d96d
TXN_1895,USR_071,2023-06-26,2528,Transport,DEBIT,Completed,65b6eb54-be62-4862-93f3-77cbd5a3d96d
TXN_1896,USR_072,2023-04-25,2603,Transport,DEBIT,Completed,8a49d3ed-dedb-4640-8adc-f79dc9876537
TXN_1897,USR_072,2023-05-20,3633,Other Income,CREDIT,Completed,8a49d3ed-dedb-4640-8adc-f79dc9876537
TXN_1898,USR_072,2023-04-17,1266,Shopping,DEBIT,Completed,8a49d3ed-dedb-4640-8adc-f79dc9876537
TXN_1899,USR_072,2023-04-03,2071,Shopping,DEBIT,Completed,8a49d3ed-dedb-4640-8adc-f79dc9876537
TXN_1900,USR_072,2023-06-08,36811,Salary,CREDIT,Completed,8a49d3ed-dedb-4640-8adc-f79dc9876537
TXN_1901,USR_072,2023-05-22,568,Utility Bill,DEBIT,Completed,8a49d3ed-dedb-4640-8adc-f79dc9876537
TXN_1902,USR_072,2023-05-14,6950,Rent,DEBIT,Completed,8a49d3ed-dedb-4640-8adc-f79dc9876537
TXN_1903,USR_072,2023-06-04,1246,Shopping,DEBIT,Completed,8a49d3ed-dedb-4640-8adc-f79dc9876537
TXN_1904,USR_072,2023-05-13,9645,Rent,DEBIT,Completed,8a49d3ed-dedb-4640-8adc-f79dc9876537
TXN_1905,USR_072,2023-04-24,973,Utility Bill,DEBIT,Completed,8a49d3ed-dedb-4640-8adc-f79dc9876537
TXN_1906,USR_072,2023-05-31,3198,Other Income,CREDIT,Completed,8a49d3ed-dedb-4640-8adc-f79dc9876537
TXN_1907,USR_072,2023-04-07,2415,Utility Bill,DEBIT,Completed,8a49d3ed-dedb-4640-8adc-f79dc9876537
TXN_1908,USR_073,2023-06-25,2140,Food,DEBIT,Completed,86477132-595f-4a6f-a1c2-1c162f26f666
TXN_1909,USR_073,2023-05-01,2005,Transport,DEBIT,Completed,86477132-595f-4a6f-a1c2-1c162f26f666
TXN_1910,USR_073,2023-06-07,25977,Salary,CREDIT,Completed,86477132-595f-4a6f-a1c2-1c162f26f666
TXN_1911,USR_073,2023-04-27,4081,Other Income,CREDIT,Completed,86477132-595f-4a6f-a1c2-1c162f26f666
TXN_1912,USR_073,2023-06-16,2235,Utility Bill,DEBIT,Late,86477132-595f-4a6f-a1c2-1c162f26f666
TXN_1913,USR_073,2023-05-26,2222,Utility Bill,DEBIT,Completed,86477132-595f-4a6f-a1c2-1c162f26f666
TXN_1914,USR_073,2023-04-10,396,Food,DEBIT,Completed,86477132-595f-4a6f-a1c2-1c162f26f666
TXN_1915,USR_073,2023-06-29,1050,Transport,DEBIT,Completed,86477132-595f-4a6f-a1c2-1c162f26f666
TXN_1916,USR_073,2023-05-29,383,Food,DEBIT,Completed,86477132-595f-4a6f-a1c2-1c162f26f666
TXN_1917,USR_073,2023-05-02,4472,Savings,DEBIT,Completed,86477132-595f-4a6f-a1c2-1c162f26f666
TXN_1918,USR_073,2023-05-10,2571,Other Income,CREDIT,Completed,86477132-595f-4a6f-a1c2-1c162f26f666
TXN_1919,USR_073,2023-04-09,1822,Shopping,DEBIT,Completed,86477132-595f-4a6f-a1c2-1c162f26f666
TXN_1920,USR_074,2023-05-21,6143,Rent,DEBIT,Completed,7710a5d7-cab2-497c-a2de-f256d89330e0
TXN_1921,USR_074,2023-04-10,9135,Rent,DEBIT,Completed,7710a5d7-cab2-497c-a2de-f256d89330e0
TXN_1922,USR_074,2023-05-27,2062,Transport,DEBIT,Completed,7710a5d7-cab2-497c-a2de-f256d89330e0
TXN_1923,USR_074,2023-06-20,2556,Savings,DEBIT,Completed,7710a5d7-cab2-497c-a2de-f256d89330e0
TXN_1924,USR_074,2023-06-30,5750,Rent,DEBIT,Completed,7710a5d7-cab2-497c-a2de-f256d89330e0
TXN_1925,USR_074,2023-04-15,3930,Other Income,CREDIT,Completed,7710a5d7-cab2-497c-a2de-f256d89330e0
TXN_1926,USR_074,2023-04-24,756,Transport,DEBIT,Completed,7710a5d7-cab2-497c-a2de-f256d89330e0
TXN_1927,USR_074,2023-04-16,2692,Food,DEBIT,Completed,7710a5d7-cab2-497c-a2de-f256d89330e0
TXN_1928,USR_074,2023-05-16,4620,Savings,DEBIT,Completed,7710a5d7-cab2-497c-a2de-f256d89330e0
TXN_1929,USR_074,2023-04-04,2825,Food,DEBIT,Completed,7710a5d7-cab2-497c-a2de-f256d89330e0
TXN_1930,USR_074,2023-04-30,4517,Other Income,CREDIT,Completed,7710a5d7-cab2-497c-a2de-f256d89330e0
TXN_1931,USR_074,2023-05-02,2027,Shopping,DEBIT,Completed,7710a5d7-cab2-497c-a2de-f256d89330e0
TXN_1932,USR_074,2023-05-22,2273,Utility Bill,DEBIT,Completed,7710a5d7-cab2-497c-a2de-f256d89330e0
TXN_1933,USR_075,2023-06-29,2486,Savings,DEBIT,Completed,aa656ff8-c01b-425a-a306-7c445e7dcb3d
TXN_1934,USR_075,2023-04-22,1618,Other Income,CREDIT,Completed,aa656ff8-c01b-425a-a306-7c445e7dcb3d
TXN_1935,USR_075,2023-05-14,2913,Other Income,CREDIT,Completed,aa656ff8-c01b-425a-a306-7c445e7dcb3d
TXN_1936,USR_075,2023-06-18,10243,Rent,DEBIT,Completed,aa656ff8-c01b-425a-a306-7c445e7dcb3d
TXN_1937,USR_075,2023-05-16,799,Shopping,DEBIT,Completed,aa656ff8-c01b-425a-a306-7c445e7dcb3d
TXN_1938,USR_075,2023-06-24,2283,Transport,DEBIT,Completed,aa656ff8-c01b-425a-a306-7c445e7dcb3d
TXN_1939,USR_075,2023-04-08,1051,Savings,DEBIT,Completed,aa656ff8-c01b-425a-a306-7c445e7dcb3d
TXN_1940,USR_075,2023-06-23,2555,Transport,DEBIT,Completed,aa656ff8-c01b-425a-a306-7c445e7dcb3d
TXN_1941,USR_075,2023-05-26,2662,Savings,DEBIT,Completed,aa656ff8-c01b-425a-a306-7c445e7dcb3d
TXN_1942,USR_075,2023-05-24,4169,Other Income,CREDIT,Completed,aa656ff8-c01b-425a-a306-7c445e7dcb3d
TXN_1943,USR_076,2023-05-10,1619,Other Income,CREDIT,Completed,79c172c5-b191-4a57-8ab9-b6bc65b90c90
TXN_1944,USR_076,2023-04-25,3607,Other Income,CREDIT,Completed,79c172c5-b191-4a57-8ab9-b6bc65b90c90
TXN_1945,USR_076,2023-04-17,2673,Savings,DEBIT,Completed,79c172c5-b191-4a57-8ab9-b6bc65b90c90
TXN_1946,USR_076,2023-04-18,2865,Transport,DEBIT,Completed,79c172c5-b191-4a57-8ab9-b6bc65b90c90
TXN_1947,USR_076,2023-06-06,1102,Transport,DEBIT,Completed,79c172c5-b191-4a57-8ab9-b6bc65b90c90
TXN_1948,USR_076,2023-04-12,3581,Other Income,CREDIT,Completed,79c172c5-b191-4a57-8ab9-b6bc65b90c90
TXN_1949,USR_076,2023-06-21,1739,Shopping,DEBIT,Completed,79c172c5-b191-4a57-8ab9-b6bc65b90c90
TXN_1950,USR_076,2023-05-27,3016,Savings,DEBIT,Completed,79c172c5-b191-4a57-8ab9-b6bc65b90c90
TXN_1951,USR_076,2023-04-24,1927,Food,DEBIT,Completed,79c172c5-b191-4a57-8ab9-b6bc65b90c90
TXN_1952,USR_076,2023-06-28,2303,Savings,DEBIT,Completed,79c172c5-b191-4a57-8ab9-b6bc65b90c90
TXN_1953,USR_076,2023-05-30,2350,Savings,DEBIT,Completed,79c172c5-b191-4a57-8ab9-b6bc65b90c90
TXN_1954,USR_077,2023-04-20,3418,Other Income,CREDIT,Completed,89bd9c88-3ed5-4256-8c2c-b3e3537703b8
TXN_1955,USR_077,2023-06-20,2592,Shopping,DEBIT,Completed,89bd9c88-3ed5-4256-8c2c-b3e3537703b8
TXN_1956,USR_077,2023-06-12,2531,Savings,DEBIT,Completed,89bd9c88-3ed5-4256-8c2c-b3e3537703b8
TXN_1957,USR_077,2023-05-05,11095,Rent,DEBIT,Completed,89bd9c88-3ed5-4256-8c2c-b3e3537703b8
TXN_1958,USR_077,2023-06-09,1685,Other Income,CREDIT,Completed,89bd9c88-3ed5-4256-8c2c-b3e3537703b8
TXN_1959,USR_077,2023-06-25,1644,Food,DEBIT,Completed,89bd9c88-3ed5-4256-8c2c-b3e3537703b8
TXN_1960,USR_077,2023-04-28,2697,Transport,DEBIT,Completed,89bd9c88-3ed5-4256-8c2c-b3e3537703b8
TXN_1961,USR_077,2023-05-21,817,Shopping,DEBIT,Completed,89bd9c88-3ed5-4256-8c2c-b3e3537703b8
TXN_1962,USR_077,2023-06-28,890,Shopping,DEBIT,Completed,89bd9c88-3ed5-4256-8c2c-b3e3537703b8
TXN_1963,USR_077,2023-06-07,2617,Shopping,DEBIT,Completed,89bd9c88-3ed5-4256-8c2c-b3e3537703b8
TXN_1964,USR_077,2023-05-15,241,Food,DEBIT,Completed,89bd9c88-3ed5-4256-8c2c-b3e3537703b8
TXN_1965,USR_078,2023-06-05,2496,Transport,DEBIT,Completed,71256ac0-0f9b-4b8f-939f-c70665731857
TXN_1966,USR_078,2023-06-05,9409,Rent,DEBIT,Completed,71256ac0-0f9b-4b8f-939f-c70665731857
TXN_1967,USR_078,2023-05-21,3593,Salary,CREDIT,Completed,71256ac0-0f9b-4b8f-939f-c70665731857
TXN_1968,USR_078,2023-05-01,164,Transport,DEBIT,Completed,71256ac0-0f9b-4b8f-939f-c70665731857
TXN_1969,USR_078,2023-06-27,2472,Salary,CREDIT,Completed,71256ac0-0f9b-4b8f-939f-c70665731857
TXN_1970,USR_078,2023-06-06,2470,Utility Bill,DEBIT,Completed,71256ac0-0f9b-4b8f-939f-c70665731857
TXN_1971,USR_078,2023-04-11,501,Salary,CREDIT,Completed,71256ac0-0f9b-4b8f-939f-c70665731857
TXN_1972,USR_078,2023-06-08,729,Food,DEBIT,Completed,71256ac0-0f9b-4b8f-939f-c70665731857
TXN_1973,USR_078,2023-05-01,1037,Utility Bill,DEBIT,Completed,71256ac0-0f9b-4b8f-939f-c70665731857
TXN_1974,USR_078,2023-05-30,2984,Shopping,DEBIT,Completed,71256ac0-0f9b-4b8f-939f-c70665731857
TXN_1975,USR_078,2023-06-12,2775,Shopping,DEBIT,Completed,71256ac0-0f9b-4b8f-939f-c70665731857
TXN_1976,USR_078,2023-04-17,1868,Utility Bill,DEBIT,Completed,71256ac0-0f9b-4b8f-939f-c70665731857
TXN_1977,USR_079,2023-04-17,587,Utility Bill,DEBIT,Completed,2e8d1d99-4f07-4084-8ff0-052873a3d118
TXN_1978,USR_079,2023-05-02,9852,Rent,DEBIT,Completed,2e8d1d99-4f07-4084-8ff0-052873a3d118
TXN_1979,USR_079,2023-06-08,3180,Other Income,CREDIT,Completed,2e8d1d99-4f07-4084-8ff0-052873a3d118
TXN_1980,USR_079,2023-04-02,2500,Other Income,CREDIT,Completed,2e8d1d99-4f07-4084-8ff0-052873a3d118
TXN_1981,USR_079,2023-06-23,2538,Transport,DEBIT,Completed,2e8d1d99-4f07-4084-8ff0-052873a3d118
TXN_1982,USR_079,2023-05-10,4382,Savings,DEBIT,Completed,2e8d1d99-4f07-4084-8ff0-052873a3d118
TXN_1983,USR_079,2023-05-28,4917,Savings,DEBIT,Completed,2e8d1d99-4f07-4084-8ff0-052873a3d118
TXN_1984,USR_079,2023-06-13,4831,Savings,DEBIT,Completed,2e8d1d99-4f07-4084-8ff0-052873a3d118
TXN_1985,USR_079,2023-04-11,1749,Utility Bill,DEBIT,Completed,2e8d1d99-4f07-4084-8ff0-052873a3d118
TXN_1986,USR_079,2023-05-03,815,Utility Bill,DEBIT,Completed,2e8d1d99-4f07-4084-8ff0-052873a3d118
TXN_1987,USR_079,2023-04-29,8584,Rent,DEBIT,Completed,2e8d1d99-4f07-4084-8ff0-052873a3d118
TXN_1988,USR_080,2023-06-27,1530,Savings,DEBIT,Completed,a41f1175-9c89-4db3-aa91-193a5932c020
TXN_1989,USR_080,2023-04-04,4157,Other Income,CREDIT,Completed,a41f1175-9c89-4db3-aa91-193a5932c020
TXN_1990,USR_080,2023-05-18,1220,Savings,DEBIT,Completed,a41f1175-9c89-4db3-aa91-193a5932c020
TXN_1991,USR_080,2023-06-29,188,Shopping,DEBIT,Completed,a41f1175-9c89-4db3-aa91-193a5932c020
TXN_1992,USR_080,2023-06-20,2437,Shopping,DEBIT,Completed,a41f1175-9c89-4db3-aa91-193a5932c020
TXN_1993,USR_080,2023-06-05,1339,Utility Bill,DEBIT,Late,a41f1175-9c89-4db3-aa91-193a5932c020
TXN_1994,USR_080,2023-05-19,2748,Savings,DEBIT,Completed,a41f1175-9c89-4db3-aa91-193a5932c020
TXN_1995,USR_080,2023-05-27,1281,Shopping,DEBIT,Completed,a41f1175-9c89-4db3-aa91-193a5932c020
TXN_1996,USR_080,2023-06-11,642,Transport,DEBIT,Completed,a41f1175-9c89-4db3-aa91-193a5932c020
TXN_1997,USR_080,2023-06-28,2033,Food,DEBIT,Completed,a41f1175-9c89-4db3-aa91-193a5932c020
TXN_1998,USR_080,2023-06-27,1174,Utility Bill,DEBIT,Completed,a41f1175-9c89-4db3-aa91-193a5932c020
TXN_1999,USR_080,2023-06-01,4108,Savings,DEBIT,Completed,a41f1175-9c89-4db3-aa91-193a5932c020
TXN_2000,USR_080,2023-05-18,1044,Other Income,CREDIT,Completed,a41f1175-9c89-4db3-aa91-193a5932c020
TXN_2001,USR_080,2023-05-16,4094,Other Income,CREDIT,Completed,a41f1175-9c89-4db3-aa91-193a5932c020
TXN_2002,USR_080,2023-04-30,283,Shopping,DEBIT,Completed,a41f1175-9c89-4db3-aa91-193a5932c020
TXN_2003,USR_081,2023-04-18,4435,Savings,DEBIT,Completed,a3f0695c-f106-4791-812e-00d0120f52b9
TXN_2004,USR_081,2023-06-22,1268,Food,DEBIT,Completed,a3f0695c-f106-4791-812e-00d0120f52b9
TXN_2005,USR_081,2023-05-06,2165,Utility Bill,DEBIT,Late,a3f0695c-f106-4791-812e-00d0120f52b9
TXN_2006,USR_081,2023-04-18,3816,Other Income,CREDIT,Completed,a3f0695c-f106-4791-812e-00d0120f52b9
TXN_2007,USR_081,2023-04-08,667,Utility Bill,DEBIT,Completed,a3f0695c-f106-4791-812e-00d0120f52b9
TXN_2008,USR_081,2023-06-26,1329,Utility Bill,DEBIT,Completed,a3f0695c-f106-4791-812e-00d0120f52b9
TXN_2009,USR_081,2023-05-12,1628,Transport,DEBIT,Completed,a3f0695c-f106-4791-812e-00d0120f52b9
TXN_2010,USR_081,2023-06-13,1828,Utility Bill,DEBIT,Completed,a3f0695c-f106-4791-812e-00d0120f52b9
TXN_2011,USR_081,2023-04-06,1416,Food,DEBIT,Completed,a3f0695c-f106-4791-812e-00d0120f52b9
TXN_2012,USR_081,2023-04-29,1678,Other Income,CREDIT,Completed,a3f0695c-f106-4791-812e-00d0120f52b9
TXN_2013,USR_081,2023-04-18,4222,Savings,DEBIT,Completed,a3f0695c-f106-4791-812e-00d0120f52b9
TXN_2014,USR_081,2023-05-27,2056,Shopping,DEBIT,Completed,a3f0695c-f106-4791-812e-00d0120f52b9
TXN_2015,USR_081,2023-04-02,1910,Savings,DEBIT,Completed,a3f0695c-f106-4791-812e-00d0120f52b9
TXN_2016,USR_082,2023-05-18,11041,Rent,DEBIT,Completed,bf930c02-8283-4abf-8b62-4e70fcb30896
TXN_2017,USR_082,2023-04-28,5240,Rent,DEBIT,Completed,bf930c02-8283-4abf-8b62-4e70fcb30896
TXN_2018,USR_082,2023-06-04,8591,Rent,DEBIT,Completed,bf930c02-8283-4abf-8b62-4e70fcb30896
TXN_2019,USR_082,2023-06-17,366,Shopping,DEBIT,Completed,bf930c02-8283-4abf-8b62-4e70fcb30896
TXN_2020,USR_082,2023-05-15,2846,Food,DEBIT,Completed,bf930c02-8283-4abf-8b62-4e70fcb30896
TXN_2021,USR_082,2023-04-14,1455,Food,DEBIT,Completed,bf930c02-8283-4abf-8b62-4e70fcb30896
TXN_2022,USR_082,2023-05-08,1211,Food,DEBIT,Completed,bf930c02-8283-4abf-8b62-4e70fcb30896
TXN_2023,USR_082,2023-05-19,2993,Food,DEBIT,Completed,bf930c02-8283-4abf-8b62-4e70fcb30896
TXN_2024,USR_082,2023-04-18,1239,Shopping,DEBIT,Completed,bf930c02-8283-4abf-8b62-4e70fcb30896
TXN_2025,USR_082,2023-06-01,1790,Savings,DEBIT,Completed,bf930c02-8283-4abf-8b62-4e70fcb30896
TXN_2026,USR_082,2023-05-18,2479,Utility Bill,DEBIT,Completed,bf930c02-8283-4abf-8b62-4e70fcb30896
TXN_2027,USR_082,2023-05-02,49529,Salary,CREDIT,Completed,bf930c02-8283-4abf-8b62-4e70fcb30896
TXN_2028,USR_082,2023-06-08,2483,Food,DEBIT,Completed,bf930c02-8283-4abf-8b62-4e70fcb30896
TXN_2029,USR_083,2023-06-20,908,Other Income,CREDIT,Completed,5a0c6e70-a4e9-433e-8d0e-893961ec3efa
TXN_2030,USR_083,2023-06-15,1526,Food,DEBIT,Completed,5a0c6e70-a4e9-433e-8d0e-893961ec3efa
TXN_2031,USR_083,2023-06-20,599,Utility Bill,DEBIT,Completed,5a0c6e70-a4e9-433e-8d0e-893961ec3efa
TXN_2032,USR_083,2023-06-07,2475,Savings,DEBIT,Completed,5a0c6e70-a4e9-433e-8d0e-893961ec3efa
TXN_2033,USR_083,2023-04-08,751,Shopping,DEBIT,Completed,5a0c6e70-a4e9-433e-8d0e-893961ec3efa
TXN_2034,USR_083,2023-04-21,4235,Savings,DEBIT,Completed,5a0c6e70-a4e9-433e-8d0e-893961ec3efa
TXN_2035,USR_083,2023-06-12,2190,Utility Bill,DEBIT,Completed,5a0c6e70-a4e9-433e-8d0e-893961ec3efa
TXN_2036,USR_083,2023-06-03,2246,Utility Bill,DEBIT,Completed,5a0c6e70-a4e9-433e-8d0e-893961ec3efa
TXN_2037,USR_083,2023-04-03,8717,Rent,DEBIT,Completed,5a0c6e70-a4e9-433e-8d0e-893961ec3efa
TXN_2038,USR_083,2023-04-14,3085,Other Income,CREDIT,Completed,5a0c6e70-a4e9-433e-8d0e-893961ec3efa
TXN_2039,USR_083,2023-05-16,3513,Other Income,CREDIT,Completed,5a0c6e70-a4e9-433e-8d0e-893961ec3efa
TXN_2040,USR_083,2023-06-06,2312,Transport,DEBIT,Completed,5a0c6e70-a4e9-433e-8d0e-893961ec3efa
TXN_2041,USR_083,2023-06-20,994,Utility Bill,DEBIT,Completed,5a0c6e70-a4e9-433e-8d0e-893961ec3efa
TXN_2042,USR_084,2023-04-29,2659,Food,DEBIT,Completed,eb2f30d4-28b2-4fbc-adb8-f4d5333620c6
TXN_2043,USR_084,2023-06-17,2266,Food,DEBIT,Completed,eb2f30d4-28b2-4fbc-adb8-f4d5333620c6
TXN_2044,USR_084,2023-04-03,534,Food,DEBIT,Completed,eb2f30d4-28b2-4fbc-adb8-f4d5333620c6
TXN_2045,USR_084,2023-06-02,1323,Food,DEBIT,Completed,eb2f30d4-28b2-4fbc-adb8-f4d5333620c6
TXN_2046,USR_084,2023-06-11,605,Shopping,DEBIT,Completed,eb2f30d4-28b2-4fbc-adb8-f4d5333620c6
TXN_2047,USR_084,2023-04-22,2927,Transport,DEBIT,Completed,eb2f30d4-28b2-4fbc-adb8-f4d5333620c6
TXN_2048,USR_084,2023-05-09,6953,Rent,DEBIT,Completed,eb2f30d4-28b2-4fbc-adb8-f4d5333620c6
TXN_2049,USR_084,2023-04-11,1537,Utility Bill,DEBIT,Completed,eb2f30d4-28b2-4fbc-adb8-f4d5333620c6
TXN_2050,USR_084,2023-05-12,1348,Utility Bill,DEBIT,Completed,eb2f30d4-28b2-4fbc-adb8-f4d5333620c6
TXN_2051,USR_084,2023-04-21,2809,Shopping,DEBIT,Completed,eb2f30d4-28b2-4fbc-adb8-f4d5333620c6
TXN_2052,USR_084,2023-06-25,4896,Other Income,CREDIT,Completed,eb2f30d4-28b2-4fbc-adb8-f4d5333620c6
TXN_2053,USR_084,2023-04-14,3960,Savings,DEBIT,Completed,eb2f30d4-28b2-4fbc-adb8-f4d5333620c6
TXN_2054,USR_085,2023-06-24,1167,Savings,DEBIT,Completed,6b499895-db12-4431-8c67-6a84d6a2bc93
TXN_2055,USR_085,2023-04-02,2246,Shopping,DEBIT,Completed,6b499895-db12-4431-8c67-6a84d6a2bc93
TXN_2056,USR_085,2023-05-30,11274,Rent,DEBIT,Completed,6b499895-db12-4431-8c67-6a84d6a2bc93
TXN_2057,USR_085,2023-05-13,2224,Food,DEBIT,Completed,6b499895-db12-4431-8c67-6a84d6a2bc93
TXN_2058,USR_085,2023-05-08,2859,Food,DEBIT,Completed,6b499895-db12-4431-8c67-6a84d6a2bc93
TXN_2059,USR_085,2023-05-30,1813,Utility Bill,DEBIT,Completed,6b499895-db12-4431-8c67-6a84d6a2bc93
TXN_2060,USR_085,2023-05-18,30242,Salary,CREDIT,Completed,6b499895-db12-4431-8c67-6a84d6a2bc93
TXN_2061,USR_085,2023-06-18,1654,Utility Bill,DEBIT,Completed,6b499895-db12-4431-8c67-6a84d6a2bc93
TXN_2062,USR_085,2023-06-05,1083,Utility Bill,DEBIT,Completed,6b499895-db12-4431-8c67-6a84d6a2bc93
TXN_2063,USR_085,2023-05-13,1400,Food,DEBIT,Completed,6b499895-db12-4431-8c67-6a84d6a2bc93
TXN_2064,USR_086,2023-06-12,2238,Utility Bill,DEBIT,Late,cfb8cbfd-4174-4d66-9eaf-868920f449e8
TXN_2065,USR_086,2023-04-29,2364,Shopping,DEBIT,Completed,cfb8cbfd-4174-4d66-9eaf-868920f449e8
TXN_2066,USR_086,2023-05-31,3366,Other Income,CREDIT,Completed,cfb8cbfd-4174-4d66-9eaf-868920f449e8
TXN_2067,USR_086,2023-04-03,11094,Rent,DEBIT,Completed,cfb8cbfd-4174-4d66-9eaf-868920f449e8
TXN_2068,USR_086,2023-04-03,2189,Other Income,CREDIT,Completed,cfb8cbfd-4174-4d66-9eaf-868920f449e8
TXN_2069,USR_086,2023-06-07,4899,Other Income,CREDIT,Completed,cfb8cbfd-4174-4d66-9eaf-868920f449e8
TXN_2070,USR_086,2023-06-18,4447,Other Income,CREDIT,Completed,cfb8cbfd-4174-4d66-9eaf-868920f449e8
TXN_2071,USR_086,2023-06-15,6452,Rent,DEBIT,Completed,cfb8cbfd-4174-4d66-9eaf-868920f449e8
TXN_2072,USR_086,2023-06-30,1978,Transport,DEBIT,Completed,cfb8cbfd-4174-4d66-9eaf-868920f449e8
TXN_2073,USR_086,2023-06-04,6002,Rent,DEBIT,Late,cfb8cbfd-4174-4d66-9eaf-868920f449e8
TXN_2074,USR_086,2023-04-22,312,Shopping,DEBIT,Completed,cfb8cbfd-4174-4d66-9eaf-868920f449e8
TXN_2075,USR_086,2023-06-11,921,Transport,DEBIT,Completed,cfb8cbfd-4174-4d66-9eaf-868920f449e8
TXN_2076,USR_086,2023-06-26,6567,Rent,DEBIT,Completed,cfb8cbfd-4174-4d66-9eaf-868920f449e8
TXN_2077,USR_087,2023-06-11,1813,Other Income,CREDIT,Completed,57abdb9f-787e-4f0f-8a18-4cfeeb6f1479
TXN_2078,USR_087,2023-06-16,10199,Rent,DEBIT,Completed,57abdb9f-787e-4f0f-8a18-4cfeeb6f1479
TXN_2079,USR_087,2023-06-19,2923,Shopping,DEBIT,Completed,57abdb9f-787e-4f0f-8a18-4cfeeb6f1479
TXN_2080,USR_087,2023-04-14,2359,Shopping,DEBIT,Completed,57abdb9f-787e-4f0f-8a18-4cfeeb6f1479
TXN_2081,USR_087,2023-04-13,9377,Rent,DEBIT,Completed,57abdb9f-787e-4f0f-8a18-4cfeeb6f1479
TXN_2082,USR_087,2023-06-12,6970,Rent,DEBIT,Completed,57abdb9f-787e-4f0f-8a18-4cfeeb6f1479
TXN_2083,USR_087,2023-06-09,2100,Food,DEBIT,Completed,57abdb9f-787e-4f0f-8a18-4cfeeb6f1479
TXN_2084,USR_087,2023-06-23,2579,Savings,DEBIT,Completed,57abdb9f-787e-4f0f-8a18-4cfeeb6f1479
TXN_2085,USR_087,2023-04-10,2958,Savings,DEBIT,Completed,57abdb9f-787e-4f0f-8a18-4cfeeb6f1479
TXN_2086,USR_087,2023-05-14,4932,Other Income,CREDIT,Completed,57abdb9f-787e-4f0f-8a18-4cfeeb6f1479
TXN_2087,USR_087,2023-05-09,1103,Utility Bill,DEBIT,Completed,57abdb9f-787e-4f0f-8a18-4cfeeb6f1479
TXN_2088,USR_088,2023-05-20,788,Transport,DEBIT,Completed,9d55ad87-922f-413c-8559-f02bf8dc9b8f
TXN_2089,USR_088,2023-05-17,2135,Food,DEBIT,Completed,9d55ad87-922f-413c-8559-f02bf8dc9b8f
TXN_2090,USR_088,2023-05-28,3965,Savings,DEBIT,Completed,9d55ad87-922f-413c-8559-f02bf8dc9b8f
TXN_2091,USR_088,2023-04-06,10085,Rent,DEBIT,Completed,9d55ad87-922f-413c-8559-f02bf8dc9b8f
TXN_2092,USR_088,2023-06-22,2870,Other Income,CREDIT,Completed,9d55ad87-922f-413c-8559-f02bf8dc9b8f
TXN_2093,USR_088,2023-04-14,3827,Other Income,CREDIT,Completed,9d55ad87-922f-413c-8559-f02bf8dc9b8f
TXN_2094,USR_088,2023-05-06,694,Utility Bill,DEBIT,Completed,9d55ad87-922f-413c-8559-f02bf8dc9b8f
TXN_2095,USR_088,2023-05-22,2421,Food,DEBIT,Completed,9d55ad87-922f-413c-8559-f02bf8dc9b8f
TXN_2096,USR_088,2023-04-06,1147,Savings,DEBIT,Completed,9d55ad87-922f-413c-8559-f02bf8dc9b8f
TXN_2097,USR_088,2023-06-06,887,Shopping,DEBIT,Completed,9d55ad87-922f-413c-8559-f02bf8dc9b8f
TXN_2098,USR_089,2023-05-26,4762,Salary,CREDIT,Completed,af0658e7-55e0-4dc9-a89c-10cfd05262fa
TXN_2099,USR_089,2023-05-08,137,Food,DEBIT,Completed,af0658e7-55e0-4dc9-a89c-10cfd05262fa
TXN_2100,USR_089,2023-04-05,3662,Savings,DEBIT,Completed,af0658e7-55e0-4dc9-a89c-10cfd05262fa
TXN_2101,USR_089,2023-06-14,4752,Salary,CREDIT,Completed,af0658e7-55e0-4dc9-a89c-10cfd05262fa
TXN_2102,USR_089,2023-06-30,928,Shopping,DEBIT,Completed,af0658e7-55e0-4dc9-a89c-10cfd05262fa
TXN_2103,USR_089,2023-06-08,1519,Utility Bill,DEBIT,Completed,af0658e7-55e0-4dc9-a89c-10cfd05262fa
TXN_2104,USR_089,2023-04-08,3388,Salary,CREDIT,Completed,af0658e7-55e0-4dc9-a89c-10cfd05262fa
TXN_2105,USR_089,2023-06-13,2854,Transport,DEBIT,Completed,af0658e7-55e0-4dc9-a89c-10cfd05262fa
TXN_2106,USR_089,2023-05-07,2973,Transport,DEBIT,Completed,af0658e7-55e0-4dc9-a89c-10cfd05262fa
TXN_2107,USR_089,2023-06-30,3669,Savings,DEBIT,Completed,af0658e7-55e0-4dc9-a89c-10cfd05262fa
TXN_2108,USR_089,2023-05-08,10773,Rent,DEBIT,Completed,af0658e7-55e0-4dc9-a89c-10cfd05262fa
TXN_2109,USR_090,2023-05-12,3825,Other Income,CREDIT,Completed,f85a9e9a-39fc-4018-aca9-537045c86766
TXN_2110,USR_090,2023-05-12,796,Utility Bill,DEBIT,Late,f85a9e9a-39fc-4018-aca9-537045c86766
TXN_2111,USR_090,2023-05-21,1707,Other Income,CREDIT,Completed,f85a9e9a-39fc-4018-aca9-537045c86766
TXN_2112,USR_090,2023-05-29,2985,Transport,DEBIT,Completed,f85a9e9a-39fc-4018-aca9-537045c86766
TXN_2113,USR_090,2023-04-07,5801,Rent,DEBIT,Completed,f85a9e9a-39fc-4018-aca9-537045c86766
TXN_2114,USR_090,2023-05-04,4462,Other Income,CREDIT,Completed,f85a9e9a-39fc-4018-aca9-537045c86766
TXN_2115,USR_090,2023-05-22,1709,Transport,DEBIT,Completed,f85a9e9a-39fc-4018-aca9-537045c86766
TXN_2116,USR_090,2023-06-23,3660,Other Income,CREDIT,Completed,f85a9e9a-39fc-4018-aca9-537045c86766
TXN_2117,USR_090,2023-06-02,193,Food,DEBIT,Completed,f85a9e9a-39fc-4018-aca9-537045c86766
TXN_2118,USR_090,2023-06-11,10533,Rent,DEBIT,Completed,f85a9e9a-39fc-4018-aca9-537045c86766
TXN_2119,USR_090,2023-06-22,8021,Rent,DEBIT,Late,f85a9e9a-39fc-4018-aca9-537045c86766
TXN_2120,USR_090,2023-06-25,2612,Savings,DEBIT,Completed,f85a9e9a-39fc-4018-aca9-537045c86766
TXN_2121,USR_090,2023-05-11,9528,Rent,DEBIT,Completed,f85a9e9a-39fc-4018-aca9-537045c86766
TXN_2122,USR_091,2023-04-07,1608,Transport,DEBIT,Completed,e71f1848-83d2-4240-bc62-902f6a0d33c9
TXN_2123,USR_091,2023-05-17,648,Other Income,CREDIT,Completed,e71f1848-83d2-4240-bc62-902f6a0d33c9
TXN_2124,USR_091,2023-04-04,5524,Salary,CREDIT,Completed,e71f1848-83d2-4240-bc62-902f6a0d33c9
TXN_2125,USR_091,2023-04-18,1256,Utility Bill,DEBIT,Completed,e71f1848-83d2-4240-bc62-902f6a0d33c9
TXN_2126,USR_091,2023-05-16,1602,Other Income,CREDIT,Completed,e71f1848-83d2-4240-bc62-902f6a0d33c9
TXN_2127,USR_091,2023-05-04,1259,Transport,DEBIT,Completed,e71f1848-83d2-4240-bc62-902f6a0d33c9
TXN_2128,USR_091,2023-06-08,3153,Other Income,CREDIT,Completed,e71f1848-83d2-4240-bc62-902f6a0d33c9
TXN_2129,USR_091,2023-06-05,2485,Utility Bill,DEBIT,Completed,e71f1848-83d2-4240-bc62-902f6a0d33c9
TXN_2130,USR_091,2023-04-10,1438,Shopping,DEBIT,Completed,e71f1848-83d2-4240-bc62-902f6a0d33c9
TXN_2131,USR_091,2023-04-01,1369,Shopping,DEBIT,Completed,e71f1848-83d2-4240-bc62-902f6a0d33c9
TXN_2132,USR_092,2023-05-10,1644,Food,DEBIT,Completed,15d97a06-e5ea-4611-bd24-226f09aee24f
TXN_2133,USR_092,2023-06-20,10962,Rent,DEBIT,Completed,15d97a06-e5ea-4611-bd24-226f09aee24f
TXN_2134,USR_092,2023-06-23,941,Transport,DEBIT,Completed,15d97a06-e5ea-4611-bd24-226f09aee24f
TXN_2135,USR_092,2023-05-31,3878,Savings,DEBIT,Completed,15d97a06-e5ea-4611-bd24-226f09aee24f
TXN_2136,USR_092,2023-06-12,3147,Salary,CREDIT,Completed,15d97a06-e5ea-4611-bd24-226f09aee24f
TXN_2137,USR_092,2023-06-06,738,Shopping,DEBIT,Completed,15d97a06-e5ea-4611-bd24-226f09aee24f
TXN_2138,USR_092,2023-05-24,1156,Shopping,DEBIT,Completed,15d97a06-e5ea-4611-bd24-226f09aee24f
TXN_2139,USR_092,2023-06-03,1020,Food,DEBIT,Completed,15d97a06-e5ea-4611-bd24-226f09aee24f
TXN_2140,USR_092,2023-04-24,2432,Food,DEBIT,Completed,15d97a06-e5ea-4611-bd24-226f09aee24f
TXN_2141,USR_092,2023-05-07,11959,Rent,DEBIT,Completed,15d97a06-e5ea-4611-bd24-226f09aee24f
TXN_2142,USR_092,2023-06-21,4405,Salary,CREDIT,Completed,15d97a06-e5ea-4611-bd24-226f09aee24f
TXN_2143,USR_093,2023-06-24,11584,Rent,DEBIT,Completed,fc33f9b0-8418-46aa-a898-cd0a0719506b
TXN_2144,USR_093,2023-05-19,1338,Utility Bill,DEBIT,Completed,fc33f9b0-8418-46aa-a898-cd0a0719506b
TXN_2145,USR_093,2023-05-30,636,Utility Bill,DEBIT,Completed,fc33f9b0-8418-46aa-a898-cd0a0719506b
TXN_2146,USR_093,2023-05-09,2328,Shopping,DEBIT,Completed,fc33f9b0-8418-46aa-a898-cd0a0719506b
TXN_2147,USR_093,2023-06-25,912,Utility Bill,DEBIT,Completed,fc33f9b0-8418-46aa-a898-cd0a0719506b
TXN_2148,USR_093,2023-06-11,2611,Food,DEBIT,Completed,fc33f9b0-8418-46aa-a898-cd0a0719506b
TXN_2149,USR_093,2023-06-09,1952,Transport,DEBIT,Completed,fc33f9b0-8418-46aa-a898-cd0a0719506b
TXN_2150,USR_093,2023-06-27,7027,Rent,DEBIT,Completed,fc33f9b0-8418-46aa-a898-cd0a0719506b
TXN_2151,USR_093,2023-05-10,2876,Other Income,CREDIT,Completed,fc33f9b0-8418-46aa-a898-cd0a0719506b
TXN_2152,USR_093,2023-04-23,4129,Savings,DEBIT,Completed,fc33f9b0-8418-46aa-a898-cd0a0719506b
TXN_2153,USR_093,2023-06-19,1883,Shopping,DEBIT,Completed,fc33f9b0-8418-46aa-a898-cd0a0719506b
TXN_2154,USR_094,2023-06-09,7168,Rent,DEBIT,Completed,fb171950-3d5b-41ac-801a-809bddb6d053
TXN_2155,USR_094,2023-05-02,1652,Utility Bill,DEBIT,Completed,fb171950-3d5b-41ac-801a-809bddb6d053
TXN_2156,USR_094,2023-05-10,1858,Utility Bill,DEBIT,Completed,fb171950-3d5b-41ac-801a-809bddb6d053
TXN_2157,USR_094,2023-06-23,671,Food,DEBIT,Completed,fb171950-3d5b-41ac-801a-809bddb6d053
TXN_2158,USR_094,2023-06-15,1987,Savings,DEBIT,Completed,fb171950-3d5b-41ac-801a-809bddb6d053
TXN_2159,USR_094,2023-04-11,10051,Rent,DEBIT,Completed,fb171950-3d5b-41ac-801a-809bddb6d053
TXN_2160,USR_094,2023-05-04,951,Utility Bill,DEBIT,Completed,fb171950-3d5b-41ac-801a-809bddb6d053
TXN_2161,USR_094,2023-04-24,4384,Other Income,CREDIT,Completed,fb171950-3d5b-41ac-801a-809bddb6d053
TXN_2162,USR_094,2023-06-11,1467,Food,DEBIT,Completed,fb171950-3d5b-41ac-801a-809bddb6d053
TXN_2163,USR_094,2023-04-23,397,Shopping,DEBIT,Completed,fb171950-3d5b-41ac-801a-809bddb6d053
TXN_2164,USR_094,2023-05-16,2791,Savings,DEBIT,Completed,fb171950-3d5b-41ac-801a-809bddb6d053
TXN_2165,USR_094,2023-05-10,5854,Rent,DEBIT,Completed,fb171950-3d5b-41ac-801a-809bddb6d053
TXN_2166,USR_094,2023-04-16,2935,Shopping,DEBIT,Completed,fb171950-3d5b-41ac-801a-809bddb6d053
TXN_2167,USR_095,2023-04-04,1779,Transport,DEBIT,Completed,9ea71669-ef67-49aa-9a15-aa380af16505
TXN_2168,USR_095,2023-06-20,2786,Food,DEBIT,Completed,9ea71669-ef67-49aa-9a15-aa380af16505
TXN_2169,USR_095,2023-04-18,2312,Utility Bill,DEBIT,Completed,9ea71669-ef67-49aa-9a15-aa380af16505
TXN_2170,USR_095,2023-05-13,2102,Salary,CREDIT,Completed,9ea71669-ef67-49aa-9a15-aa380af16505
TXN_2171,USR_095,2023-05-18,4610,Savings,DEBIT,Completed,9ea71669-ef67-49aa-9a15-aa380af16505
TXN_2172,USR_095,2023-05-17,2087,Transport,DEBIT,Completed,9ea71669-ef67-49aa-9a15-aa380af16505
TXN_2173,USR_095,2023-04-22,926,Transport,DEBIT,Completed,9ea71669-ef67-49aa-9a15-aa380af16505
TXN_2174,USR_095,2023-06-01,1013,Savings,DEBIT,Completed,9ea71669-ef67-49aa-9a15-aa380af16505
TXN_2175,USR_095,2023-04-01,1179,Salary,CREDIT,Completed,9ea71669-ef67-49aa-9a15-aa380af16505
TXN_2176,USR_095,2023-05-25,7311,Rent,DEBIT,Completed,9ea71669-ef67-49aa-9a15-aa380af16505
TXN_2177,USR_095,2023-04-07,1854,Food,DEBIT,Completed,9ea71669-ef67-49aa-9a15-aa380af16505
TXN_2178,USR_096,2023-04-26,939,Transport,DEBIT,Completed,d1aab0d4-20aa-45b9-b697-bfb8a51f7df2
TXN_2179,USR_096,2023-06-13,2899,Transport,DEBIT,Completed,d1aab0d4-20aa-45b9-b697-bfb8a51f7df2
TXN_2180,USR_096,2023-05-10,351,Food,DEBIT,Completed,d1aab0d4-20aa-45b9-b697-bfb8a51f7df2
TXN_2181,USR_096,2023-06-05,3187,Other Income,CREDIT,Completed,d1aab0d4-20aa-45b9-b697-bfb8a51f7df2
TXN_2182,USR_096,2023-06-07,2308,Utility Bill,DEBIT,Late,d1aab0d4-20aa-45b9-b697-bfb8a51f7df2
TXN_2183,USR_096,2023-04-15,942,Other Income,CREDIT,Completed,d1aab0d4-20aa-45b9-b697-bfb8a51f7df2
TXN_2184,USR_096,2023-06-21,1864,Utility Bill,DEBIT,Late,d1aab0d4-20aa-45b9-b697-bfb8a51f7df2
TXN_2185,USR_096,2023-05-16,2554,Transport,DEBIT,Completed,d1aab0d4-20aa-45b9-b697-bfb8a51f7df2
TXN_2186,USR_096,2023-05-08,2158,Food,DEBIT,Completed,d1aab0d4-20aa-45b9-b697-bfb8a51f7df2
TXN_2187,USR_096,2023-05-30,8447,Rent,DEBIT,Late,d1aab0d4-20aa-45b9-b697-bfb8a51f7df2
TXN_2188,USR_096,2023-04-10,1812,Food,DEBIT,Completed,d1aab0d4-20aa-45b9-b697-bfb8a51f7df2
TXN_2189,USR_097,2023-04-11,3292,Other Income,CREDIT,Completed,d22976a2-b542-4ca5-9b80-39f7a7a147c4
TXN_2190,USR_097,2023-06-14,1807,Food,DEBIT,Completed,d22976a2-b542-4ca5-9b80-39f7a7a147c4
TXN_2191,USR_097,2023-06-14,2521,Other Income,CREDIT,Completed,d22976a2-b542-4ca5-9b80-39f7a7a147c4
TXN_2192,USR_097,2023-06-05,2722,Other Income,CREDIT,Completed,d22976a2-b542-4ca5-9b80-39f7a7a147c4
TXN_2193,USR_097,2023-05-13,861,Food,DEBIT,Completed,d22976a2-b542-4ca5-9b80-39f7a7a147c4
TXN_2194,USR_097,2023-04-28,532,Utility Bill,DEBIT,Completed,d22976a2-b542-4ca5-9b80-39f7a7a147c4
TXN_2195,USR_097,2023-04-17,627,Transport,DEBIT,Completed,d22976a2-b542-4ca5-9b80-39f7a7a147c4
TXN_2196,USR_097,2023-05-13,1684,Transport,DEBIT,Completed,d22976a2-b542-4ca5-9b80-39f7a7a147c4
TXN_2197,USR_097,2023-05-06,2075,Utility Bill,DEBIT,Completed,d22976a2-b542-4ca5-9b80-39f7a7a147c4
TXN_2198,USR_097,2023-04-26,1183,Savings,DEBIT,Completed,d22976a2-b542-4ca5-9b80-39f7a7a147c4
TXN_2199,USR_097,2023-05-30,1546,Shopping,DEBIT,Completed,d22976a2-b542-4ca5-9b80-39f7a7a147c4
TXN_2200,USR_097,2023-04-01,1688,Shopping,DEBIT,Completed,d22976a2-b542-4ca5-9b80-39f7a7a147c4
TXN_2201,USR_097,2023-05-13,1588,Shopping,DEBIT,Completed,d22976a2-b542-4ca5-9b80-39f7a7a147c4
TXN_2202,USR_098,2023-06-20,608,Food,DEBIT,Completed,ed8fb86e-113c-485e-97ee-00a219ba10d8
TXN_2203,USR_098,2023-04-08,674,Food,DEBIT,Completed,ed8fb86e-113c-485e-97ee-00a219ba10d8
TXN_2204,USR_098,2023-04-05,1879,Utility Bill,DEBIT,Completed,ed8fb86e-113c-485e-97ee-00a219ba10d8
TXN_2205,USR_098,2023-06-16,11505,Rent,DEBIT,Completed,ed8fb86e-113c-485e-97ee-00a219ba10d8
TXN_2206,USR_098,2023-06-16,50971,Salary,CREDIT,Completed,ed8fb86e-113c-485e-97ee-00a219ba10d8
TXN_2207,USR_098,2023-06-16,3369,Other Income,CREDIT,Completed,ed8fb86e-113c-485e-97ee-00a219ba10d8
TXN_2208,USR_098,2023-04-01,806,Utility Bill,DEBIT,Completed,ed8fb86e-113c-485e-97ee-00a219ba10d8
TXN_2209,USR_098,2023-05-03,10153,Rent,DEBIT,Completed,ed8fb86e-113c-485e-97ee-00a219ba10d8
TXN_2210,USR_098,2023-04-01,7158,Rent,DEBIT,Completed,ed8fb86e-113c-485e-97ee-00a219ba10d8
TXN_2211,USR_098,2023-06-20,2371,Utility Bill,DEBIT,Completed,ed8fb86e-113c-485e-97ee-00a219ba10d8
TXN_2212,USR_098,2023-06-16,516,Other Income,CREDIT,Completed,ed8fb86e-113c-485e-97ee-00a219ba10d8
TXN_2213,USR_098,2023-04-03,2406,Savings,DEBIT,Completed,ed8fb86e-113c-485e-97ee-00a219ba10d8
TXN_2214,USR_098,2023-04-01,1213,Transport,DEBIT,Completed,ed8fb86e-113c-485e-97ee-00a219ba10d8
TXN_2215,USR_099,2023-06-01,6512,Rent,DEBIT,Completed,71710ae9-67fe-4f23-a416-293ab13132a1
TXN_2216,USR_099,2023-05-27,5232,Rent,DEBIT,Late,71710ae9-67fe-4f23-a416-293ab13132a1
TXN_2217,USR_099,2023-05-04,2493,Utility Bill,DEBIT,Late,71710ae9-67fe-4f23-a416-293ab13132a1
TXN_2218,USR_099,2023-04-15,1788,Utility Bill,DEBIT,Completed,71710ae9-67fe-4f23-a416-293ab13132a1
TXN_2219,USR_099,2023-05-03,2852,Salary,CREDIT,Completed,71710ae9-67fe-4f23-a416-293ab13132a1
TXN_2220,USR_099,2023-06-03,2418,Savings,DEBIT,Completed,71710ae9-67fe-4f23-a416-293ab13132a1
TXN_2221,USR_099,2023-06-25,1484,Shopping,DEBIT,Completed,71710ae9-67fe-4f23-a416-293ab13132a1
TXN_2222,USR_099,2023-05-28,2531,Food,DEBIT,Completed,71710ae9-67fe-4f23-a416-293ab13132a1
TXN_2223,USR_099,2023-05-20,2433,Salary,CREDIT,Completed,71710ae9-67fe-4f23-a416-293ab13132a1
TXN_2224,USR_099,2023-05-01,1340,Savings,DEBIT,Completed,71710ae9-67fe-4f23-a416-293ab13132a1
TXN_2225,USR_100,2023-05-08,2730,Transport,DEBIT,Completed,ba0b8292-79cb-4332-ab23-18040d3a2f78
TXN_2226,USR_100,2023-06-25,8671,Rent,DEBIT,Late,ba0b8292-79cb-4332-ab23-18040d3a2f78
TXN_2227,USR_100,2023-04-08,40563,Salary,CREDIT,Completed,ba0b8292-79cb-4332-ab23-18040d3a2f78
TXN_2228,USR_100,2023-06-18,968,Food,DEBIT,Completed,ba0b8292-79cb-4332-ab23-18040d3a2f78
TXN_2229,USR_100,2023-05-09,2209,Utility Bill,DEBIT,Completed,ba0b8292-79cb-4332-ab23-18040d3a2f78
TXN_2230,USR_100,2023-06-23,2713,Transport,DEBIT,Completed,ba0b8292-79cb-4332-ab23-18040d3a2f78
TXN_2231,USR_100,2023-04-05,2127,Other Income,CREDIT,Completed,ba0b8292-79cb-4332-ab23-18040d3a2f78
TXN_2232,USR_100,2023-06-20,2991,Other Income,CREDIT,Completed,ba0b8292-79cb-4332-ab23-18040d3a2f78
TXN_2233,USR_100,2023-06-20,1242,Savings,DEBIT,Completed,ba0b8292-79cb-4332-ab23-18040d3a2f78
TXN_2234,USR_100,2023-04-26,2060,Shopping,DEBIT,Completed,ba0b8292-79cb-4332-ab23-18040d3a2f78
TXN_2235,USR_100,2023-06-25,552,Utility Bill,DEBIT,Completed,ba0b8292-79cb-4332-ab23-18040d3a2f78
TXN_2236,USR_101,2023-06-28,3233,Other Income,CREDIT,Completed,3ecf9a57-d56f-4975-b22a-a1ed9669a3a9
TXN_2237,USR_101,2023-06-01,7583,Rent,DEBIT,Completed,3ecf9a57-d56f-4975-b22a-a1ed9669a3a9
TXN_2238,USR_101,2023-06-08,1791,Utility Bill,DEBIT,Completed,3ecf9a57-d56f-4975-b22a-a1ed9669a3a9
TXN_2239,USR_101,2023-04-30,3149,Other Income,CREDIT,Completed,3ecf9a57-d56f-4975-b22a-a1ed9669a3a9
TXN_2240,USR_101,2023-04-13,2169,Transport,DEBIT,Completed,3ecf9a57-d56f-4975-b22a-a1ed9669a3a9
TXN_2241,USR_101,2023-04-04,176,Transport,DEBIT,Completed,3ecf9a57-d56f-4975-b22a-a1ed9669a3a9
TXN_2242,USR_101,2023-06-26,2320,Utility Bill,DEBIT,Completed,3ecf9a57-d56f-4975-b22a-a1ed9669a3a9
TXN_2243,USR_101,2023-05-22,3526,Other Income,CREDIT,Completed,3ecf9a57-d56f-4975-b22a-a1ed9669a3a9
TXN_2244,USR_101,2023-05-10,1858,Shopping,DEBIT,Completed,3ecf9a57-d56f-4975-b22a-a1ed9669a3a9
TXN_2245,USR_101,2023-05-18,8832,Rent,DEBIT,Completed,3ecf9a57-d56f-4975-b22a-a1ed9669a3a9
TXN_2246,USR_101,2023-05-02,1417,Other Income,CREDIT,Completed,3ecf9a57-d56f-4975-b22a-a1ed9669a3a9
TXN_2247,USR_101,2023-04-28,4818,Other Income,CREDIT,Completed,3ecf9a57-d56f-4975-b22a-a1ed9669a3a9
TXN_2248,USR_101,2023-06-22,255,Shopping,DEBIT,Completed,3ecf9a57-d56f-4975-b22a-a1ed9669a3a9
TXN_2249,USR_102,2023-05-09,10492,Rent,DEBIT,Completed,302b7b0f-2dbc-427e-b9f4-db2d19f9e138
TXN_2250,USR_102,2023-06-15,1630,Food,DEBIT,Completed,302b7b0f-2dbc-427e-b9f4-db2d19f9e138
TXN_2251,USR_102,2023-06-12,986,Food,DEBIT,Completed,302b7b0f-2dbc-427e-b9f4-db2d19f9e138
TXN_2252,USR_102,2023-05-09,1522,Other Income,CREDIT,Completed,302b7b0f-2dbc-427e-b9f4-db2d19f9e138
TXN_2253,USR_102,2023-04-16,1823,Other Income,CREDIT,Completed,302b7b0f-2dbc-427e-b9f4-db2d19f9e138
TXN_2254,USR_102,2023-06-12,2590,Savings,DEBIT,Completed,302b7b0f-2dbc-427e-b9f4-db2d19f9e138
TXN_2255,USR_102,2023-06-10,2728,Transport,DEBIT,Completed,302b7b0f-2dbc-427e-b9f4-db2d19f9e138
TXN_2256,USR_102,2023-06-20,1744,Food,DEBIT,Completed,302b7b0f-2dbc-427e-b9f4-db2d19f9e138
TXN_2257,USR_102,2023-05-06,1688,Utility Bill,DEBIT,Late,302b7b0f-2dbc-427e-b9f4-db2d19f9e138
TXN_2258,USR_102,2023-06-11,1730,Shopping,DEBIT,Completed,302b7b0f-2dbc-427e-b9f4-db2d19f9e138
TXN_2259,USR_103,2023-04-26,10426,Rent,DEBIT,Completed,a69c26af-18ae-4e2e-9164-382ecef3c810
TXN_2260,USR_103,2023-04-26,7623,Rent,DEBIT,Completed,a69c26af-18ae-4e2e-9164-382ecef3c810
TXN_2261,USR_103,2023-05-30,2948,Other Income,CREDIT,Completed,a69c26af-18ae-4e2e-9164-382ecef3c810
TXN_2262,USR_103,2023-04-26,1142,Utility Bill,DEBIT,Completed,a69c26af-18ae-4e2e-9164-382ecef3c810
TXN_2263,USR_103,2023-04-14,2552,Savings,DEBIT,Completed,a69c26af-18ae-4e2e-9164-382ecef3c810
TXN_2264,USR_103,2023-04-28,2713,Other Income,CREDIT,Completed,a69c26af-18ae-4e2e-9164-382ecef3c810
TXN_2265,USR_103,2023-05-14,4531,Savings,DEBIT,Completed,a69c26af-18ae-4e2e-9164-382ecef3c810
TXN_2266,USR_103,2023-05-02,1413,Utility Bill,DEBIT,Completed,a69c26af-18ae-4e2e-9164-382ecef3c810
TXN_2267,USR_103,2023-05-03,1740,Shopping,DEBIT,Completed,a69c26af-18ae-4e2e-9164-382ecef3c810
TXN_2268,USR_103,2023-05-26,8249,Rent,DEBIT,Completed,a69c26af-18ae-4e2e-9164-382ecef3c810
TXN_2269,USR_103,2023-06-15,8369,Rent,DEBIT,Completed,a69c26af-18ae-4e2e-9164-382ecef3c810
TXN_2270,USR_103,2023-06-18,1139,Utility Bill,DEBIT,Completed,a69c26af-18ae-4e2e-9164-382ecef3c810
TXN_2271,USR_104,2023-06-10,2018,Shopping,DEBIT,Completed,3aeb1a1c-af8c-4ea9-b13b-a231cb7d077a
TXN_2272,USR_104,2023-05-30,1608,Savings,DEBIT,Completed,3aeb1a1c-af8c-4ea9-b13b-a231cb7d077a
TXN_2273,USR_104,2023-05-03,8496,Rent,DEBIT,Late,3aeb1a1c-af8c-4ea9-b13b-a231cb7d077a
TXN_2274,USR_104,2023-05-03,2465,Transport,DEBIT,Completed,3aeb1a1c-af8c-4ea9-b13b-a231cb7d077a
TXN_2275,USR_104,2023-06-21,7161,Rent,DEBIT,Completed,3aeb1a1c-af8c-4ea9-b13b-a231cb7d077a
TXN_2276,USR_104,2023-06-21,2243,Shopping,DEBIT,Completed,3aeb1a1c-af8c-4ea9-b13b-a231cb7d077a
TXN_2277,USR_104,2023-06-30,831,Food,DEBIT,Completed,3aeb1a1c-af8c-4ea9-b13b-a231cb7d077a
TXN_2278,USR_104,2023-04-12,32581,Salary,CREDIT,Completed,3aeb1a1c-af8c-4ea9-b13b-a231cb7d077a
TXN_2279,USR_104,2023-06-24,1006,Transport,DEBIT,Completed,3aeb1a1c-af8c-4ea9-b13b-a231cb7d077a
TXN_2280,USR_104,2023-06-02,1658,Savings,DEBIT,Completed,3aeb1a1c-af8c-4ea9-b13b-a231cb7d077a
TXN_2281,USR_104,2023-06-27,2324,Transport,DEBIT,Completed,3aeb1a1c-af8c-4ea9-b13b-a231cb7d077a
TXN_2282,USR_104,2023-06-16,1302,Utility Bill,DEBIT,Completed,3aeb1a1c-af8c-4ea9-b13b-a231cb7d077a
TXN_2283,USR_104,2023-04-28,2508,Savings,DEBIT,Completed,3aeb1a1c-af8c-4ea9-b13b-a231cb7d077a
TXN_2284,USR_104,2023-05-13,1530,Transport,DEBIT,Completed,3aeb1a1c-af8c-4ea9-b13b-a231cb7d077a
TXN_2285,USR_104,2023-04-28,9371,Rent,DEBIT,Completed,3aeb1a1c-af8c-4ea9-b13b-a231cb7d077a
TXN_2286,USR_105,2023-05-14,3221,Other Income,CREDIT,Completed,928d56eb-13de-4a08-8885-d73a5bf8043d
TXN_2287,USR_105,2023-06-30,3131,Savings,DEBIT,Completed,928d56eb-13de-4a08-8885-d73a5bf8043d
TXN_2288,USR_105,2023-04-17,1354,Other Income,CREDIT,Completed,928d56eb-13de-4a08-8885-d73a5bf8043d
TXN_2289,USR_105,2023-06-07,1241,Utility Bill,DEBIT,Completed,928d56eb-13de-4a08-8885-d73a5bf8043d
TXN_2290,USR_105,2023-06-06,1367,Food,DEBIT,Completed,928d56eb-13de-4a08-8885-d73a5bf8043d
TXN_2291,USR_105,2023-04-03,1763,Utility Bill,DEBIT,Completed,928d56eb-13de-4a08-8885-d73a5bf8043d
TXN_2292,USR_105,2023-04-11,848,Transport,DEBIT,Completed,928d56eb-13de-4a08-8885-d73a5bf8043d
TXN_2293,USR_105,2023-06-05,223,Shopping,DEBIT,Completed,928d56eb-13de-4a08-8885-d73a5bf8043d
TXN_2294,USR_105,2023-04-05,2901,Transport,DEBIT,Completed,928d56eb-13de-4a08-8885-d73a5bf8043d
TXN_2295,USR_105,2023-05-07,1726,Other Income,CREDIT,Completed,928d56eb-13de-4a08-8885-d73a5bf8043d
TXN_2296,USR_105,2023-04-27,1261,Shopping,DEBIT,Completed,928d56eb-13de-4a08-8885-d73a5bf8043d
TXN_2297,USR_105,2023-05-01,11756,Rent,DEBIT,Completed,928d56eb-13de-4a08-8885-d73a5bf8043d
TXN_2298,USR_105,2023-05-31,5084,Rent,DEBIT,Completed,928d56eb-13de-4a08-8885-d73a5bf8043d
TXN_2299,USR_105,2023-06-18,1336,Shopping,DEBIT,Completed,928d56eb-13de-4a08-8885-d73a5bf8043d
TXN_2300,USR_105,2023-04-01,2325,Utility Bill,DEBIT,Completed,928d56eb-13de-4a08-8885-d73a5bf8043d
TXN_2301,USR_106,2023-04-19,3707,Salary,CREDIT,Completed,0df1e7e9-41aa-4e45-86ca-f30184114aa2
TXN_2302,USR_106,2023-04-15,2462,Savings,DEBIT,Completed,0df1e7e9-41aa-4e45-86ca-f30184114aa2
TXN_2303,USR_106,2023-04-12,4812,Savings,DEBIT,Completed,0df1e7e9-41aa-4e45-86ca-f30184114aa2
TXN_2304,USR_106,2023-04-25,2464,Transport,DEBIT,Completed,0df1e7e9-41aa-4e45-86ca-f30184114aa2
TXN_2305,USR_106,2023-06-18,1533,Food,DEBIT,Completed,0df1e7e9-41aa-4e45-86ca-f30184114aa2
TXN_2306,USR_106,2023-05-20,781,Salary,CREDIT,Completed,0df1e7e9-41aa-4e45-86ca-f30184114aa2
TXN_2307,USR_106,2023-06-24,869,Food,DEBIT,Completed,0df1e7e9-41aa-4e45-86ca-f30184114aa2
TXN_2308,USR_106,2023-04-28,2126,Salary,CREDIT,Completed,0df1e7e9-41aa-4e45-86ca-f30184114aa2
TXN_2309,USR_106,2023-05-16,8299,Rent,DEBIT,Completed,0df1e7e9-41aa-4e45-86ca-f30184114aa2
TXN_2310,USR_106,2023-05-08,481,Transport,DEBIT,Completed,0df1e7e9-41aa-4e45-86ca-f30184114aa2
TXN_2311,USR_106,2023-04-13,1320,Shopping,DEBIT,Completed,0df1e7e9-41aa-4e45-86ca-f30184114aa2
TXN_2312,USR_107,2023-06-11,6305,Rent,DEBIT,Completed,7b46e1a5-ce73-4d15-adb4-fafd6bfe23a2
TXN_2313,USR_107,2023-05-14,2822,Savings,DEBIT,Completed,7b46e1a5-ce73-4d15-adb4-fafd6bfe23a2
TXN_2314,USR_107,2023-06-20,357,Shopping,DEBIT,Completed,7b46e1a5-ce73-4d15-adb4-fafd6bfe23a2
TXN_2315,USR_107,2023-06-15,6951,Rent,DEBIT,Completed,7b46e1a5-ce73-4d15-adb4-fafd6bfe23a2
TXN_2316,USR_107,2023-06-06,1657,Savings,DEBIT,Completed,7b46e1a5-ce73-4d15-adb4-fafd6bfe23a2
TXN_2317,USR_107,2023-06-30,817,Utility Bill,DEBIT,Completed,7b46e1a5-ce73-4d15-adb4-fafd6bfe23a2
TXN_2318,USR_107,2023-04-05,1615,Utility Bill,DEBIT,Completed,7b46e1a5-ce73-4d15-adb4-fafd6bfe23a2
TXN_2319,USR_107,2023-06-11,457,Transport,DEBIT,Completed,7b46e1a5-ce73-4d15-adb4-fafd6bfe23a2
TXN_2320,USR_107,2023-04-11,1001,Utility Bill,DEBIT,Completed,7b46e1a5-ce73-4d15-adb4-fafd6bfe23a2
TXN_2321,USR_107,2023-04-11,1847,Shopping,DEBIT,Completed,7b46e1a5-ce73-4d15-adb4-fafd6bfe23a2
TXN_2322,USR_107,2023-06-28,1042,Utility Bill,DEBIT,Completed,7b46e1a5-ce73-4d15-adb4-fafd6bfe23a2
TXN_2323,USR_108,2023-04-08,2260,Transport,DEBIT,Completed,c693b4af-4852-4b4d-9ca6-38ec191250a3
TXN_2324,USR_108,2023-04-29,1671,Transport,DEBIT,Completed,c693b4af-4852-4b4d-9ca6-38ec191250a3
TXN_2325,USR_108,2023-04-04,643,Utility Bill,DEBIT,Late,c693b4af-4852-4b4d-9ca6-38ec191250a3
TXN_2326,USR_108,2023-05-20,11893,Rent,DEBIT,Completed,c693b4af-4852-4b4d-9ca6-38ec191250a3
TXN_2327,USR_108,2023-04-13,2315,Food,DEBIT,Completed,c693b4af-4852-4b4d-9ca6-38ec191250a3
TXN_2328,USR_108,2023-05-20,2218,Food,DEBIT,Completed,c693b4af-4852-4b4d-9ca6-38ec191250a3
TXN_2329,USR_108,2023-04-02,2996,Food,DEBIT,Completed,c693b4af-4852-4b4d-9ca6-38ec191250a3
TXN_2330,USR_108,2023-05-06,2149,Salary,CREDIT,Completed,c693b4af-4852-4b4d-9ca6-38ec191250a3
TXN_2331,USR_108,2023-05-31,2922,Food,DEBIT,Completed,c693b4af-4852-4b4d-9ca6-38ec191250a3
TXN_2332,USR_108,2023-06-10,2294,Shopping,DEBIT,Completed,c693b4af-4852-4b4d-9ca6-38ec191250a3
TXN_2333,USR_108,2023-05-29,2635,Savings,DEBIT,Completed,c693b4af-4852-4b4d-9ca6-38ec191250a3
TXN_2334,USR_108,2023-05-24,2159,Transport,DEBIT,Completed,c693b4af-4852-4b4d-9ca6-38ec191250a3
TXN_2335,USR_108,2023-04-25,2547,Transport,DEBIT,Completed,c693b4af-4852-4b4d-9ca6-38ec191250a3
TXN_2336,USR_109,2023-04-23,1767,Salary,CREDIT,Completed,7d8c60dd-279d-4485-9797-0339fdcf3a0b
TXN_2337,USR_109,2023-06-13,887,Shopping,DEBIT,Completed,7d8c60dd-279d-4485-9797-0339fdcf3a0b
TXN_2338,USR_109,2023-06-06,1200,Savings,DEBIT,Completed,7d8c60dd-279d-4485-9797-0339fdcf3a0b
TXN_2339,USR_109,2023-05-19,1824,Salary,CREDIT,Completed,7d8c60dd-279d-4485-9797-0339fdcf3a0b
TXN_2340,USR_109,2023-06-03,2727,Transport,DEBIT,Completed,7d8c60dd-279d-4485-9797-0339fdcf3a0b
TXN_2341,USR_109,2023-04-18,1951,Utility Bill,DEBIT,Late,7d8c60dd-279d-4485-9797-0339fdcf3a0b
TXN_2342,USR_109,2023-05-27,3125,Savings,DEBIT,Completed,7d8c60dd-279d-4485-9797-0339fdcf3a0b
TXN_2343,USR_109,2023-06-10,1094,Food,DEBIT,Completed,7d8c60dd-279d-4485-9797-0339fdcf3a0b
TXN_2344,USR_109,2023-04-30,4169,Salary,CREDIT,Completed,7d8c60dd-279d-4485-9797-0339fdcf3a0b
TXN_2345,USR_109,2023-04-24,2716,Transport,DEBIT,Completed,7d8c60dd-279d-4485-9797-0339fdcf3a0b
TXN_2346,USR_109,2023-06-14,1563,Utility Bill,DEBIT,Late,7d8c60dd-279d-4485-9797-0339fdcf3a0b
TXN_2347,USR_109,2023-06-28,2209,Savings,DEBIT,Completed,7d8c60dd-279d-4485-9797-0339fdcf3a0b
TXN_2348,USR_110,2023-04-10,4845,Other Income,CREDIT,Completed,37e1633f-7b7e-47f0-8444-a2f8d85bee29
TXN_2349,USR_110,2023-05-27,2140,Utility Bill,DEBIT,Completed,37e1633f-7b7e-47f0-8444-a2f8d85bee29
TXN_2350,USR_110,2023-06-20,1457,Shopping,DEBIT,Completed,37e1633f-7b7e-47f0-8444-a2f8d85bee29
TXN_2351,USR_110,2023-04-20,814,Shopping,DEBIT,Completed,37e1633f-7b7e-47f0-8444-a2f8d85bee29
TXN_2352,USR_110,2023-06-27,4735,Other Income,CREDIT,Completed,37e1633f-7b7e-47f0-8444-a2f8d85bee29
TXN_2353,USR_110,2023-06-29,2789,Savings,DEBIT,Completed,37e1633f-7b7e-47f0-8444-a2f8d85bee29
TXN_2354,USR_110,2023-04-01,606,Utility Bill,DEBIT,Completed,37e1633f-7b7e-47f0-8444-a2f8d85bee29
TXN_2355,USR_110,2023-04-01,182,Shopping,DEBIT,Completed,37e1633f-7b7e-47f0-8444-a2f8d85bee29
TXN_2356,USR_110,2023-06-02,3737,Other Income,CREDIT,Completed,37e1633f-7b7e-47f0-8444-a2f8d85bee29
TXN_2357,USR_110,2023-04-29,2403,Food,DEBIT,Completed,37e1633f-7b7e-47f0-8444-a2f8d85bee29
TXN_2358,USR_110,2023-05-02,901,Transport,DEBIT,Completed,37e1633f-7b7e-47f0-8444-a2f8d85bee29
TXN_2359,USR_110,2023-04-12,2110,Other Income,CREDIT,Completed,37e1633f-7b7e-47f0-8444-a2f8d85bee29
TXN_2360,USR_110,2023-06-15,9640,Rent,DEBIT,Completed,37e1633f-7b7e-47f0-8444-a2f8d85bee29
TXN_2361,USR_110,2023-06-14,9742,Rent,DEBIT,Completed,37e1633f-7b7e-47f0-8444-a2f8d85bee29
TXN_2362,USR_111,2023-06-22,6246,Rent,DEBIT,Completed,824895cf-a6a1-435a-8e86-d033ab39bea7
TXN_2363,USR_111,2023-06-27,2671,Shopping,DEBIT,Completed,824895cf-a6a1-435a-8e86-d033ab39bea7
TXN_2364,USR_111,2023-04-03,220,Shopping,DEBIT,Completed,824895cf-a6a1-435a-8e86-d033ab39bea7
TXN_2365,USR_111,2023-04-13,2002,Utility Bill,DEBIT,Completed,824895cf-a6a1-435a-8e86-d033ab39bea7
TXN_2366,USR_111,2023-06-12,845,Transport,DEBIT,Completed,824895cf-a6a1-435a-8e86-d033ab39bea7
TXN_2367,USR_111,2023-06-30,2781,Transport,DEBIT,Completed,824895cf-a6a1-435a-8e86-d033ab39bea7
TXN_2368,USR_111,2023-04-11,547,Transport,DEBIT,Completed,824895cf-a6a1-435a-8e86-d033ab39bea7
TXN_2369,USR_111,2023-06-22,1361,Transport,DEBIT,Completed,824895cf-a6a1-435a-8e86-d033ab39bea7
TXN_2370,USR_111,2023-04-11,1616,Utility Bill,DEBIT,Completed,824895cf-a6a1-435a-8e86-d033ab39bea7
TXN_2371,USR_111,2023-05-28,896,Utility Bill,DEBIT,Completed,824895cf-a6a1-435a-8e86-d033ab39bea7
TXN_2372,USR_111,2023-06-29,679,Utility Bill,DEBIT,Completed,824895cf-a6a1-435a-8e86-d033ab39bea7
TXN_2373,USR_111,2023-04-20,2304,Food,DEBIT,Completed,824895cf-a6a1-435a-8e86-d033ab39bea7
TXN_2374,USR_111,2023-04-18,4727,Savings,DEBIT,Completed,824895cf-a6a1-435a-8e86-d033ab39bea7
TXN_2375,USR_111,2023-06-03,2406,Other Income,CREDIT,Completed,824895cf-a6a1-435a-8e86-d033ab39bea7
TXN_2376,USR_111,2023-04-06,2706,Food,DEBIT,Completed,824895cf-a6a1-435a-8e86-d033ab39bea7
TXN_2377,USR_112,2023-06-22,1335,Food,DEBIT,Completed,448a8f1f-eacf-4575-a7ca-474b7f9ea64e
TXN_2378,USR_112,2023-04-08,3957,Savings,DEBIT,Completed,448a8f1f-eacf-4575-a7ca-474b7f9ea64e
TXN_2379,USR_112,2023-04-16,6341,Rent,DEBIT,Completed,448a8f1f-eacf-4575-a7ca-474b7f9ea64e
TXN_2380,USR_112,2023-05-14,1633,Savings,DEBIT,Completed,448a8f1f-eacf-4575-a7ca-474b7f9ea64e
TXN_2381,USR_112,2023-06-27,706,Utility Bill,DEBIT,Completed,448a8f1f-eacf-4575-a7ca-474b7f9ea64e
TXN_2382,USR_112,2023-04-19,246,Shopping,DEBIT,Completed,448a8f1f-eacf-4575-a7ca-474b7f9ea64e
TXN_2383,USR_112,2023-05-23,673,Other Income,CREDIT,Completed,448a8f1f-eacf-4575-a7ca-474b7f9ea64e
TXN_2384,USR_112,2023-05-28,231,Transport,DEBIT,Completed,448a8f1f-eacf-4575-a7ca-474b7f9ea64e
TXN_2385,USR_112,2023-06-25,2352,Savings,DEBIT,Completed,448a8f1f-eacf-4575-a7ca-474b7f9ea64e
TXN_2386,USR_112,2023-04-10,2299,Shopping,DEBIT,Completed,448a8f1f-eacf-4575-a7ca-474b7f9ea64e
TXN_2387,USR_113,2023-05-27,2333,Savings,DEBIT,Completed,10fcaf88-dece-43c4-993d-b4ca9bd91a93
TXN_2388,USR_113,2023-05-02,1166,Savings,DEBIT,Completed,10fcaf88-dece-43c4-993d-b4ca9bd91a93
TXN_2389,USR_113,2023-04-12,2742,Shopping,DEBIT,Completed,10fcaf88-dece-43c4-993d-b4ca9bd91a93
TXN_2390,USR_113,2023-05-09,2954,Food,DEBIT,Completed,10fcaf88-dece-43c4-993d-b4ca9bd91a93
TXN_2391,USR_113,2023-04-07,743,Transport,DEBIT,Completed,10fcaf88-dece-43c4-993d-b4ca9bd91a93
TXN_2392,USR_113,2023-06-06,11194,Rent,DEBIT,Completed,10fcaf88-dece-43c4-993d-b4ca9bd91a93
TXN_2393,USR_113,2023-04-16,1216,Other Income,CREDIT,Completed,10fcaf88-dece-43c4-993d-b4ca9bd91a93
TXN_2394,USR_113,2023-04-21,2191,Food,DEBIT,Completed,10fcaf88-dece-43c4-993d-b4ca9bd91a93
TXN_2395,USR_113,2023-06-25,1334,Food,DEBIT,Completed,10fcaf88-dece-43c4-993d-b4ca9bd91a93
TXN_2396,USR_113,2023-05-17,8061,Rent,DEBIT,Completed,10fcaf88-dece-43c4-993d-b4ca9bd91a93
TXN_2397,USR_114,2023-05-07,4561,Savings,DEBIT,Completed,e17eae13-5da4-41d3-bbf5-35990c7ae146
TXN_2398,USR_114,2023-05-19,3087,Other Income,CREDIT,Completed,e17eae13-5da4-41d3-bbf5-35990c7ae146
TXN_2399,USR_114,2023-05-23,581,Shopping,DEBIT,Completed,e17eae13-5da4-41d3-bbf5-35990c7ae146
TXN_2400,USR_114,2023-04-25,420,Food,DEBIT,Completed,e17eae13-5da4-41d3-bbf5-35990c7ae146
TXN_2401,USR_114,2023-05-07,1986,Other Income,CREDIT,Completed,e17eae13-5da4-41d3-bbf5-35990c7ae146
TXN_2402,USR_114,2023-04-12,131,Transport,DEBIT,Completed,e17eae13-5da4-41d3-bbf5-35990c7ae146
TXN_2403,USR_114,2023-05-15,850,Transport,DEBIT,Completed,e17eae13-5da4-41d3-bbf5-35990c7ae146
TXN_2404,USR_114,2023-05-18,1502,Utility Bill,DEBIT,Completed,e17eae13-5da4-41d3-bbf5-35990c7ae146
TXN_2405,USR_114,2023-06-17,6051,Salary,CREDIT,Completed,e17eae13-5da4-41d3-bbf5-35990c7ae146
TXN_2406,USR_114,2023-04-20,2709,Food,DEBIT,Completed,e17eae13-5da4-41d3-bbf5-35990c7ae146
TXN_2407,USR_115,2023-06-20,1978,Utility Bill,DEBIT,Completed,426a2fe9-539c-40e8-8fae-35d998dd3b6b
TXN_2408,USR_115,2023-05-01,757,Utility Bill,DEBIT,Completed,426a2fe9-539c-40e8-8fae-35d998dd3b6b
TXN_2409,USR_115,2023-06-06,2471,Food,DEBIT,Completed,426a2fe9-539c-40e8-8fae-35d998dd3b6b
TXN_2410,USR_115,2023-05-05,914,Food,DEBIT,Completed,426a2fe9-539c-40e8-8fae-35d998dd3b6b
TXN_2411,USR_115,2023-06-22,977,Transport,DEBIT,Completed,426a2fe9-539c-40e8-8fae-35d998dd3b6b
TXN_2412,USR_115,2023-04-17,589,Utility Bill,DEBIT,Completed,426a2fe9-539c-40e8-8fae-35d998dd3b6b
TXN_2413,USR_115,2023-04-24,663,Shopping,DEBIT,Completed,426a2fe9-539c-40e8-8fae-35d998dd3b6b
TXN_2414,USR_115,2023-05-02,280,Food,DEBIT,Completed,426a2fe9-539c-40e8-8fae-35d998dd3b6b
TXN_2415,USR_115,2023-05-23,11640,Rent,DEBIT,Completed,426a2fe9-539c-40e8-8fae-35d998dd3b6b
TXN_2416,USR_115,2023-04-26,2090,Transport,DEBIT,Completed,426a2fe9-539c-40e8-8fae-35d998dd3b6b
TXN_2417,USR_115,2023-04-22,7886,Rent,DEBIT,Completed,426a2fe9-539c-40e8-8fae-35d998dd3b6b
TXN_2418,USR_115,2023-06-14,9876,Rent,DEBIT,Completed,426a2fe9-539c-40e8-8fae-35d998dd3b6b
TXN_2419,USR_116,2023-05-27,2057,Savings,DEBIT,Completed,4e5e9d03-d7a9-498f-a6f9-591bc6c476b1
TXN_2420,USR_116,2023-04-02,2837,Shopping,DEBIT,Completed,4e5e9d03-d7a9-498f-a6f9-591bc6c476b1
TXN_2421,USR_116,2023-05-06,4833,Salary,CREDIT,Completed,4e5e9d03-d7a9-498f-a6f9-591bc6c476b1
TXN_2422,USR_116,2023-05-06,4960,Salary,CREDIT,Completed,4e5e9d03-d7a9-498f-a6f9-591bc6c476b1
TXN_2423,USR_116,2023-05-30,1960,Salary,CREDIT,Completed,4e5e9d03-d7a9-498f-a6f9-591bc6c476b1
TXN_2424,USR_116,2023-05-28,907,Shopping,DEBIT,Completed,4e5e9d03-d7a9-498f-a6f9-591bc6c476b1
TXN_2425,USR_116,2023-04-03,1481,Shopping,DEBIT,Completed,4e5e9d03-d7a9-498f-a6f9-591bc6c476b1
TXN_2426,USR_116,2023-04-05,2855,Savings,DEBIT,Completed,4e5e9d03-d7a9-498f-a6f9-591bc6c476b1
TXN_2427,USR_116,2023-04-08,7762,Rent,DEBIT,Completed,4e5e9d03-d7a9-498f-a6f9-591bc6c476b1
TXN_2428,USR_116,2023-04-23,7867,Rent,DEBIT,Completed,4e5e9d03-d7a9-498f-a6f9-591bc6c476b1
TXN_2429,USR_116,2023-05-05,1210,Utility Bill,DEBIT,Completed,4e5e9d03-d7a9-498f-a6f9-591bc6c476b1
TXN_2430,USR_116,2023-04-20,1394,Transport,DEBIT,Completed,4e5e9d03-d7a9-498f-a6f9-591bc6c476b1
TXN_2431,USR_117,2023-04-30,10473,Rent,DEBIT,Completed,f7e9737a-4dd9-4258-a87a-1e2e20c14b3b
TXN_2432,USR_117,2023-04-20,9395,Rent,DEBIT,Completed,f7e9737a-4dd9-4258-a87a-1e2e20c14b3b
TXN_2433,USR_117,2023-06-13,1062,Transport,DEBIT,Completed,f7e9737a-4dd9-4258-a87a-1e2e20c14b3b
TXN_2434,USR_117,2023-04-07,2447,Utility Bill,DEBIT,Completed,f7e9737a-4dd9-4258-a87a-1e2e20c14b3b
TXN_2435,USR_117,2023-05-30,1149,Food,DEBIT,Completed,f7e9737a-4dd9-4258-a87a-1e2e20c14b3b
TXN_2436,USR_117,2023-04-06,2222,Utility Bill,DEBIT,Completed,f7e9737a-4dd9-4258-a87a-1e2e20c14b3b
TXN_2437,USR_117,2023-04-07,4496,Savings,DEBIT,Completed,f7e9737a-4dd9-4258-a87a-1e2e20c14b3b
TXN_2438,USR_117,2023-04-28,3734,Savings,DEBIT,Completed,f7e9737a-4dd9-4258-a87a-1e2e20c14b3b
TXN_2439,USR_117,2023-04-07,32854,Salary,CREDIT,Completed,f7e9737a-4dd9-4258-a87a-1e2e20c14b3b
TXN_2440,USR_117,2023-04-30,1240,Utility Bill,DEBIT,Completed,f7e9737a-4dd9-4258-a87a-1e2e20c14b3b
TXN_2441,USR_117,2023-04-14,1772,Food,DEBIT,Completed,f7e9737a-4dd9-4258-a87a-1e2e20c14b3b
TXN_2442,USR_118,2023-05-17,2247,Utility Bill,DEBIT,Completed,d1fbacfc-9652-4700-a0f1-1404a0fa726a
TXN_2443,USR_118,2023-06-28,2279,Food,DEBIT,Completed,d1fbacfc-9652-4700-a0f1-1404a0fa726a
TXN_2444,USR_118,2023-04-20,10346,Rent,DEBIT,Completed,d1fbacfc-9652-4700-a0f1-1404a0fa726a
TXN_2445,USR_118,2023-05-28,10042,Rent,DEBIT,Completed,d1fbacfc-9652-4700-a0f1-1404a0fa726a
TXN_2446,USR_118,2023-04-23,2502,Shopping,DEBIT,Completed,d1fbacfc-9652-4700-a0f1-1404a0fa726a
TXN_2447,USR_118,2023-04-29,979,Utility Bill,DEBIT,Completed,d1fbacfc-9652-4700-a0f1-1404a0fa726a
TXN_2448,USR_118,2023-04-09,4604,Other Income,CREDIT,Completed,d1fbacfc-9652-4700-a0f1-1404a0fa726a
TXN_2449,USR_118,2023-06-29,4447,Other Income,CREDIT,Completed,d1fbacfc-9652-4700-a0f1-1404a0fa726a
TXN_2450,USR_118,2023-05-28,2120,Shopping,DEBIT,Completed,d1fbacfc-9652-4700-a0f1-1404a0fa726a
TXN_2451,USR_118,2023-05-21,284,Shopping,DEBIT,Completed,d1fbacfc-9652-4700-a0f1-1404a0fa726a
TXN_2452,USR_118,2023-04-17,1940,Transport,DEBIT,Completed,d1fbacfc-9652-4700-a0f1-1404a0fa726a
TXN_2453,USR_118,2023-05-01,8572,Rent,DEBIT,Completed,d1fbacfc-9652-4700-a0f1-1404a0fa726a
TXN_2454,USR_118,2023-06-22,2205,Transport,DEBIT,Completed,d1fbacfc-9652-4700-a0f1-1404a0fa726a
TXN_2455,USR_118,2023-05-22,744,Other Income,CREDIT,Completed,d1fbacfc-9652-4700-a0f1-1404a0fa726a
TXN_2456,USR_118,2023-04-05,1330,Food,DEBIT,Completed,d1fbacfc-9652-4700-a0f1-1404a0fa726a
TXN_2457,USR_119,2023-04-29,3202,Salary,CREDIT,Completed,a7488f6f-76b1-43d6-94c9-30715356a3fc
TXN_2458,USR_119,2023-06-19,2151,Salary,CREDIT,Completed,a7488f6f-76b1-43d6-94c9-30715356a3fc
TXN_2459,USR_119,2023-06-26,2046,Food,DEBIT,Completed,a7488f6f-76b1-43d6-94c9-30715356a3fc
TXN_2460,USR_119,2023-06-26,9501,Rent,DEBIT,Completed,a7488f6f-76b1-43d6-94c9-30715356a3fc
TXN_2461,USR_119,2023-05-20,9585,Rent,DEBIT,Completed,a7488f6f-76b1-43d6-94c9-30715356a3fc
TXN_2462,USR_119,2023-04-23,2222,Food,DEBIT,Completed,a7488f6f-76b1-43d6-94c9-30715356a3fc
TXN_2463,USR_119,2023-05-11,3293,Salary,CREDIT,Completed,a7488f6f-76b1-43d6-94c9-30715356a3fc
TXN_2464,USR_119,2023-04-18,581,Utility Bill,DEBIT,Completed,a7488f6f-76b1-43d6-94c9-30715356a3fc
TXN_2465,USR_119,2023-04-20,10109,Rent,DEBIT,Completed,a7488f6f-76b1-43d6-94c9-30715356a3fc
TXN_2466,USR_119,2023-05-26,1914,Utility Bill,DEBIT,Completed,a7488f6f-76b1-43d6-94c9-30715356a3fc
TXN_2467,USR_119,2023-06-01,1172,Salary,CREDIT,Completed,a7488f6f-76b1-43d6-94c9-30715356a3fc
TXN_2468,USR_119,2023-04-06,2449,Shopping,DEBIT,Completed,a7488f6f-76b1-43d6-94c9-30715356a3fc
TXN_2469,USR_119,2023-04-10,374,Transport,DEBIT,Completed,a7488f6f-76b1-43d6-94c9-30715356a3fc
TXN_2470,USR_120,2023-04-17,1052,Other Income,CREDIT,Completed,70b1a00f-34ed-4813-bcad-639dd2cefec1
TXN_2471,USR_120,2023-04-03,1362,Other Income,CREDIT,Completed,70b1a00f-34ed-4813-bcad-639dd2cefec1
TXN_2472,USR_120,2023-06-28,6843,Rent,DEBIT,Completed,70b1a00f-34ed-4813-bcad-639dd2cefec1
TXN_2473,USR_120,2023-04-03,1988,Other Income,CREDIT,Completed,70b1a00f-34ed-4813-bcad-639dd2cefec1
TXN_2474,USR_120,2023-04-19,586,Transport,DEBIT,Completed,70b1a00f-34ed-4813-bcad-639dd2cefec1
TXN_2475,USR_120,2023-06-23,10325,Rent,DEBIT,Completed,70b1a00f-34ed-4813-bcad-639dd2cefec1
TXN_2476,USR_120,2023-06-03,2902,Other Income,CREDIT,Completed,70b1a00f-34ed-4813-bcad-639dd2cefec1
TXN_2477,USR_120,2023-04-15,1831,Food,DEBIT,Completed,70b1a00f-34ed-4813-bcad-639dd2cefec1
TXN_2478,USR_120,2023-06-28,3931,Other Income,CREDIT,Completed,70b1a00f-34ed-4813-bcad-639dd2cefec1
TXN_2479,USR_120,2023-06-19,2485,Other Income,CREDIT,Completed,70b1a00f-34ed-4813-bcad-639dd2cefec1
TXN_2480,USR_120,2023-06-24,9843,Rent,DEBIT,Completed,70b1a00f-34ed-4813-bcad-639dd2cefec1
TXN_2481,USR_120,2023-06-17,7685,Rent,DEBIT,Completed,70b1a00f-34ed-4813-bcad-639dd2cefec1
TXN_2482,USR_121,2023-05-09,1140,Utility Bill,DEBIT,Completed,867b231c-ac60-45da-9f44-1304edfef85a
TXN_2483,USR_121,2023-04-21,4352,Other Income,CREDIT,Completed,867b231c-ac60-45da-9f44-1304edfef85a
TXN_2484,USR_121,2023-05-24,4512,Other Income,CREDIT,Completed,867b231c-ac60-45da-9f44-1304edfef85a
TXN_2485,USR_121,2023-06-25,1980,Savings,DEBIT,Completed,867b231c-ac60-45da-9f44-1304edfef85a
TXN_2486,USR_121,2023-04-23,1727,Food,DEBIT,Completed,867b231c-ac60-45da-9f44-1304edfef85a
TXN_2487,USR_121,2023-06-21,7094,Rent,DEBIT,Completed,867b231c-ac60-45da-9f44-1304edfef85a
TXN_2488,USR_121,2023-06-11,4063,Other Income,CREDIT,Completed,867b231c-ac60-45da-9f44-1304edfef85a
TXN_2489,USR_121,2023-06-17,10826,Rent,DEBIT,Completed,867b231c-ac60-45da-9f44-1304edfef85a
TXN_2490,USR_121,2023-06-24,4301,Other Income,CREDIT,Completed,867b231c-ac60-45da-9f44-1304edfef85a
TXN_2491,USR_121,2023-06-22,1167,Transport,DEBIT,Completed,867b231c-ac60-45da-9f44-1304edfef85a
TXN_2492,USR_121,2023-06-01,2380,Utility Bill,DEBIT,Completed,867b231c-ac60-45da-9f44-1304edfef85a
TXN_2493,USR_121,2023-05-15,1869,Food,DEBIT,Completed,867b231c-ac60-45da-9f44-1304edfef85a
TXN_2494,USR_121,2023-05-11,11476,Rent,DEBIT,Completed,867b231c-ac60-45da-9f44-1304edfef85a
TXN_2495,USR_122,2023-06-17,2333,Utility Bill,DEBIT,Completed,8b1ccb7c-8041-467a-b3b7-bf50942ac5fb
TXN_2496,USR_122,2023-04-22,1751,Other Income,CREDIT,Completed,8b1ccb7c-8041-467a-b3b7-bf50942ac5fb
TXN_2497,USR_122,2023-06-09,4790,Savings,DEBIT,Completed,8b1ccb7c-8041-467a-b3b7-bf50942ac5fb
TXN_2498,USR_122,2023-04-08,2170,Savings,DEBIT,Completed,8b1ccb7c-8041-467a-b3b7-bf50942ac5fb
TXN_2499,USR_122,2023-05-05,8089,Rent,DEBIT,Completed,8b1ccb7c-8041-467a-b3b7-bf50942ac5fb
TXN_2500,USR_122,2023-05-14,2478,Food,DEBIT,Completed,8b1ccb7c-8041-467a-b3b7-bf50942ac5fb
TXN_2501,USR_122,2023-06-26,1026,Utility Bill,DEBIT,Completed,8b1ccb7c-8041-467a-b3b7-bf50942ac5fb
TXN_2502,USR_122,2023-05-22,3399,Savings,DEBIT,Completed,8b1ccb7c-8041-467a-b3b7-bf50942ac5fb
TXN_2503,USR_122,2023-04-10,1762,Shopping,DEBIT,Completed,8b1ccb7c-8041-467a-b3b7-bf50942ac5fb
TXN_2504,USR_122,2023-05-02,2399,Transport,DEBIT,Completed,8b1ccb7c-8041-467a-b3b7-bf50942ac5fb
TXN_2505,USR_122,2023-06-29,2036,Food,DEBIT,Completed,8b1ccb7c-8041-467a-b3b7-bf50942ac5fb
TXN_2506,USR_122,2023-06-12,10390,Rent,DEBIT,Completed,8b1ccb7c-8041-467a-b3b7-bf50942ac5fb
TXN_2507,USR_122,2023-06-15,1280,Other Income,CREDIT,Completed,8b1ccb7c-8041-467a-b3b7-bf50942ac5fb
TXN_2508,USR_122,2023-04-08,336,Transport,DEBIT,Completed,8b1ccb7c-8041-467a-b3b7-bf50942ac5fb
TXN_2509,USR_122,2023-05-24,1932,Food,DEBIT,Completed,8b1ccb7c-8041-467a-b3b7-bf50942ac5fb
TXN_2510,USR_123,2023-06-28,1260,Food,DEBIT,Completed,b5567055-6d8f-4f9f-91cf-fc7afc0c5e32
TXN_2511,USR_123,2023-05-13,2325,Other Income,CREDIT,Completed,b5567055-6d8f-4f9f-91cf-fc7afc0c5e32
TXN_2512,USR_123,2023-06-24,2375,Other Income,CREDIT,Completed,b5567055-6d8f-4f9f-91cf-fc7afc0c5e32
TXN_2513,USR_123,2023-04-19,1469,Utility Bill,DEBIT,Completed,b5567055-6d8f-4f9f-91cf-fc7afc0c5e32
TXN_2514,USR_123,2023-05-25,1898,Transport,DEBIT,Completed,b5567055-6d8f-4f9f-91cf-fc7afc0c5e32
TXN_2515,USR_123,2023-06-02,2582,Transport,DEBIT,Completed,b5567055-6d8f-4f9f-91cf-fc7afc0c5e32
TXN_2516,USR_123,2023-04-01,4716,Savings,DEBIT,Completed,b5567055-6d8f-4f9f-91cf-fc7afc0c5e32
TXN_2517,USR_123,2023-06-28,1812,Savings,DEBIT,Completed,b5567055-6d8f-4f9f-91cf-fc7afc0c5e32
TXN_2518,USR_123,2023-06-25,1343,Utility Bill,DEBIT,Completed,b5567055-6d8f-4f9f-91cf-fc7afc0c5e32
TXN_2519,USR_123,2023-05-09,2736,Transport,DEBIT,Completed,b5567055-6d8f-4f9f-91cf-fc7afc0c5e32
TXN_2520,USR_123,2023-05-30,1006,Other Income,CREDIT,Completed,b5567055-6d8f-4f9f-91cf-fc7afc0c5e32
TXN_2521,USR_123,2023-04-11,7465,Rent,DEBIT,Completed,b5567055-6d8f-4f9f-91cf-fc7afc0c5e32
TXN_2522,USR_123,2023-06-29,2857,Shopping,DEBIT,Completed,b5567055-6d8f-4f9f-91cf-fc7afc0c5e32
TXN_2523,USR_123,2023-05-04,1045,Food,DEBIT,Completed,b5567055-6d8f-4f9f-91cf-fc7afc0c5e32
TXN_2524,USR_123,2023-04-26,970,Utility Bill,DEBIT,Completed,b5567055-6d8f-4f9f-91cf-fc7afc0c5e32
TXN_2525,USR_124,2023-04-14,2122,Utility Bill,DEBIT,Completed,b8a17a3e-685e-4d62-a0ef-6ef45ad33f67
TXN_2526,USR_124,2023-05-09,1459,Utility Bill,DEBIT,Completed,b8a17a3e-685e-4d62-a0ef-6ef45ad33f67
TXN_2527,USR_124,2023-05-23,731,Utility Bill,DEBIT,Completed,b8a17a3e-685e-4d62-a0ef-6ef45ad33f67
TXN_2528,USR_124,2023-04-23,56789,Salary,CREDIT,Completed,b8a17a3e-685e-4d62-a0ef-6ef45ad33f67
TXN_2529,USR_124,2023-04-06,4574,Savings,DEBIT,Completed,b8a17a3e-685e-4d62-a0ef-6ef45ad33f67
TXN_2530,USR_124,2023-05-10,2400,Utility Bill,DEBIT,Completed,b8a17a3e-685e-4d62-a0ef-6ef45ad33f67
TXN_2531,USR_124,2023-04-09,282,Transport,DEBIT,Completed,b8a17a3e-685e-4d62-a0ef-6ef45ad33f67
TXN_2532,USR_124,2023-05-09,2453,Transport,DEBIT,Completed,b8a17a3e-685e-4d62-a0ef-6ef45ad33f67
TXN_2533,USR_124,2023-04-25,743,Shopping,DEBIT,Completed,b8a17a3e-685e-4d62-a0ef-6ef45ad33f67
TXN_2534,USR_124,2023-05-30,1494,Utility Bill,DEBIT,Completed,b8a17a3e-685e-4d62-a0ef-6ef45ad33f67
TXN_2535,USR_124,2023-06-12,2459,Food,DEBIT,Completed,b8a17a3e-685e-4d62-a0ef-6ef45ad33f67
TXN_2536,USR_124,2023-05-23,604,Utility Bill,DEBIT,Completed,b8a17a3e-685e-4d62-a0ef-6ef45ad33f67
TXN_2537,USR_125,2023-05-20,518,Shopping,DEBIT,Completed,0828a28c-9ffa-46e7-9ae8-df1802b87199
TXN_2538,USR_125,2023-05-31,777,Utility Bill,DEBIT,Completed,0828a28c-9ffa-46e7-9ae8-df1802b87199
TXN_2539,USR_125,2023-06-06,2366,Savings,DEBIT,Completed,0828a28c-9ffa-46e7-9ae8-df1802b87199
TXN_2540,USR_125,2023-05-06,4579,Savings,DEBIT,Completed,0828a28c-9ffa-46e7-9ae8-df1802b87199
TXN_2541,USR_125,2023-05-01,4567,Savings,DEBIT,Completed,0828a28c-9ffa-46e7-9ae8-df1802b87199
TXN_2542,USR_125,2023-04-20,2421,Transport,DEBIT,Completed,0828a28c-9ffa-46e7-9ae8-df1802b87199
TXN_2543,USR_125,2023-05-20,2445,Food,DEBIT,Completed,0828a28c-9ffa-46e7-9ae8-df1802b87199
TXN_2544,USR_125,2023-04-28,6748,Rent,DEBIT,Completed,0828a28c-9ffa-46e7-9ae8-df1802b87199
TXN_2545,USR_125,2023-05-10,1597,Savings,DEBIT,Completed,0828a28c-9ffa-46e7-9ae8-df1802b87199
TXN_2546,USR_125,2023-06-12,790,Utility Bill,DEBIT,Completed,0828a28c-9ffa-46e7-9ae8-df1802b87199
TXN_2547,USR_125,2023-04-07,4118,Other Income,CREDIT,Completed,0828a28c-9ffa-46e7-9ae8-df1802b87199
TXN_2548,USR_125,2023-04-12,8932,Rent,DEBIT,Completed,0828a28c-9ffa-46e7-9ae8-df1802b87199
TXN_2549,USR_125,2023-05-16,2350,Food,DEBIT,Completed,0828a28c-9ffa-46e7-9ae8-df1802b87199
TXN_2550,USR_125,2023-06-11,1861,Utility Bill,DEBIT,Completed,0828a28c-9ffa-46e7-9ae8-df1802b87199
TXN_2551,USR_125,2023-05-19,8038,Rent,DEBIT,Completed,0828a28c-9ffa-46e7-9ae8-df1802b87199
TXN_2552,USR_126,2023-04-03,2361,Transport,DEBIT,Completed,0c193e4a-66f1-48d2-8b70-6f8313de307f
TXN_2553,USR_126,2023-05-22,1267,Shopping,DEBIT,Completed,0c193e4a-66f1-48d2-8b70-6f8313de307f
TXN_2554,USR_126,2023-05-08,1104,Utility Bill,DEBIT,Completed,0c193e4a-66f1-48d2-8b70-6f8313de307f
TXN_2555,USR_126,2023-05-12,1254,Utility Bill,DEBIT,Completed,0c193e4a-66f1-48d2-8b70-6f8313de307f
TXN_2556,USR_126,2023-06-04,2929,Savings,DEBIT,Completed,0c193e4a-66f1-48d2-8b70-6f8313de307f
TXN_2557,USR_126,2023-04-29,698,Other Income,CREDIT,Completed,0c193e4a-66f1-48d2-8b70-6f8313de307f
TXN_2558,USR_126,2023-04-21,2473,Savings,DEBIT,Completed,0c193e4a-66f1-48d2-8b70-6f8313de307f
TXN_2559,USR_126,2023-05-08,543,Transport,DEBIT,Completed,0c193e4a-66f1-48d2-8b70-6f8313de307f
TXN_2560,USR_126,2023-04-24,4206,Salary,CREDIT,Completed,0c193e4a-66f1-48d2-8b70-6f8313de307f
TXN_2561,USR_126,2023-04-23,1944,Transport,DEBIT,Completed,0c193e4a-66f1-48d2-8b70-6f8313de307f
TXN_2562,USR_126,2023-04-28,2815,Transport,DEBIT,Completed,0c193e4a-66f1-48d2-8b70-6f8313de307f
TXN_2563,USR_126,2023-05-01,2433,Transport,DEBIT,Completed,0c193e4a-66f1-48d2-8b70-6f8313de307f
TXN_2564,USR_127,2023-06-08,2602,Savings,DEBIT,Completed,a4f67ddb-1aa9-448e-b2aa-79d73df8d164
TXN_2565,USR_127,2023-04-21,9886,Rent,DEBIT,Completed,a4f67ddb-1aa9-448e-b2aa-79d73df8d164
TXN_2566,USR_127,2023-06-18,4793,Other Income,CREDIT,Completed,a4f67ddb-1aa9-448e-b2aa-79d73df8d164
TXN_2567,USR_127,2023-05-08,4732,Savings,DEBIT,Completed,a4f67ddb-1aa9-448e-b2aa-79d73df8d164
TXN_2568,USR_127,2023-06-17,11691,Rent,DEBIT,Completed,a4f67ddb-1aa9-448e-b2aa-79d73df8d164
TXN_2569,USR_127,2023-05-17,1802,Utility Bill,DEBIT,Late,a4f67ddb-1aa9-448e-b2aa-79d73df8d164
TXN_2570,USR_127,2023-05-23,460,Shopping,DEBIT,Completed,a4f67ddb-1aa9-448e-b2aa-79d73df8d164
TXN_2571,USR_127,2023-05-11,678,Utility Bill,DEBIT,Late,a4f67ddb-1aa9-448e-b2aa-79d73df8d164
TXN_2572,USR_127,2023-04-21,2083,Utility Bill,DEBIT,Late,a4f67ddb-1aa9-448e-b2aa-79d73df8d164
TXN_2573,USR_127,2023-06-09,1369,Savings,DEBIT,Completed,a4f67ddb-1aa9-448e-b2aa-79d73df8d164
TXN_2574,USR_127,2023-04-03,6059,Rent,DEBIT,Completed,a4f67ddb-1aa9-448e-b2aa-79d73df8d164
TXN_2575,USR_128,2023-06-26,4285,Savings,DEBIT,Completed,51702b26-56f2-4f8b-8dcb-67f075489521
TXN_2576,USR_128,2023-05-30,1138,Shopping,DEBIT,Completed,51702b26-56f2-4f8b-8dcb-67f075489521
TXN_2577,USR_128,2023-05-01,2492,Shopping,DEBIT,Completed,51702b26-56f2-4f8b-8dcb-67f075489521
TXN_2578,USR_128,2023-04-03,756,Food,DEBIT,Completed,51702b26-56f2-4f8b-8dcb-67f075489521
TXN_2579,USR_128,2023-04-14,2111,Transport,DEBIT,Completed,51702b26-56f2-4f8b-8dcb-67f075489521
TXN_2580,USR_128,2023-04-02,557,Shopping,DEBIT,Completed,51702b26-56f2-4f8b-8dcb-67f075489521
TXN_2581,USR_128,2023-06-17,3448,Other Income,CREDIT,Completed,51702b26-56f2-4f8b-8dcb-67f075489521
TXN_2582,USR_128,2023-05-24,2547,Transport,DEBIT,Completed,51702b26-56f2-4f8b-8dcb-67f075489521
TXN_2583,USR_128,2023-06-11,1995,Food,DEBIT,Completed,51702b26-56f2-4f8b-8dcb-67f075489521
TXN_2584,USR_128,2023-06-17,2599,Savings,DEBIT,Completed,51702b26-56f2-4f8b-8dcb-67f075489521
TXN_2585,USR_128,2023-05-23,9710,Rent,DEBIT,Completed,51702b26-56f2-4f8b-8dcb-67f075489521
TXN_2586,USR_128,2023-04-12,1349,Savings,DEBIT,Completed,51702b26-56f2-4f8b-8dcb-67f075489521
TXN_2587,USR_128,2023-05-20,2592,Shopping,DEBIT,Completed,51702b26-56f2-4f8b-8dcb-67f075489521
TXN_2588,USR_128,2023-04-12,2316,Other Income,CREDIT,Completed,51702b26-56f2-4f8b-8dcb-67f075489521
TXN_2589,USR_129,2023-04-10,4650,Savings,DEBIT,Completed,d3f2f24e-91f6-48cb-a9eb-cb71eae70f51
TXN_2590,USR_129,2023-04-16,38333,Salary,CREDIT,Completed,d3f2f24e-91f6-48cb-a9eb-cb71eae70f51
TXN_2591,USR_129,2023-05-24,1252,Shopping,DEBIT,Completed,d3f2f24e-91f6-48cb-a9eb-cb71eae70f51
TXN_2592,USR_129,2023-05-15,1556,Shopping,DEBIT,Completed,d3f2f24e-91f6-48cb-a9eb-cb71eae70f51
TXN_2593,USR_129,2023-06-18,3815,Savings,DEBIT,Completed,d3f2f24e-91f6-48cb-a9eb-cb71eae70f51
TXN_2594,USR_129,2023-05-30,11592,Rent,DEBIT,Completed,d3f2f24e-91f6-48cb-a9eb-cb71eae70f51
TXN_2595,USR_129,2023-06-08,1461,Food,DEBIT,Completed,d3f2f24e-91f6-48cb-a9eb-cb71eae70f51
TXN_2596,USR_129,2023-06-24,2198,Utility Bill,DEBIT,Completed,d3f2f24e-91f6-48cb-a9eb-cb71eae70f51
TXN_2597,USR_129,2023-04-05,5849,Rent,DEBIT,Completed,d3f2f24e-91f6-48cb-a9eb-cb71eae70f51
TXN_2598,USR_129,2023-06-02,38333,Salary,CREDIT,Completed,d3f2f24e-91f6-48cb-a9eb-cb71eae70f51
TXN_2599,USR_129,2023-06-10,800,Shopping,DEBIT,Completed,d3f2f24e-91f6-48cb-a9eb-cb71eae70f51
TXN_2600,USR_130,2023-06-22,7046,Rent,DEBIT,Late,a15defc0-a4de-42a1-9498-246fa5d5146a
TXN_2601,USR_130,2023-06-11,1255,Savings,DEBIT,Completed,a15defc0-a4de-42a1-9498-246fa5d5146a
TXN_2602,USR_130,2023-06-24,4173,Savings,DEBIT,Completed,a15defc0-a4de-42a1-9498-246fa5d5146a
TXN_2603,USR_130,2023-04-07,907,Shopping,DEBIT,Completed,a15defc0-a4de-42a1-9498-246fa5d5146a
TXN_2604,USR_130,2023-05-25,2090,Food,DEBIT,Completed,a15defc0-a4de-42a1-9498-246fa5d5146a
TXN_2605,USR_130,2023-06-09,2517,Shopping,DEBIT,Completed,a15defc0-a4de-42a1-9498-246fa5d5146a
TXN_2606,USR_130,2023-05-27,2736,Food,DEBIT,Completed,a15defc0-a4de-42a1-9498-246fa5d5146a
TXN_2607,USR_130,2023-04-23,2793,Shopping,DEBIT,Completed,a15defc0-a4de-42a1-9498-246fa5d5146a
TXN_2608,USR_130,2023-06-11,7730,Salary,CREDIT,Completed,a15defc0-a4de-42a1-9498-246fa5d5146a
TXN_2609,USR_130,2023-04-04,1363,Savings,DEBIT,Completed,a15defc0-a4de-42a1-9498-246fa5d5146a
TXN_2610,USR_131,2023-06-08,989,Utility Bill,DEBIT,Completed,20cf5af3-7976-4181-853e-eaa5dabb37dc
TXN_2611,USR_131,2023-05-24,2535,Transport,DEBIT,Completed,20cf5af3-7976-4181-853e-eaa5dabb37dc
TXN_2612,USR_131,2023-06-26,2650,Shopping,DEBIT,Completed,20cf5af3-7976-4181-853e-eaa5dabb37dc
TXN_2613,USR_131,2023-06-06,4354,Salary,CREDIT,Completed,20cf5af3-7976-4181-853e-eaa5dabb37dc
TXN_2614,USR_131,2023-06-16,2484,Utility Bill,DEBIT,Completed,20cf5af3-7976-4181-853e-eaa5dabb37dc
TXN_2615,USR_131,2023-05-06,1006,Transport,DEBIT,Completed,20cf5af3-7976-4181-853e-eaa5dabb37dc
TXN_2616,USR_131,2023-05-01,3151,Salary,CREDIT,Completed,20cf5af3-7976-4181-853e-eaa5dabb37dc
TXN_2617,USR_131,2023-05-31,4020,Savings,DEBIT,Completed,20cf5af3-7976-4181-853e-eaa5dabb37dc
TXN_2618,USR_131,2023-05-20,2350,Utility Bill,DEBIT,Completed,20cf5af3-7976-4181-853e-eaa5dabb37dc
TXN_2619,USR_131,2023-04-17,1906,Salary,CREDIT,Completed,20cf5af3-7976-4181-853e-eaa5dabb37dc
TXN_2620,USR_131,2023-05-23,2994,Shopping,DEBIT,Completed,20cf5af3-7976-4181-853e-eaa5dabb37dc
TXN_2621,USR_131,2023-04-02,2136,Utility Bill,DEBIT,Completed,20cf5af3-7976-4181-853e-eaa5dabb37dc
TXN_2622,USR_131,2023-05-08,3787,Savings,DEBIT,Completed,20cf5af3-7976-4181-853e-eaa5dabb37dc
TXN_2623,USR_131,2023-05-29,1396,Food,DEBIT,Completed,20cf5af3-7976-4181-853e-eaa5dabb37dc
TXN_2624,USR_132,2023-04-15,1015,Savings,DEBIT,Completed,9030cc06-6fbc-49da-a849-87c4cb2472a4
TXN_2625,USR_132,2023-05-06,1344,Utility Bill,DEBIT,Completed,9030cc06-6fbc-49da-a849-87c4cb2472a4
TXN_2626,USR_132,2023-04-03,416,Food,DEBIT,Completed,9030cc06-6fbc-49da-a849-87c4cb2472a4
TXN_2627,USR_132,2023-06-30,3708,Other Income,CREDIT,Completed,9030cc06-6fbc-49da-a849-87c4cb2472a4
TXN_2628,USR_132,2023-06-06,2484,Other Income,CREDIT,Completed,9030cc06-6fbc-49da-a849-87c4cb2472a4
TXN_2629,USR_132,2023-05-27,568,Transport,DEBIT,Completed,9030cc06-6fbc-49da-a849-87c4cb2472a4
TXN_2630,USR_132,2023-04-01,936,Transport,DEBIT,Completed,9030cc06-6fbc-49da-a849-87c4cb2472a4
TXN_2631,USR_132,2023-04-20,1701,Savings,DEBIT,Completed,9030cc06-6fbc-49da-a849-87c4cb2472a4
TXN_2632,USR_132,2023-04-25,488,Shopping,DEBIT,Completed,9030cc06-6fbc-49da-a849-87c4cb2472a4
TXN_2633,USR_132,2023-04-04,2276,Savings,DEBIT,Completed,9030cc06-6fbc-49da-a849-87c4cb2472a4
TXN_2634,USR_132,2023-06-11,10731,Rent,DEBIT,Completed,9030cc06-6fbc-49da-a849-87c4cb2472a4
TXN_2635,USR_132,2023-06-04,1550,Food,DEBIT,Completed,9030cc06-6fbc-49da-a849-87c4cb2472a4
TXN_2636,USR_132,2023-06-23,989,Utility Bill,DEBIT,Completed,9030cc06-6fbc-49da-a849-87c4cb2472a4
TXN_2637,USR_132,2023-04-10,6140,Rent,DEBIT,Completed,9030cc06-6fbc-49da-a849-87c4cb2472a4
TXN_2638,USR_133,2023-05-21,2710,Shopping,DEBIT,Completed,5bb53257-dbc2-4f3f-a751-583e1061a95a
TXN_2639,USR_133,2023-06-20,3660,Savings,DEBIT,Completed,5bb53257-dbc2-4f3f-a751-583e1061a95a
TXN_2640,USR_133,2023-05-31,5217,Rent,DEBIT,Completed,5bb53257-dbc2-4f3f-a751-583e1061a95a
TXN_2641,USR_133,2023-04-21,2855,Transport,DEBIT,Completed,5bb53257-dbc2-4f3f-a751-583e1061a95a
TXN_2642,USR_133,2023-04-30,4047,Other Income,CREDIT,Completed,5bb53257-dbc2-4f3f-a751-583e1061a95a
TXN_2643,USR_133,2023-05-31,3864,Other Income,CREDIT,Completed,5bb53257-dbc2-4f3f-a751-583e1061a95a
TXN_2644,USR_133,2023-06-10,2057,Utility Bill,DEBIT,Completed,5bb53257-dbc2-4f3f-a751-583e1061a95a
TXN_2645,USR_133,2023-04-18,1934,Shopping,DEBIT,Completed,5bb53257-dbc2-4f3f-a751-583e1061a95a
TXN_2646,USR_133,2023-04-18,1205,Shopping,DEBIT,Completed,5bb53257-dbc2-4f3f-a751-583e1061a95a
TXN_2647,USR_133,2023-05-10,1532,Utility Bill,DEBIT,Completed,5bb53257-dbc2-4f3f-a751-583e1061a95a
TXN_2648,USR_133,2023-05-15,2806,Shopping,DEBIT,Completed,5bb53257-dbc2-4f3f-a751-583e1061a95a
TXN_2649,USR_133,2023-04-14,516,Utility Bill,DEBIT,Completed,5bb53257-dbc2-4f3f-a751-583e1061a95a
TXN_2650,USR_133,2023-04-22,912,Other Income,CREDIT,Completed,5bb53257-dbc2-4f3f-a751-583e1061a95a
TXN_2651,USR_133,2023-05-10,612,Food,DEBIT,Completed,5bb53257-dbc2-4f3f-a751-583e1061a95a
TXN_2652,USR_134,2023-05-30,1677,Food,DEBIT,Completed,c68c435c-f98d-4235-9895-3bde968e5b92
TXN_2653,USR_134,2023-05-12,10336,Rent,DEBIT,Completed,c68c435c-f98d-4235-9895-3bde968e5b92
TXN_2654,USR_134,2023-06-19,2483,Utility Bill,DEBIT,Completed,c68c435c-f98d-4235-9895-3bde968e5b92
TXN_2655,USR_134,2023-05-08,3241,Other Income,CREDIT,Completed,c68c435c-f98d-4235-9895-3bde968e5b92
TXN_2656,USR_134,2023-05-12,2091,Transport,DEBIT,Completed,c68c435c-f98d-4235-9895-3bde968e5b92
TXN_2657,USR_134,2023-04-29,441,Food,DEBIT,Completed,c68c435c-f98d-4235-9895-3bde968e5b92
TXN_2658,USR_134,2023-05-09,1234,Transport,DEBIT,Completed,c68c435c-f98d-4235-9895-3bde968e5b92
TXN_2659,USR_134,2023-05-24,8618,Salary,CREDIT,Completed,c68c435c-f98d-4235-9895-3bde968e5b92
TXN_2660,USR_134,2023-04-24,2426,Savings,DEBIT,Completed,c68c435c-f98d-4235-9895-3bde968e5b92
TXN_2661,USR_134,2023-05-25,1371,Other Income,CREDIT,Completed,c68c435c-f98d-4235-9895-3bde968e5b92
TXN_2662,USR_135,2023-04-18,1400,Utility Bill,DEBIT,Completed,025c29fd-268a-48c1-8327-1b095691f3e9
TXN_2663,USR_135,2023-05-22,555,Utility Bill,DEBIT,Completed,025c29fd-268a-48c1-8327-1b095691f3e9
TXN_2664,USR_135,2023-04-01,35700,Salary,CREDIT,Completed,025c29fd-268a-48c1-8327-1b095691f3e9
TXN_2665,USR_135,2023-04-24,866,Shopping,DEBIT,Completed,025c29fd-268a-48c1-8327-1b095691f3e9
TXN_2666,USR_135,2023-04-25,6723,Rent,DEBIT,Completed,025c29fd-268a-48c1-8327-1b095691f3e9
TXN_2667,USR_135,2023-05-25,4269,Savings,DEBIT,Completed,025c29fd-268a-48c1-8327-1b095691f3e9
TXN_2668,USR_135,2023-06-18,786,Transport,DEBIT,Completed,025c29fd-268a-48c1-8327-1b095691f3e9
TXN_2669,USR_135,2023-06-23,3283,Savings,DEBIT,Completed,025c29fd-268a-48c1-8327-1b095691f3e9
TXN_2670,USR_135,2023-06-01,2549,Transport,DEBIT,Completed,025c29fd-268a-48c1-8327-1b095691f3e9
TXN_2671,USR_135,2023-05-15,518,Utility Bill,DEBIT,Completed,025c29fd-268a-48c1-8327-1b095691f3e9
TXN_2672,USR_135,2023-04-05,328,Shopping,DEBIT,Completed,025c29fd-268a-48c1-8327-1b095691f3e9
TXN_2673,USR_135,2023-05-02,707,Other Income,CREDIT,Completed,025c29fd-268a-48c1-8327-1b095691f3e9
TXN_2674,USR_136,2023-04-27,1622,Utility Bill,DEBIT,Late,25c9b300-4330-420b-8319-70ce361ce352
TXN_2675,USR_136,2023-04-30,2922,Other Income,CREDIT,Completed,25c9b300-4330-420b-8319-70ce361ce352
TXN_2676,USR_136,2023-04-12,764,Food,DEBIT,Completed,25c9b300-4330-420b-8319-70ce361ce352
TXN_2677,USR_136,2023-05-30,2150,Shopping,DEBIT,Completed,25c9b300-4330-420b-8319-70ce361ce352
TXN_2678,USR_136,2023-05-22,6690,Rent,DEBIT,Completed,25c9b300-4330-420b-8319-70ce361ce352
TXN_2679,USR_136,2023-05-07,1527,Food,DEBIT,Completed,25c9b300-4330-420b-8319-70ce361ce352
TXN_2680,USR_136,2023-05-04,3066,Other Income,CREDIT,Completed,25c9b300-4330-420b-8319-70ce361ce352
TXN_2681,USR_136,2023-06-30,11137,Rent,DEBIT,Late,25c9b300-4330-420b-8319-70ce361ce352
TXN_2682,USR_136,2023-05-07,1983,Transport,DEBIT,Completed,25c9b300-4330-420b-8319-70ce361ce352
TXN_2683,USR_136,2023-05-13,598,Transport,DEBIT,Completed,25c9b300-4330-420b-8319-70ce361ce352
TXN_2684,USR_136,2023-05-13,8063,Rent,DEBIT,Late,25c9b300-4330-420b-8319-70ce361ce352
TXN_2685,USR_136,2023-06-14,1329,Utility Bill,DEBIT,Late,25c9b300-4330-420b-8319-70ce361ce352
TXN_2686,USR_136,2023-04-07,7292,Rent,DEBIT,Completed,25c9b300-4330-420b-8319-70ce361ce352
TXN_2687,USR_137,2023-05-04,2906,Other Income,CREDIT,Completed,0da35e91-23c0-4db6-a5f9-0c36539bd0a7
TXN_2688,USR_137,2023-04-16,6135,Rent,DEBIT,Completed,0da35e91-23c0-4db6-a5f9-0c36539bd0a7
TXN_2689,USR_137,2023-04-08,1287,Transport,DEBIT,Completed,0da35e91-23c0-4db6-a5f9-0c36539bd0a7
TXN_2690,USR_137,2023-04-13,6081,Rent,DEBIT,Completed,0da35e91-23c0-4db6-a5f9-0c36539bd0a7
TXN_2691,USR_137,2023-05-24,2140,Transport,DEBIT,Completed,0da35e91-23c0-4db6-a5f9-0c36539bd0a7
TXN_2692,USR_137,2023-05-11,1521,Food,DEBIT,Completed,0da35e91-23c0-4db6-a5f9-0c36539bd0a7
TXN_2693,USR_137,2023-04-09,1072,Utility Bill,DEBIT,Completed,0da35e91-23c0-4db6-a5f9-0c36539bd0a7
TXN_2694,USR_137,2023-06-17,1900,Food,DEBIT,Completed,0da35e91-23c0-4db6-a5f9-0c36539bd0a7
TXN_2695,USR_137,2023-04-11,2434,Transport,DEBIT,Completed,0da35e91-23c0-4db6-a5f9-0c36539bd0a7
TXN_2696,USR_137,2023-05-13,116,Food,DEBIT,Completed,0da35e91-23c0-4db6-a5f9-0c36539bd0a7
TXN_2697,USR_137,2023-06-06,3574,Savings,DEBIT,Completed,0da35e91-23c0-4db6-a5f9-0c36539bd0a7
TXN_2698,USR_137,2023-06-02,2369,Transport,DEBIT,Completed,0da35e91-23c0-4db6-a5f9-0c36539bd0a7
TXN_2699,USR_137,2023-06-24,323,Transport,DEBIT,Completed,0da35e91-23c0-4db6-a5f9-0c36539bd0a7
TXN_2700,USR_137,2023-04-04,2163,Transport,DEBIT,Completed,0da35e91-23c0-4db6-a5f9-0c36539bd0a7
TXN_2701,USR_138,2023-05-27,1481,Shopping,DEBIT,Completed,6d7531d6-5bdc-4272-b03d-b6e2f46e99ce
TXN_2702,USR_138,2023-05-28,971,Other Income,CREDIT,Completed,6d7531d6-5bdc-4272-b03d-b6e2f46e99ce
TXN_2703,USR_138,2023-05-28,2675,Savings,DEBIT,Completed,6d7531d6-5bdc-4272-b03d-b6e2f46e99ce
TXN_2704,USR_138,2023-04-26,150,Shopping,DEBIT,Completed,6d7531d6-5bdc-4272-b03d-b6e2f46e99ce
TXN_2705,USR_138,2023-06-27,2256,Transport,DEBIT,Completed,6d7531d6-5bdc-4272-b03d-b6e2f46e99ce
TXN_2706,USR_138,2023-04-21,966,Utility Bill,DEBIT,Completed,6d7531d6-5bdc-4272-b03d-b6e2f46e99ce
TXN_2707,USR_138,2023-04-04,2795,Savings,DEBIT,Completed,6d7531d6-5bdc-4272-b03d-b6e2f46e99ce
TXN_2708,USR_138,2023-06-02,1489,Savings,DEBIT,Completed,6d7531d6-5bdc-4272-b03d-b6e2f46e99ce
TXN_2709,USR_138,2023-05-28,8662,Rent,DEBIT,Completed,6d7531d6-5bdc-4272-b03d-b6e2f46e99ce
TXN_2710,USR_138,2023-04-23,891,Transport,DEBIT,Completed,6d7531d6-5bdc-4272-b03d-b6e2f46e99ce
TXN_2711,USR_138,2023-05-12,1972,Other Income,CREDIT,Completed,6d7531d6-5bdc-4272-b03d-b6e2f46e99ce
TXN_2712,USR_139,2023-05-01,4618,Other Income,CREDIT,Completed,0da92ad5-0007-4e1d-a2fe-6596479c3422
TXN_2713,USR_139,2023-04-09,334,Food,DEBIT,Completed,0da92ad5-0007-4e1d-a2fe-6596479c3422
TXN_2714,USR_139,2023-05-24,11499,Rent,DEBIT,Completed,0da92ad5-0007-4e1d-a2fe-6596479c3422
TXN_2715,USR_139,2023-06-05,10761,Rent,DEBIT,Completed,0da92ad5-0007-4e1d-a2fe-6596479c3422
TXN_2716,USR_139,2023-04-06,2444,Other Income,CREDIT,Completed,0da92ad5-0007-4e1d-a2fe-6596479c3422
TXN_2717,USR_139,2023-04-29,9483,Rent,DEBIT,Completed,0da92ad5-0007-4e1d-a2fe-6596479c3422
TXN_2718,USR_139,2023-05-10,46968,Salary,CREDIT,Completed,0da92ad5-0007-4e1d-a2fe-6596479c3422
TXN_2719,USR_139,2023-06-16,11478,Rent,DEBIT,Completed,0da92ad5-0007-4e1d-a2fe-6596479c3422
TXN_2720,USR_139,2023-04-04,3617,Other Income,CREDIT,Completed,0da92ad5-0007-4e1d-a2fe-6596479c3422
TXN_2721,USR_139,2023-04-16,1408,Transport,DEBIT,Completed,0da92ad5-0007-4e1d-a2fe-6596479c3422
TXN_2722,USR_140,2023-06-03,4809,Other Income,CREDIT,Completed,dbff3560-4594-4799-b197-6bded113dd65
TXN_2723,USR_140,2023-04-28,1245,Other Income,CREDIT,Completed,dbff3560-4594-4799-b197-6bded113dd65
TXN_2724,USR_140,2023-06-06,2806,Other Income,CREDIT,Completed,dbff3560-4594-4799-b197-6bded113dd65
TXN_2725,USR_140,2023-04-28,1376,Shopping,DEBIT,Completed,dbff3560-4594-4799-b197-6bded113dd65
TXN_2726,USR_140,2023-05-07,10002,Rent,DEBIT,Completed,dbff3560-4594-4799-b197-6bded113dd65
TXN_2727,USR_140,2023-05-13,650,Utility Bill,DEBIT,Completed,dbff3560-4594-4799-b197-6bded113dd65
TXN_2728,USR_140,2023-05-25,3687,Savings,DEBIT,Completed,dbff3560-4594-4799-b197-6bded113dd65
TXN_2729,USR_140,2023-05-07,2639,Transport,DEBIT,Completed,dbff3560-4594-4799-b197-6bded113dd65
TXN_2730,USR_140,2023-04-01,2370,Savings,DEBIT,Completed,dbff3560-4594-4799-b197-6bded113dd65
TXN_2731,USR_140,2023-05-09,10154,Rent,DEBIT,Completed,dbff3560-4594-4799-b197-6bded113dd65
TXN_2732,USR_141,2023-04-21,2683,Other Income,CREDIT,Completed,fcf715dc-b79b-4aa2-a809-1e7a24ce2239
TXN_2733,USR_141,2023-06-04,2587,Transport,DEBIT,Completed,fcf715dc-b79b-4aa2-a809-1e7a24ce2239
TXN_2734,USR_141,2023-06-27,2766,Savings,DEBIT,Completed,fcf715dc-b79b-4aa2-a809-1e7a24ce2239
TXN_2735,USR_141,2023-04-16,463,Transport,DEBIT,Completed,fcf715dc-b79b-4aa2-a809-1e7a24ce2239
TXN_2736,USR_141,2023-04-17,563,Transport,DEBIT,Completed,fcf715dc-b79b-4aa2-a809-1e7a24ce2239
TXN_2737,USR_141,2023-04-03,1207,Transport,DEBIT,Completed,fcf715dc-b79b-4aa2-a809-1e7a24ce2239
TXN_2738,USR_141,2023-04-30,929,Transport,DEBIT,Completed,fcf715dc-b79b-4aa2-a809-1e7a24ce2239
TXN_2739,USR_141,2023-06-03,353,Shopping,DEBIT,Completed,fcf715dc-b79b-4aa2-a809-1e7a24ce2239
TXN_2740,USR_141,2023-04-03,2847,Food,DEBIT,Completed,fcf715dc-b79b-4aa2-a809-1e7a24ce2239
TXN_2741,USR_141,2023-04-26,2109,Food,DEBIT,Completed,fcf715dc-b79b-4aa2-a809-1e7a24ce2239
TXN_2742,USR_141,2023-05-27,4040,Savings,DEBIT,Completed,fcf715dc-b79b-4aa2-a809-1e7a24ce2239
TXN_2743,USR_141,2023-04-11,2109,Shopping,DEBIT,Completed,fcf715dc-b79b-4aa2-a809-1e7a24ce2239
TXN_2744,USR_141,2023-05-12,2043,Shopping,DEBIT,Completed,fcf715dc-b79b-4aa2-a809-1e7a24ce2239
TXN_2745,USR_141,2023-06-16,2295,Utility Bill,DEBIT,Completed,fcf715dc-b79b-4aa2-a809-1e7a24ce2239
TXN_2746,USR_141,2023-04-14,718,Shopping,DEBIT,Completed,fcf715dc-b79b-4aa2-a809-1e7a24ce2239
TXN_2747,USR_142,2023-04-01,4837,Salary,CREDIT,Completed,93d842cb-de40-498c-9f99-6b4a3094c9cb
TXN_2748,USR_142,2023-05-01,1861,Savings,DEBIT,Completed,93d842cb-de40-498c-9f99-6b4a3094c9cb
TXN_2749,USR_142,2023-06-24,9332,Rent,DEBIT,Completed,93d842cb-de40-498c-9f99-6b4a3094c9cb
TXN_2750,USR_142,2023-04-29,4417,Salary,CREDIT,Completed,93d842cb-de40-498c-9f99-6b4a3094c9cb
TXN_2751,USR_142,2023-04-24,1999,Food,DEBIT,Completed,93d842cb-de40-498c-9f99-6b4a3094c9cb
TXN_2752,USR_142,2023-04-05,1371,Food,DEBIT,Completed,93d842cb-de40-498c-9f99-6b4a3094c9cb
TXN_2753,USR_142,2023-06-07,2030,Food,DEBIT,Completed,93d842cb-de40-498c-9f99-6b4a3094c9cb
TXN_2754,USR_142,2023-05-12,10774,Rent,DEBIT,Completed,93d842cb-de40-498c-9f99-6b4a3094c9cb
TXN_2755,USR_142,2023-05-20,1464,Shopping,DEBIT,Completed,93d842cb-de40-498c-9f99-6b4a3094c9cb
TXN_2756,USR_142,2023-05-07,150,Food,DEBIT,Completed,93d842cb-de40-498c-9f99-6b4a3094c9cb
TXN_2757,USR_143,2023-05-25,1454,Savings,DEBIT,Completed,3325a213-6b36-40ab-8534-ea0fd3b78b0f
TXN_2758,USR_143,2023-05-08,723,Transport,DEBIT,Completed,3325a213-6b36-40ab-8534-ea0fd3b78b0f
TXN_2759,USR_143,2023-06-15,2364,Other Income,CREDIT,Completed,3325a213-6b36-40ab-8534-ea0fd3b78b0f
TXN_2760,USR_143,2023-04-10,1964,Shopping,DEBIT,Completed,3325a213-6b36-40ab-8534-ea0fd3b78b0f
TXN_2761,USR_143,2023-06-03,4531,Savings,DEBIT,Completed,3325a213-6b36-40ab-8534-ea0fd3b78b0f
TXN_2762,USR_143,2023-06-24,1619,Savings,DEBIT,Completed,3325a213-6b36-40ab-8534-ea0fd3b78b0f
TXN_2763,USR_143,2023-05-16,5408,Rent,DEBIT,Completed,3325a213-6b36-40ab-8534-ea0fd3b78b0f
TXN_2764,USR_143,2023-04-01,432,Shopping,DEBIT,Completed,3325a213-6b36-40ab-8534-ea0fd3b78b0f
TXN_2765,USR_143,2023-04-27,10558,Rent,DEBIT,Completed,3325a213-6b36-40ab-8534-ea0fd3b78b0f
TXN_2766,USR_143,2023-04-09,11337,Rent,DEBIT,Completed,3325a213-6b36-40ab-8534-ea0fd3b78b0f
TXN_2767,USR_143,2023-06-14,2943,Other Income,CREDIT,Completed,3325a213-6b36-40ab-8534-ea0fd3b78b0f
TXN_2768,USR_143,2023-06-21,3691,Savings,DEBIT,Completed,3325a213-6b36-40ab-8534-ea0fd3b78b0f
TXN_2769,USR_143,2023-05-08,2512,Savings,DEBIT,Completed,3325a213-6b36-40ab-8534-ea0fd3b78b0f
TXN_2770,USR_143,2023-05-07,1271,Utility Bill,DEBIT,Completed,3325a213-6b36-40ab-8534-ea0fd3b78b0f
TXN_2771,USR_144,2023-04-18,2609,Food,DEBIT,Completed,1a98fd5f-26a5-4a08-907f-3a73315e5f7d
TXN_2772,USR_144,2023-06-01,5934,Rent,DEBIT,Completed,1a98fd5f-26a5-4a08-907f-3a73315e5f7d
TXN_2773,USR_144,2023-05-18,6576,Rent,DEBIT,Completed,1a98fd5f-26a5-4a08-907f-3a73315e5f7d
TXN_2774,USR_144,2023-05-23,11079,Rent,DEBIT,Completed,1a98fd5f-26a5-4a08-907f-3a73315e5f7d
TXN_2775,USR_144,2023-06-16,1082,Other Income,CREDIT,Completed,1a98fd5f-26a5-4a08-907f-3a73315e5f7d
TXN_2776,USR_144,2023-05-29,1897,Other Income,CREDIT,Completed,1a98fd5f-26a5-4a08-907f-3a73315e5f7d
TXN_2777,USR_144,2023-04-19,1859,Transport,DEBIT,Completed,1a98fd5f-26a5-4a08-907f-3a73315e5f7d
TXN_2778,USR_144,2023-04-07,6162,Rent,DEBIT,Completed,1a98fd5f-26a5-4a08-907f-3a73315e5f7d
TXN_2779,USR_144,2023-05-23,1821,Food,DEBIT,Completed,1a98fd5f-26a5-4a08-907f-3a73315e5f7d
TXN_2780,USR_144,2023-05-27,549,Utility Bill,DEBIT,Completed,1a98fd5f-26a5-4a08-907f-3a73315e5f7d
TXN_2781,USR_144,2023-06-07,227,Shopping,DEBIT,Completed,1a98fd5f-26a5-4a08-907f-3a73315e5f7d
TXN_2782,USR_144,2023-05-23,829,Food,DEBIT,Completed,1a98fd5f-26a5-4a08-907f-3a73315e5f7d
TXN_2783,USR_144,2023-04-01,1040,Other Income,CREDIT,Completed,1a98fd5f-26a5-4a08-907f-3a73315e5f7d
TXN_2784,USR_144,2023-05-27,3306,Other Income,CREDIT,Completed,1a98fd5f-26a5-4a08-907f-3a73315e5f7d
TXN_2785,USR_144,2023-05-03,605,Transport,DEBIT,Completed,1a98fd5f-26a5-4a08-907f-3a73315e5f7d
TXN_2786,USR_145,2023-06-10,9638,Rent,DEBIT,Completed,07f20059-4fa0-49d0-848f-d3351c81e4a9
TXN_2787,USR_145,2023-06-22,2018,Other Income,CREDIT,Completed,07f20059-4fa0-49d0-848f-d3351c81e4a9
TXN_2788,USR_145,2023-06-29,867,Shopping,DEBIT,Completed,07f20059-4fa0-49d0-848f-d3351c81e4a9
TXN_2789,USR_145,2023-06-12,1458,Shopping,DEBIT,Completed,07f20059-4fa0-49d0-848f-d3351c81e4a9
TXN_2790,USR_145,2023-05-27,620,Utility Bill,DEBIT,Completed,07f20059-4fa0-49d0-848f-d3351c81e4a9
TXN_2791,USR_145,2023-05-08,2460,Shopping,DEBIT,Completed,07f20059-4fa0-49d0-848f-d3351c81e4a9
TXN_2792,USR_145,2023-04-15,38936,Salary,CREDIT,Completed,07f20059-4fa0-49d0-848f-d3351c81e4a9
TXN_2793,USR_145,2023-04-18,446,Transport,DEBIT,Completed,07f20059-4fa0-49d0-848f-d3351c81e4a9
TXN_2794,USR_145,2023-04-08,690,Utility Bill,DEBIT,Completed,07f20059-4fa0-49d0-848f-d3351c81e4a9
TXN_2795,USR_145,2023-04-17,368,Transport,DEBIT,Completed,07f20059-4fa0-49d0-848f-d3351c81e4a9
TXN_2796,USR_145,2023-04-02,1711,Utility Bill,DEBIT,Completed,07f20059-4fa0-49d0-848f-d3351c81e4a9
TXN_2797,USR_146,2023-04-13,1500,Savings,DEBIT,Completed,96a484e5-3cb4-452a-8f8d-84c50d6c66e7
TXN_2798,USR_146,2023-04-16,1075,Utility Bill,DEBIT,Completed,96a484e5-3cb4-452a-8f8d-84c50d6c66e7
TXN_2799,USR_146,2023-06-04,4588,Savings,DEBIT,Completed,96a484e5-3cb4-452a-8f8d-84c50d6c66e7
TXN_2800,USR_146,2023-05-26,485,Shopping,DEBIT,Completed,96a484e5-3cb4-452a-8f8d-84c50d6c66e7
TXN_2801,USR_146,2023-04-15,1260,Transport,DEBIT,Completed,96a484e5-3cb4-452a-8f8d-84c50d6c66e7
TXN_2802,USR_146,2023-04-11,288,Shopping,DEBIT,Completed,96a484e5-3cb4-452a-8f8d-84c50d6c66e7
TXN_2803,USR_146,2023-04-22,1030,Savings,DEBIT,Completed,96a484e5-3cb4-452a-8f8d-84c50d6c66e7
TXN_2804,USR_146,2023-05-23,2184,Transport,DEBIT,Completed,96a484e5-3cb4-452a-8f8d-84c50d6c66e7
TXN_2805,USR_146,2023-04-04,10641,Rent,DEBIT,Completed,96a484e5-3cb4-452a-8f8d-84c50d6c66e7
TXN_2806,USR_146,2023-06-06,2454,Utility Bill,DEBIT,Completed,96a484e5-3cb4-452a-8f8d-84c50d6c66e7
TXN_2807,USR_146,2023-06-22,971,Utility Bill,DEBIT,Completed,96a484e5-3cb4-452a-8f8d-84c50d6c66e7
TXN_2808,USR_146,2023-05-29,6576,Rent,DEBIT,Completed,96a484e5-3cb4-452a-8f8d-84c50d6c66e7
TXN_2809,USR_146,2023-05-27,1940,Transport,DEBIT,Completed,96a484e5-3cb4-452a-8f8d-84c50d6c66e7
TXN_2810,USR_147,2023-04-30,2884,Other Income,CREDIT,Completed,fb74a64c-a46c-4e7d-83d4-16e159c9a678
TXN_2811,USR_147,2023-05-07,780,Utility Bill,DEBIT,Late,fb74a64c-a46c-4e7d-83d4-16e159c9a678
TXN_2812,USR_147,2023-06-26,3320,Other Income,CREDIT,Completed,fb74a64c-a46c-4e7d-83d4-16e159c9a678
TXN_2813,USR_147,2023-05-19,7177,Rent,DEBIT,Completed,fb74a64c-a46c-4e7d-83d4-16e159c9a678
TXN_2814,USR_147,2023-05-07,3756,Savings,DEBIT,Completed,fb74a64c-a46c-4e7d-83d4-16e159c9a678
TXN_2815,USR_147,2023-06-06,413,Food,DEBIT,Completed,fb74a64c-a46c-4e7d-83d4-16e159c9a678
TXN_2816,USR_147,2023-04-19,3161,Other Income,CREDIT,Completed,fb74a64c-a46c-4e7d-83d4-16e159c9a678
TXN_2817,USR_147,2023-05-12,4545,Other Income,CREDIT,Completed,fb74a64c-a46c-4e7d-83d4-16e159c9a678
TXN_2818,USR_147,2023-05-25,2448,Other Income,CREDIT,Completed,fb74a64c-a46c-4e7d-83d4-16e159c9a678
TXN_2819,USR_147,2023-05-31,2383,Food,DEBIT,Completed,fb74a64c-a46c-4e7d-83d4-16e159c9a678
TXN_2820,USR_147,2023-05-18,8077,Rent,DEBIT,Completed,fb74a64c-a46c-4e7d-83d4-16e159c9a678
TXN_2821,USR_148,2023-04-10,2429,Transport,DEBIT,Completed,e5b3be6e-aa37-49a3-8605-40ad0b4d3198
TXN_2822,USR_148,2023-05-23,8970,Rent,DEBIT,Completed,e5b3be6e-aa37-49a3-8605-40ad0b4d3198
TXN_2823,USR_148,2023-04-25,6296,Rent,DEBIT,Completed,e5b3be6e-aa37-49a3-8605-40ad0b4d3198
TXN_2824,USR_148,2023-06-15,2132,Utility Bill,DEBIT,Completed,e5b3be6e-aa37-49a3-8605-40ad0b4d3198
TXN_2825,USR_148,2023-04-19,3277,Other Income,CREDIT,Completed,e5b3be6e-aa37-49a3-8605-40ad0b4d3198
TXN_2826,USR_148,2023-06-02,906,Utility Bill,DEBIT,Completed,e5b3be6e-aa37-49a3-8605-40ad0b4d3198
TXN_2827,USR_148,2023-04-24,9361,Rent,DEBIT,Completed,e5b3be6e-aa37-49a3-8605-40ad0b4d3198
TXN_2828,USR_148,2023-06-06,526,Food,DEBIT,Completed,e5b3be6e-aa37-49a3-8605-40ad0b4d3198
TXN_2829,USR_148,2023-06-06,4615,Savings,DEBIT,Completed,e5b3be6e-aa37-49a3-8605-40ad0b4d3198
TXN_2830,USR_148,2023-05-29,3332,Other Income,CREDIT,Completed,e5b3be6e-aa37-49a3-8605-40ad0b4d3198
TXN_2831,USR_148,2023-05-27,2474,Transport,DEBIT,Completed,e5b3be6e-aa37-49a3-8605-40ad0b4d3198
TXN_2832,USR_148,2023-04-23,6455,Rent,DEBIT,Completed,e5b3be6e-aa37-49a3-8605-40ad0b4d3198
TXN_2833,USR_148,2023-04-06,1599,Utility Bill,DEBIT,Completed,e5b3be6e-aa37-49a3-8605-40ad0b4d3198
TXN_2834,USR_148,2023-04-26,1220,Transport,DEBIT,Completed,e5b3be6e-aa37-49a3-8605-40ad0b4d3198
TXN_2835,USR_149,2023-04-04,10646,Rent,DEBIT,Completed,5279ec2a-6587-4ad1-a7c1-1846b8a36211
TXN_2836,USR_149,2023-05-27,1909,Utility Bill,DEBIT,Late,5279ec2a-6587-4ad1-a7c1-1846b8a36211
TXN_2837,USR_149,2023-05-07,8848,Rent,DEBIT,Completed,5279ec2a-6587-4ad1-a7c1-1846b8a36211
TXN_2838,USR_149,2023-04-28,1049,Savings,DEBIT,Completed,5279ec2a-6587-4ad1-a7c1-1846b8a36211
TXN_2839,USR_149,2023-05-08,1573,Other Income,CREDIT,Completed,5279ec2a-6587-4ad1-a7c1-1846b8a36211
TXN_2840,USR_149,2023-05-02,9550,Rent,DEBIT,Late,5279ec2a-6587-4ad1-a7c1-1846b8a36211
TXN_2841,USR_149,2023-05-22,3881,Savings,DEBIT,Completed,5279ec2a-6587-4ad1-a7c1-1846b8a36211
TXN_2842,USR_149,2023-06-09,1558,Other Income,CREDIT,Completed,5279ec2a-6587-4ad1-a7c1-1846b8a36211
TXN_2843,USR_149,2023-04-21,41400,Salary,CREDIT,Completed,5279ec2a-6587-4ad1-a7c1-1846b8a36211
TXN_2844,USR_149,2023-06-18,5433,Rent,DEBIT,Late,5279ec2a-6587-4ad1-a7c1-1846b8a36211
TXN_2845,USR_149,2023-06-20,41400,Salary,CREDIT,Completed,5279ec2a-6587-4ad1-a7c1-1846b8a36211
TXN_2846,USR_150,2023-05-23,3089,Savings,DEBIT,Completed,cf8f6107-bea4-4c92-aabb-8e8bda052d8d
TXN_2847,USR_150,2023-05-28,1500,Savings,DEBIT,Completed,cf8f6107-bea4-4c92-aabb-8e8bda052d8d
TXN_2848,USR_150,2023-04-01,3784,Other Income,CREDIT,Completed,cf8f6107-bea4-4c92-aabb-8e8bda052d8d
TXN_2849,USR_150,2023-05-07,7153,Rent,DEBIT,Completed,cf8f6107-bea4-4c92-aabb-8e8bda052d8d
TXN_2850,USR_150,2023-04-24,3813,Other Income,CREDIT,Completed,cf8f6107-bea4-4c92-aabb-8e8bda052d8d
TXN_2851,USR_150,2023-06-01,1133,Savings,DEBIT,Completed,cf8f6107-bea4-4c92-aabb-8e8bda052d8d
TXN_2852,USR_150,2023-06-24,2110,Transport,DEBIT,Completed,cf8f6107-bea4-4c92-aabb-8e8bda052d8d
TXN_2853,USR_150,2023-04-28,1795,Utility Bill,DEBIT,Completed,cf8f6107-bea4-4c92-aabb-8e8bda052d8d
TXN_2854,USR_150,2023-06-06,8628,Rent,DEBIT,Completed,cf8f6107-bea4-4c92-aabb-8e8bda052d8d
TXN_2855,USR_150,2023-06-01,4175,Savings,DEBIT,Completed,cf8f6107-bea4-4c92-aabb-8e8bda052d8d
TXN_2856,USR_150,2023-06-11,4182,Other Income,CREDIT,Completed,cf8f6107-bea4-4c92-aabb-8e8bda052d8d
TXN_2857,USR_150,2023-06-26,7175,Rent,DEBIT,Completed,cf8f6107-bea4-4c92-aabb-8e8bda052d8d
TXN_2858,USR_151,2023-04-03,9965,Rent,DEBIT,Completed,1074abc4-63ce-49d2-b7c9-1903848af90b
TXN_2859,USR_151,2023-04-13,2191,Utility Bill,DEBIT,Completed,1074abc4-63ce-49d2-b7c9-1903848af90b
TXN_2860,USR_151,2023-05-10,517,Other Income,CREDIT,Completed,1074abc4-63ce-49d2-b7c9-1903848af90b
TXN_2861,USR_151,2023-06-02,1934,Transport,DEBIT,Completed,1074abc4-63ce-49d2-b7c9-1903848af90b
TXN_2862,USR_151,2023-05-28,2917,Shopping,DEBIT,Completed,1074abc4-63ce-49d2-b7c9-1903848af90b
TXN_2863,USR_151,2023-04-10,4877,Other Income,CREDIT,Completed,1074abc4-63ce-49d2-b7c9-1903848af90b
TXN_2864,USR_151,2023-04-01,2801,Shopping,DEBIT,Completed,1074abc4-63ce-49d2-b7c9-1903848af90b
TXN_2865,USR_151,2023-06-15,1689,Other Income,CREDIT,Completed,1074abc4-63ce-49d2-b7c9-1903848af90b
TXN_2866,USR_151,2023-05-16,2578,Transport,DEBIT,Completed,1074abc4-63ce-49d2-b7c9-1903848af90b
TXN_2867,USR_151,2023-04-22,1803,Savings,DEBIT,Completed,1074abc4-63ce-49d2-b7c9-1903848af90b
TXN_2868,USR_151,2023-06-09,5273,Rent,DEBIT,Completed,1074abc4-63ce-49d2-b7c9-1903848af90b
TXN_2869,USR_152,2023-04-24,1580,Food,DEBIT,Completed,f93917e7-3919-4cb1-b7c4-28309cdf6b83
TXN_2870,USR_152,2023-04-03,2555,Food,DEBIT,Completed,f93917e7-3919-4cb1-b7c4-28309cdf6b83
TXN_2871,USR_152,2023-06-17,11927,Rent,DEBIT,Completed,f93917e7-3919-4cb1-b7c4-28309cdf6b83
TXN_2872,USR_152,2023-04-20,970,Utility Bill,DEBIT,Completed,f93917e7-3919-4cb1-b7c4-28309cdf6b83
TXN_2873,USR_152,2023-05-23,1268,Food,DEBIT,Completed,f93917e7-3919-4cb1-b7c4-28309cdf6b83
TXN_2874,USR_152,2023-06-16,893,Shopping,DEBIT,Completed,f93917e7-3919-4cb1-b7c4-28309cdf6b83
TXN_2875,USR_152,2023-05-13,1096,Utility Bill,DEBIT,Completed,f93917e7-3919-4cb1-b7c4-28309cdf6b83
TXN_2876,USR_152,2023-06-01,8453,Rent,DEBIT,Completed,f93917e7-3919-4cb1-b7c4-28309cdf6b83
TXN_2877,USR_152,2023-05-23,666,Salary,CREDIT,Completed,f93917e7-3919-4cb1-b7c4-28309cdf6b83
TXN_2878,USR_152,2023-06-21,4694,Salary,CREDIT,Completed,f93917e7-3919-4cb1-b7c4-28309cdf6b83
TXN_2879,USR_152,2023-05-18,2164,Shopping,DEBIT,Completed,f93917e7-3919-4cb1-b7c4-28309cdf6b83
TXN_2880,USR_152,2023-04-18,8197,Rent,DEBIT,Completed,f93917e7-3919-4cb1-b7c4-28309cdf6b83
TXN_2881,USR_153,2023-04-06,3062,Other Income,CREDIT,Completed,78a892f8-9385-4659-83a8-8b35130bcecc
TXN_2882,USR_153,2023-05-07,2147,Utility Bill,DEBIT,Completed,78a892f8-9385-4659-83a8-8b35130bcecc
TXN_2883,USR_153,2023-06-08,10967,Rent,DEBIT,Completed,78a892f8-9385-4659-83a8-8b35130bcecc
TXN_2884,USR_153,2023-04-03,935,Shopping,DEBIT,Completed,78a892f8-9385-4659-83a8-8b35130bcecc
TXN_2885,USR_153,2023-06-05,1366,Utility Bill,DEBIT,Completed,78a892f8-9385-4659-83a8-8b35130bcecc
TXN_2886,USR_153,2023-06-08,2136,Utility Bill,DEBIT,Completed,78a892f8-9385-4659-83a8-8b35130bcecc
TXN_2887,USR_153,2023-04-14,1713,Utility Bill,DEBIT,Completed,78a892f8-9385-4659-83a8-8b35130bcecc
TXN_2888,USR_153,2023-06-08,985,Utility Bill,DEBIT,Completed,78a892f8-9385-4659-83a8-8b35130bcecc
TXN_2889,USR_153,2023-04-23,4787,Savings,DEBIT,Completed,78a892f8-9385-4659-83a8-8b35130bcecc
TXN_2890,USR_153,2023-06-16,2126,Utility Bill,DEBIT,Completed,78a892f8-9385-4659-83a8-8b35130bcecc
TXN_2891,USR_153,2023-04-10,1805,Savings,DEBIT,Completed,78a892f8-9385-4659-83a8-8b35130bcecc
TXN_2892,USR_153,2023-06-10,1984,Transport,DEBIT,Completed,78a892f8-9385-4659-83a8-8b35130bcecc
TXN_2893,USR_154,2023-06-27,3408,Savings,DEBIT,Completed,c002fbac-8f01-498d-87de-956b838691ab
TXN_2894,USR_154,2023-04-19,707,Utility Bill,DEBIT,Completed,c002fbac-8f01-498d-87de-956b838691ab
TXN_2895,USR_154,2023-04-26,3217,Savings,DEBIT,Completed,c002fbac-8f01-498d-87de-956b838691ab
TXN_2896,USR_154,2023-04-05,4487,Other Income,CREDIT,Completed,c002fbac-8f01-498d-87de-956b838691ab
TXN_2897,USR_154,2023-04-14,2454,Shopping,DEBIT,Completed,c002fbac-8f01-498d-87de-956b838691ab
TXN_2898,USR_154,2023-04-22,1629,Shopping,DEBIT,Completed,c002fbac-8f01-498d-87de-956b838691ab
TXN_2899,USR_154,2023-04-08,676,Shopping,DEBIT,Completed,c002fbac-8f01-498d-87de-956b838691ab
TXN_2900,USR_154,2023-06-20,2329,Transport,DEBIT,Completed,c002fbac-8f01-498d-87de-956b838691ab
TXN_2901,USR_154,2023-04-09,2854,Shopping,DEBIT,Completed,c002fbac-8f01-498d-87de-956b838691ab
TXN_2902,USR_154,2023-05-04,362,Shopping,DEBIT,Completed,c002fbac-8f01-498d-87de-956b838691ab
TXN_2903,USR_155,2023-04-22,1065,Transport,DEBIT,Completed,d2a7bde0-5f99-4c92-8517-15392d7c5227
TXN_2904,USR_155,2023-04-13,4862,Savings,DEBIT,Completed,d2a7bde0-5f99-4c92-8517-15392d7c5227
TXN_2905,USR_155,2023-04-09,1528,Transport,DEBIT,Completed,d2a7bde0-5f99-4c92-8517-15392d7c5227
TXN_2906,USR_155,2023-06-04,139,Transport,DEBIT,Completed,d2a7bde0-5f99-4c92-8517-15392d7c5227
TXN_2907,USR_155,2023-04-11,1671,Other Income,CREDIT,Completed,d2a7bde0-5f99-4c92-8517-15392d7c5227
TXN_2908,USR_155,2023-05-01,5747,Rent,DEBIT,Completed,d2a7bde0-5f99-4c92-8517-15392d7c5227
TXN_2909,USR_155,2023-06-22,678,Shopping,DEBIT,Completed,d2a7bde0-5f99-4c92-8517-15392d7c5227
TXN_2910,USR_155,2023-06-28,2790,Other Income,CREDIT,Completed,d2a7bde0-5f99-4c92-8517-15392d7c5227
TXN_2911,USR_155,2023-05-11,3717,Savings,DEBIT,Completed,d2a7bde0-5f99-4c92-8517-15392d7c5227
TXN_2912,USR_155,2023-04-25,3899,Other Income,CREDIT,Completed,d2a7bde0-5f99-4c92-8517-15392d7c5227
TXN_2913,USR_156,2023-04-28,956,Food,DEBIT,Completed,c0e3a4b2-0650-4ade-918c-e197e59f4adb
TXN_2914,USR_156,2023-04-13,2369,Shopping,DEBIT,Completed,c0e3a4b2-0650-4ade-918c-e197e59f4adb
TXN_2915,USR_156,2023-06-21,5813,Rent,DEBIT,Late,c0e3a4b2-0650-4ade-918c-e197e59f4adb
TXN_2916,USR_156,2023-06-05,2327,Food,DEBIT,Completed,c0e3a4b2-0650-4ade-918c-e197e59f4adb
TXN_2917,USR_156,2023-04-21,892,Transport,DEBIT,Completed,c0e3a4b2-0650-4ade-918c-e197e59f4adb
TXN_2918,USR_156,2023-05-27,3542,Other Income,CREDIT,Completed,c0e3a4b2-0650-4ade-918c-e197e59f4adb
TXN_2919,USR_156,2023-04-04,29418,Salary,CREDIT,Completed,c0e3a4b2-0650-4ade-918c-e197e59f4adb
TXN_2920,USR_156,2023-06-15,9005,Rent,DEBIT,Completed,c0e3a4b2-0650-4ade-918c-e197e59f4adb
TXN_2921,USR_156,2023-05-26,3191,Other Income,CREDIT,Completed,c0e3a4b2-0650-4ade-918c-e197e59f4adb
TXN_2922,USR_156,2023-05-28,2091,Utility Bill,DEBIT,Late,c0e3a4b2-0650-4ade-918c-e197e59f4adb
TXN_2923,USR_156,2023-05-26,879,Food,DEBIT,Completed,c0e3a4b2-0650-4ade-918c-e197e59f4adb
TXN_2924,USR_156,2023-05-06,2378,Utility Bill,DEBIT,Late,c0e3a4b2-0650-4ade-918c-e197e59f4adb
TXN_2925,USR_156,2023-05-31,2789,Transport,DEBIT,Completed,c0e3a4b2-0650-4ade-918c-e197e59f4adb
TXN_2926,USR_157,2023-05-11,1857,Utility Bill,DEBIT,Completed,4b7a9997-f36b-41ba-9284-6eb044d4fa25
TXN_2927,USR_157,2023-06-03,2227,Shopping,DEBIT,Completed,4b7a9997-f36b-41ba-9284-6eb044d4fa25
TXN_2928,USR_157,2023-05-23,4644,Other Income,CREDIT,Completed,4b7a9997-f36b-41ba-9284-6eb044d4fa25
TXN_2929,USR_157,2023-04-17,1753,Utility Bill,DEBIT,Completed,4b7a9997-f36b-41ba-9284-6eb044d4fa25
TXN_2930,USR_157,2023-04-24,1060,Savings,DEBIT,Completed,4b7a9997-f36b-41ba-9284-6eb044d4fa25
TXN_2931,USR_157,2023-06-30,355,Transport,DEBIT,Completed,4b7a9997-f36b-41ba-9284-6eb044d4fa25
TXN_2932,USR_157,2023-06-17,1301,Food,DEBIT,Completed,4b7a9997-f36b-41ba-9284-6eb044d4fa25
TXN_2933,USR_157,2023-04-11,1612,Shopping,DEBIT,Completed,4b7a9997-f36b-41ba-9284-6eb044d4fa25
TXN_2934,USR_157,2023-05-02,1623,Other Income,CREDIT,Completed,4b7a9997-f36b-41ba-9284-6eb044d4fa25
TXN_2935,USR_157,2023-05-23,883,Utility Bill,DEBIT,Completed,4b7a9997-f36b-41ba-9284-6eb044d4fa25
TXN_2936,USR_157,2023-04-22,3443,Other Income,CREDIT,Completed,4b7a9997-f36b-41ba-9284-6eb044d4fa25
TXN_2937,USR_157,2023-05-01,581,Transport,DEBIT,Completed,4b7a9997-f36b-41ba-9284-6eb044d4fa25
TXN_2938,USR_157,2023-04-15,1096,Transport,DEBIT,Completed,4b7a9997-f36b-41ba-9284-6eb044d4fa25
TXN_2939,USR_157,2023-04-18,784,Transport,DEBIT,Completed,4b7a9997-f36b-41ba-9284-6eb044d4fa25
TXN_2940,USR_158,2023-05-10,1597,Shopping,DEBIT,Completed,59d5aeef-0b84-4317-b0ad-16b51202a0d5
TXN_2941,USR_158,2023-06-22,6030,Rent,DEBIT,Completed,59d5aeef-0b84-4317-b0ad-16b51202a0d5
TXN_2942,USR_158,2023-04-13,4944,Savings,DEBIT,Completed,59d5aeef-0b84-4317-b0ad-16b51202a0d5
TXN_2943,USR_158,2023-04-23,2750,Transport,DEBIT,Completed,59d5aeef-0b84-4317-b0ad-16b51202a0d5
TXN_2944,USR_158,2023-06-10,3943,Savings,DEBIT,Completed,59d5aeef-0b84-4317-b0ad-16b51202a0d5
TXN_2945,USR_158,2023-06-03,4110,Savings,DEBIT,Completed,59d5aeef-0b84-4317-b0ad-16b51202a0d5
TXN_2946,USR_158,2023-04-16,1285,Transport,DEBIT,Completed,59d5aeef-0b84-4317-b0ad-16b51202a0d5
TXN_2947,USR_158,2023-05-14,341,Shopping,DEBIT,Completed,59d5aeef-0b84-4317-b0ad-16b51202a0d5
TXN_2948,USR_158,2023-06-15,2937,Savings,DEBIT,Completed,59d5aeef-0b84-4317-b0ad-16b51202a0d5
TXN_2949,USR_158,2023-06-06,6214,Rent,DEBIT,Completed,59d5aeef-0b84-4317-b0ad-16b51202a0d5
TXN_2950,USR_158,2023-05-09,10142,Rent,DEBIT,Completed,59d5aeef-0b84-4317-b0ad-16b51202a0d5
TXN_2951,USR_158,2023-05-09,1303,Utility Bill,DEBIT,Completed,59d5aeef-0b84-4317-b0ad-16b51202a0d5
TXN_2952,USR_159,2023-05-30,2932,Shopping,DEBIT,Completed,28e6f012-6816-432a-8c94-f69dd723a7e6
TXN_2953,USR_159,2023-05-04,2094,Salary,CREDIT,Completed,28e6f012-6816-432a-8c94-f69dd723a7e6
TXN_2954,USR_159,2023-04-08,10472,Rent,DEBIT,Completed,28e6f012-6816-432a-8c94-f69dd723a7e6
TXN_2955,USR_159,2023-06-14,2101,Utility Bill,DEBIT,Completed,28e6f012-6816-432a-8c94-f69dd723a7e6
TXN_2956,USR_159,2023-05-29,8037,Rent,DEBIT,Completed,28e6f012-6816-432a-8c94-f69dd723a7e6
TXN_2957,USR_159,2023-05-11,2007,Salary,CREDIT,Completed,28e6f012-6816-432a-8c94-f69dd723a7e6
TXN_2958,USR_159,2023-05-04,2696,Transport,DEBIT,Completed,28e6f012-6816-432a-8c94-f69dd723a7e6
TXN_2959,USR_159,2023-04-04,585,Food,DEBIT,Completed,28e6f012-6816-432a-8c94-f69dd723a7e6
TXN_2960,USR_159,2023-06-09,10860,Rent,DEBIT,Completed,28e6f012-6816-432a-8c94-f69dd723a7e6
TXN_2961,USR_159,2023-05-11,10320,Rent,DEBIT,Completed,28e6f012-6816-432a-8c94-f69dd723a7e6
TXN_2962,USR_159,2023-06-11,2453,Savings,DEBIT,Completed,28e6f012-6816-432a-8c94-f69dd723a7e6
TXN_2963,USR_160,2023-06-08,1735,Utility Bill,DEBIT,Completed,441108e5-aad5-4d0a-b5cd-384e97101516
TXN_2964,USR_160,2023-06-30,3662,Other Income,CREDIT,Completed,441108e5-aad5-4d0a-b5cd-384e97101516
TXN_2965,USR_160,2023-06-29,8973,Rent,DEBIT,Completed,441108e5-aad5-4d0a-b5cd-384e97101516
TXN_2966,USR_160,2023-04-18,137,Shopping,DEBIT,Completed,441108e5-aad5-4d0a-b5cd-384e97101516
TXN_2967,USR_160,2023-04-27,1381,Shopping,DEBIT,Completed,441108e5-aad5-4d0a-b5cd-384e97101516
TXN_2968,USR_160,2023-06-10,1803,Food,DEBIT,Completed,441108e5-aad5-4d0a-b5cd-384e97101516
TXN_2969,USR_160,2023-06-21,911,Food,DEBIT,Completed,441108e5-aad5-4d0a-b5cd-384e97101516
TXN_2970,USR_160,2023-04-20,8085,Rent,DEBIT,Completed,441108e5-aad5-4d0a-b5cd-384e97101516
TXN_2971,USR_160,2023-06-01,11371,Rent,DEBIT,Completed,441108e5-aad5-4d0a-b5cd-384e97101516
TXN_2972,USR_160,2023-04-25,444,Food,DEBIT,Completed,441108e5-aad5-4d0a-b5cd-384e97101516
TXN_2973,USR_160,2023-05-02,32572,Salary,CREDIT,Completed,441108e5-aad5-4d0a-b5cd-384e97101516
TXN_2974,USR_160,2023-04-15,2048,Utility Bill,DEBIT,Completed,441108e5-aad5-4d0a-b5cd-384e97101516
TXN_2975,USR_160,2023-05-07,2348,Shopping,DEBIT,Completed,441108e5-aad5-4d0a-b5cd-384e97101516
TXN_2976,USR_161,2023-04-23,1063,Food,DEBIT,Completed,0f505b51-b4e9-4f59-8aa9-bfbc4cf9b289
TXN_2977,USR_161,2023-06-29,1405,Shopping,DEBIT,Completed,0f505b51-b4e9-4f59-8aa9-bfbc4cf9b289
TXN_2978,USR_161,2023-06-18,2213,Transport,DEBIT,Completed,0f505b51-b4e9-4f59-8aa9-bfbc4cf9b289
TXN_2979,USR_161,2023-05-22,6258,Rent,DEBIT,Completed,0f505b51-b4e9-4f59-8aa9-bfbc4cf9b289
TXN_2980,USR_161,2023-05-13,2478,Transport,DEBIT,Completed,0f505b51-b4e9-4f59-8aa9-bfbc4cf9b289
TXN_2981,USR_161,2023-06-28,2882,Other Income,CREDIT,Completed,0f505b51-b4e9-4f59-8aa9-bfbc4cf9b289
TXN_2982,USR_161,2023-04-05,2495,Shopping,DEBIT,Completed,0f505b51-b4e9-4f59-8aa9-bfbc4cf9b289
TXN_2983,USR_161,2023-05-19,10562,Rent,DEBIT,Completed,0f505b51-b4e9-4f59-8aa9-bfbc4cf9b289
TXN_2984,USR_161,2023-04-02,1109,Other Income,CREDIT,Completed,0f505b51-b4e9-4f59-8aa9-bfbc4cf9b289
TXN_2985,USR_161,2023-04-23,2079,Transport,DEBIT,Completed,0f505b51-b4e9-4f59-8aa9-bfbc4cf9b289
TXN_2986,USR_161,2023-06-15,1181,Utility Bill,DEBIT,Completed,0f505b51-b4e9-4f59-8aa9-bfbc4cf9b289
TXN_2987,USR_161,2023-06-02,779,Other Income,CREDIT,Completed,0f505b51-b4e9-4f59-8aa9-bfbc4cf9b289
TXN_2988,USR_162,2023-04-06,4285,Other Income,CREDIT,Completed,4577c8c3-2d94-4dd7-88f8-5fbaa7c47351
TXN_2989,USR_162,2023-06-14,579,Utility Bill,DEBIT,Completed,4577c8c3-2d94-4dd7-88f8-5fbaa7c47351
TXN_2990,USR_162,2023-04-07,3334,Savings,DEBIT,Completed,4577c8c3-2d94-4dd7-88f8-5fbaa7c47351
TXN_2991,USR_162,2023-04-09,4964,Savings,DEBIT,Completed,4577c8c3-2d94-4dd7-88f8-5fbaa7c47351
TXN_2992,USR_162,2023-04-12,1450,Other Income,CREDIT,Completed,4577c8c3-2d94-4dd7-88f8-5fbaa7c47351
TXN_2993,USR_162,2023-06-12,5962,Rent,DEBIT,Completed,4577c8c3-2d94-4dd7-88f8-5fbaa7c47351
TXN_2994,USR_162,2023-04-22,2514,Food,DEBIT,Completed,4577c8c3-2d94-4dd7-88f8-5fbaa7c47351
TXN_2995,USR_162,2023-06-30,1785,Food,DEBIT,Completed,4577c8c3-2d94-4dd7-88f8-5fbaa7c47351
TXN_2996,USR_162,2023-06-13,53946,Salary,CREDIT,Completed,4577c8c3-2d94-4dd7-88f8-5fbaa7c47351
TXN_2997,USR_162,2023-05-08,2475,Other Income,CREDIT,Completed,4577c8c3-2d94-4dd7-88f8-5fbaa7c47351
TXN_2998,USR_163,2023-05-03,2854,Other Income,CREDIT,Completed,816396c2-8868-4308-8932-44523cef5fc7
TXN_2999,USR_163,2023-05-12,2018,Transport,DEBIT,Completed,816396c2-8868-4308-8932-44523cef5fc7
TXN_3000,USR_163,2023-04-05,1194,Savings,DEBIT,Completed,816396c2-8868-4308-8932-44523cef5fc7
TXN_3001,USR_163,2023-06-18,534,Transport,DEBIT,Completed,816396c2-8868-4308-8932-44523cef5fc7
TXN_3002,USR_163,2023-06-24,1991,Utility Bill,DEBIT,Completed,816396c2-8868-4308-8932-44523cef5fc7
TXN_3003,USR_163,2023-05-29,1210,Food,DEBIT,Completed,816396c2-8868-4308-8932-44523cef5fc7
TXN_3004,USR_163,2023-04-14,813,Utility Bill,DEBIT,Completed,816396c2-8868-4308-8932-44523cef5fc7
TXN_3005,USR_163,2023-05-17,10919,Rent,DEBIT,Completed,816396c2-8868-4308-8932-44523cef5fc7
TXN_3006,USR_163,2023-05-30,1273,Savings,DEBIT,Completed,816396c2-8868-4308-8932-44523cef5fc7
TXN_3007,USR_163,2023-05-03,4546,Other Income,CREDIT,Completed,816396c2-8868-4308-8932-44523cef5fc7
TXN_3008,USR_163,2023-06-16,8639,Rent,DEBIT,Completed,816396c2-8868-4308-8932-44523cef5fc7
TXN_3009,USR_163,2023-06-14,1999,Transport,DEBIT,Completed,816396c2-8868-4308-8932-44523cef5fc7
TXN_3010,USR_163,2023-06-13,1573,Shopping,DEBIT,Completed,816396c2-8868-4308-8932-44523cef5fc7
TXN_3011,USR_163,2023-04-04,1540,Utility Bill,DEBIT,Completed,816396c2-8868-4308-8932-44523cef5fc7
TXN_3012,USR_164,2023-06-09,9292,Rent,DEBIT,Completed,9af962c6-58fc-477e-8dff-316a4a1a7c33
TXN_3013,USR_164,2023-06-01,4252,Savings,DEBIT,Completed,9af962c6-58fc-477e-8dff-316a4a1a7c33
TXN_3014,USR_164,2023-05-03,758,Transport,DEBIT,Completed,9af962c6-58fc-477e-8dff-316a4a1a7c33
TXN_3015,USR_164,2023-04-21,47089,Salary,CREDIT,Completed,9af962c6-58fc-477e-8dff-316a4a1a7c33
TXN_3016,USR_164,2023-05-13,635,Utility Bill,DEBIT,Completed,9af962c6-58fc-477e-8dff-316a4a1a7c33
TXN_3017,USR_164,2023-04-16,424,Shopping,DEBIT,Completed,9af962c6-58fc-477e-8dff-316a4a1a7c33
TXN_3018,USR_164,2023-04-19,2436,Transport,DEBIT,Completed,9af962c6-58fc-477e-8dff-316a4a1a7c33
TXN_3019,USR_164,2023-06-19,2867,Savings,DEBIT,Completed,9af962c6-58fc-477e-8dff-316a4a1a7c33
TXN_3020,USR_164,2023-04-27,2729,Other Income,CREDIT,Completed,9af962c6-58fc-477e-8dff-316a4a1a7c33
TXN_3021,USR_164,2023-06-08,5592,Rent,DEBIT,Completed,9af962c6-58fc-477e-8dff-316a4a1a7c33
TXN_3022,USR_164,2023-06-09,1776,Food,DEBIT,Completed,9af962c6-58fc-477e-8dff-316a4a1a7c33
TXN_3023,USR_164,2023-06-08,2514,Savings,DEBIT,Completed,9af962c6-58fc-477e-8dff-316a4a1a7c33
TXN_3024,USR_164,2023-06-27,1943,Other Income,CREDIT,Completed,9af962c6-58fc-477e-8dff-316a4a1a7c33
TXN_3025,USR_164,2023-05-15,2685,Other Income,CREDIT,Completed,9af962c6-58fc-477e-8dff-316a4a1a7c33
TXN_3026,USR_164,2023-06-28,2292,Other Income,CREDIT,Completed,9af962c6-58fc-477e-8dff-316a4a1a7c33
TXN_3027,USR_165,2023-05-12,3742,Salary,CREDIT,Completed,c07e1166-6810-4140-9356-abcfd57a0d07
TXN_3028,USR_165,2023-04-18,1497,Utility Bill,DEBIT,Completed,c07e1166-6810-4140-9356-abcfd57a0d07
TXN_3029,USR_165,2023-05-13,5403,Rent,DEBIT,Completed,c07e1166-6810-4140-9356-abcfd57a0d07
TXN_3030,USR_165,2023-06-13,3237,Savings,DEBIT,Completed,c07e1166-6810-4140-9356-abcfd57a0d07
TXN_3031,USR_165,2023-06-02,2116,Transport,DEBIT,Completed,c07e1166-6810-4140-9356-abcfd57a0d07
TXN_3032,USR_165,2023-04-02,2334,Transport,DEBIT,Completed,c07e1166-6810-4140-9356-abcfd57a0d07
TXN_3033,USR_165,2023-06-08,1791,Savings,DEBIT,Completed,c07e1166-6810-4140-9356-abcfd57a0d07
TXN_3034,USR_165,2023-06-11,2140,Savings,DEBIT,Completed,c07e1166-6810-4140-9356-abcfd57a0d07
TXN_3035,USR_165,2023-06-18,8212,Rent,DEBIT,Completed,c07e1166-6810-4140-9356-abcfd57a0d07
TXN_3036,USR_165,2023-05-25,4305,Salary,CREDIT,Completed,c07e1166-6810-4140-9356-abcfd57a0d07
TXN_3037,USR_165,2023-05-05,1786,Transport,DEBIT,Completed,c07e1166-6810-4140-9356-abcfd57a0d07
TXN_3038,USR_165,2023-04-03,2229,Transport,DEBIT,Completed,c07e1166-6810-4140-9356-abcfd57a0d07
TXN_3039,USR_165,2023-06-21,2033,Shopping,DEBIT,Completed,c07e1166-6810-4140-9356-abcfd57a0d07
TXN_3040,USR_165,2023-06-13,264,Food,DEBIT,Completed,c07e1166-6810-4140-9356-abcfd57a0d07
TXN_3041,USR_165,2023-04-22,2134,Salary,CREDIT,Completed,c07e1166-6810-4140-9356-abcfd57a0d07
TXN_3042,USR_166,2023-05-22,1638,Savings,DEBIT,Completed,80273a1b-de06-436b-af08-d97aad73ba3d
TXN_3043,USR_166,2023-04-27,2411,Shopping,DEBIT,Completed,80273a1b-de06-436b-af08-d97aad73ba3d
TXN_3044,USR_166,2023-04-26,2892,Shopping,DEBIT,Completed,80273a1b-de06-436b-af08-d97aad73ba3d
TXN_3045,USR_166,2023-06-21,2925,Shopping,DEBIT,Completed,80273a1b-de06-436b-af08-d97aad73ba3d
TXN_3046,USR_166,2023-05-12,3797,Other Income,CREDIT,Completed,80273a1b-de06-436b-af08-d97aad73ba3d
TXN_3047,USR_166,2023-04-18,1951,Savings,DEBIT,Completed,80273a1b-de06-436b-af08-d97aad73ba3d
TXN_3048,USR_166,2023-05-01,3784,Savings,DEBIT,Completed,80273a1b-de06-436b-af08-d97aad73ba3d
TXN_3049,USR_166,2023-05-29,1654,Transport,DEBIT,Completed,80273a1b-de06-436b-af08-d97aad73ba3d
TXN_3050,USR_166,2023-04-30,1687,Savings,DEBIT,Completed,80273a1b-de06-436b-af08-d97aad73ba3d
TXN_3051,USR_166,2023-06-02,417,Shopping,DEBIT,Completed,80273a1b-de06-436b-af08-d97aad73ba3d
TXN_3052,USR_166,2023-04-10,3693,Savings,DEBIT,Completed,80273a1b-de06-436b-af08-d97aad73ba3d
TXN_3053,USR_166,2023-04-29,1112,Savings,DEBIT,Completed,80273a1b-de06-436b-af08-d97aad73ba3d
TXN_3054,USR_166,2023-05-12,1953,Other Income,CREDIT,Completed,80273a1b-de06-436b-af08-d97aad73ba3d
TXN_3055,USR_167,2023-04-18,5487,Rent,DEBIT,Completed,4486f108-c5f0-488f-b74c-b20e12eef44e
TXN_3056,USR_167,2023-05-07,2266,Food,DEBIT,Completed,4486f108-c5f0-488f-b74c-b20e12eef44e
TXN_3057,USR_167,2023-04-10,707,Transport,DEBIT,Completed,4486f108-c5f0-488f-b74c-b20e12eef44e
TXN_3058,USR_167,2023-06-10,4806,Savings,DEBIT,Completed,4486f108-c5f0-488f-b74c-b20e12eef44e
TXN_3059,USR_167,2023-04-30,652,Food,DEBIT,Completed,4486f108-c5f0-488f-b74c-b20e12eef44e
TXN_3060,USR_167,2023-04-09,2345,Utility Bill,DEBIT,Completed,4486f108-c5f0-488f-b74c-b20e12eef44e
TXN_3061,USR_167,2023-04-19,1145,Shopping,DEBIT,Completed,4486f108-c5f0-488f-b74c-b20e12eef44e
TXN_3062,USR_167,2023-04-17,395,Transport,DEBIT,Completed,4486f108-c5f0-488f-b74c-b20e12eef44e
TXN_3063,USR_167,2023-05-28,312,Food,DEBIT,Completed,4486f108-c5f0-488f-b74c-b20e12eef44e
TXN_3064,USR_167,2023-04-05,1886,Other Income,CREDIT,Completed,4486f108-c5f0-488f-b74c-b20e12eef44e
TXN_3065,USR_167,2023-04-20,1375,Transport,DEBIT,Completed,4486f108-c5f0-488f-b74c-b20e12eef44e
TXN_3066,USR_167,2023-04-11,1463,Transport,DEBIT,Completed,4486f108-c5f0-488f-b74c-b20e12eef44e
TXN_3067,USR_168,2023-05-08,2913,Shopping,DEBIT,Completed,790629ad-22ab-47f4-ad9c-e7f7f42fe61c
TXN_3068,USR_168,2023-05-13,10050,Rent,DEBIT,Completed,790629ad-22ab-47f4-ad9c-e7f7f42fe61c
TXN_3069,USR_168,2023-06-28,484,Food,DEBIT,Completed,790629ad-22ab-47f4-ad9c-e7f7f42fe61c
TXN_3070,USR_168,2023-06-02,5376,Rent,DEBIT,Completed,790629ad-22ab-47f4-ad9c-e7f7f42fe61c
TXN_3071,USR_168,2023-04-20,4495,Other Income,CREDIT,Completed,790629ad-22ab-47f4-ad9c-e7f7f42fe61c
TXN_3072,USR_168,2023-05-19,2932,Shopping,DEBIT,Completed,790629ad-22ab-47f4-ad9c-e7f7f42fe61c
TXN_3073,USR_168,2023-04-25,682,Shopping,DEBIT,Completed,790629ad-22ab-47f4-ad9c-e7f7f42fe61c
TXN_3074,USR_168,2023-05-15,724,Utility Bill,DEBIT,Completed,790629ad-22ab-47f4-ad9c-e7f7f42fe61c
TXN_3075,USR_168,2023-05-05,1170,Other Income,CREDIT,Completed,790629ad-22ab-47f4-ad9c-e7f7f42fe61c
TXN_3076,USR_168,2023-04-06,1548,Shopping,DEBIT,Completed,790629ad-22ab-47f4-ad9c-e7f7f42fe61c
TXN_3077,USR_168,2023-05-05,2898,Transport,DEBIT,Completed,790629ad-22ab-47f4-ad9c-e7f7f42fe61c
TXN_3078,USR_168,2023-05-30,536,Utility Bill,DEBIT,Completed,790629ad-22ab-47f4-ad9c-e7f7f42fe61c
TXN_3079,USR_168,2023-06-20,1901,Utility Bill,DEBIT,Completed,790629ad-22ab-47f4-ad9c-e7f7f42fe61c
TXN_3080,USR_168,2023-06-22,3429,Savings,DEBIT,Completed,790629ad-22ab-47f4-ad9c-e7f7f42fe61c
TXN_3081,USR_168,2023-06-05,8857,Rent,DEBIT,Completed,790629ad-22ab-47f4-ad9c-e7f7f42fe61c
TXN_3082,USR_169,2023-04-12,764,Salary,CREDIT,Completed,d7ca6b08-f9be-4aa1-b492-2cad81b0054c
TXN_3083,USR_169,2023-04-16,2521,Food,DEBIT,Completed,d7ca6b08-f9be-4aa1-b492-2cad81b0054c
TXN_3084,USR_169,2023-06-22,2937,Salary,CREDIT,Completed,d7ca6b08-f9be-4aa1-b492-2cad81b0054c
TXN_3085,USR_169,2023-06-09,2257,Savings,DEBIT,Completed,d7ca6b08-f9be-4aa1-b492-2cad81b0054c
TXN_3086,USR_169,2023-05-19,4448,Salary,CREDIT,Completed,d7ca6b08-f9be-4aa1-b492-2cad81b0054c
TXN_3087,USR_169,2023-04-06,1387,Utility Bill,DEBIT,Completed,d7ca6b08-f9be-4aa1-b492-2cad81b0054c
TXN_3088,USR_169,2023-06-11,2022,Utility Bill,DEBIT,Completed,d7ca6b08-f9be-4aa1-b492-2cad81b0054c
TXN_3089,USR_169,2023-05-01,6217,Rent,DEBIT,Completed,d7ca6b08-f9be-4aa1-b492-2cad81b0054c
TXN_3090,USR_169,2023-05-25,141,Transport,DEBIT,Completed,d7ca6b08-f9be-4aa1-b492-2cad81b0054c
TXN_3091,USR_169,2023-04-08,1206,Salary,CREDIT,Completed,d7ca6b08-f9be-4aa1-b492-2cad81b0054c
TXN_3092,USR_169,2023-05-21,1080,Transport,DEBIT,Completed,d7ca6b08-f9be-4aa1-b492-2cad81b0054c
TXN_3093,USR_169,2023-05-20,2111,Salary,CREDIT,Completed,d7ca6b08-f9be-4aa1-b492-2cad81b0054c
TXN_3094,USR_169,2023-04-19,1588,Food,DEBIT,Completed,d7ca6b08-f9be-4aa1-b492-2cad81b0054c
TXN_3095,USR_170,2023-04-06,4975,Salary,CREDIT,Completed,a23f2adb-d223-48dc-aa33-627b92271449
TXN_3096,USR_170,2023-05-17,7489,Rent,DEBIT,Completed,a23f2adb-d223-48dc-aa33-627b92271449
TXN_3097,USR_170,2023-06-14,4675,Savings,DEBIT,Completed,a23f2adb-d223-48dc-aa33-627b92271449
TXN_3098,USR_170,2023-04-06,967,Food,DEBIT,Completed,a23f2adb-d223-48dc-aa33-627b92271449
TXN_3099,USR_170,2023-05-12,1244,Salary,CREDIT,Completed,a23f2adb-d223-48dc-aa33-627b92271449
TXN_3100,USR_170,2023-05-27,8394,Rent,DEBIT,Completed,a23f2adb-d223-48dc-aa33-627b92271449
TXN_3101,USR_170,2023-04-27,11892,Rent,DEBIT,Completed,a23f2adb-d223-48dc-aa33-627b92271449
TXN_3102,USR_170,2023-06-15,2470,Food,DEBIT,Completed,a23f2adb-d223-48dc-aa33-627b92271449
TXN_3103,USR_170,2023-05-30,10319,Rent,DEBIT,Completed,a23f2adb-d223-48dc-aa33-627b92271449
TXN_3104,USR_170,2023-05-08,4115,Salary,CREDIT,Completed,a23f2adb-d223-48dc-aa33-627b92271449
TXN_3105,USR_170,2023-06-29,7701,Rent,DEBIT,Completed,a23f2adb-d223-48dc-aa33-627b92271449
TXN_3106,USR_171,2023-06-10,1816,Utility Bill,DEBIT,Completed,42434a19-6dc3-44b5-be30-04e7b45035d7
TXN_3107,USR_171,2023-04-01,523,Transport,DEBIT,Completed,42434a19-6dc3-44b5-be30-04e7b45035d7
TXN_3108,USR_171,2023-04-20,2168,Shopping,DEBIT,Completed,42434a19-6dc3-44b5-be30-04e7b45035d7
TXN_3109,USR_171,2023-05-25,11863,Rent,DEBIT,Completed,42434a19-6dc3-44b5-be30-04e7b45035d7
TXN_3110,USR_171,2023-05-15,1578,Utility Bill,DEBIT,Completed,42434a19-6dc3-44b5-be30-04e7b45035d7
TXN_3111,USR_171,2023-05-02,1317,Utility Bill,DEBIT,Completed,42434a19-6dc3-44b5-be30-04e7b45035d7
TXN_3112,USR_171,2023-04-02,1290,Food,DEBIT,Completed,42434a19-6dc3-44b5-be30-04e7b45035d7
TXN_3113,USR_171,2023-06-02,2921,Salary,CREDIT,Completed,42434a19-6dc3-44b5-be30-04e7b45035d7
TXN_3114,USR_171,2023-06-03,2068,Salary,CREDIT,Completed,42434a19-6dc3-44b5-be30-04e7b45035d7
TXN_3115,USR_171,2023-05-09,1658,Savings,DEBIT,Completed,42434a19-6dc3-44b5-be30-04e7b45035d7
TXN_3116,USR_171,2023-06-19,2735,Food,DEBIT,Completed,42434a19-6dc3-44b5-be30-04e7b45035d7
TXN_3117,USR_171,2023-06-11,105,Transport,DEBIT,Completed,42434a19-6dc3-44b5-be30-04e7b45035d7
TXN_3118,USR_171,2023-06-16,4299,Salary,CREDIT,Completed,42434a19-6dc3-44b5-be30-04e7b45035d7
TXN_3119,USR_172,2023-04-12,10163,Rent,DEBIT,Completed,d8734934-6558-4385-aa4a-44d204f12a5f
TXN_3120,USR_172,2023-06-01,2303,Utility Bill,DEBIT,Late,d8734934-6558-4385-aa4a-44d204f12a5f
TXN_3121,USR_172,2023-06-04,2496,Shopping,DEBIT,Completed,d8734934-6558-4385-aa4a-44d204f12a5f
TXN_3122,USR_172,2023-05-31,4177,Other Income,CREDIT,Completed,d8734934-6558-4385-aa4a-44d204f12a5f
TXN_3123,USR_172,2023-06-04,3455,Other Income,CREDIT,Completed,d8734934-6558-4385-aa4a-44d204f12a5f
TXN_3124,USR_172,2023-06-30,3979,Savings,DEBIT,Completed,d8734934-6558-4385-aa4a-44d204f12a5f
TXN_3125,USR_172,2023-04-30,2288,Food,DEBIT,Completed,d8734934-6558-4385-aa4a-44d204f12a5f
TXN_3126,USR_172,2023-05-31,3133,Savings,DEBIT,Completed,d8734934-6558-4385-aa4a-44d204f12a5f
TXN_3127,USR_172,2023-05-25,1123,Savings,DEBIT,Completed,d8734934-6558-4385-aa4a-44d204f12a5f
TXN_3128,USR_172,2023-04-03,714,Other Income,CREDIT,Completed,d8734934-6558-4385-aa4a-44d204f12a5f
TXN_3129,USR_172,2023-04-17,573,Utility Bill,DEBIT,Late,d8734934-6558-4385-aa4a-44d204f12a5f
TXN_3130,USR_172,2023-06-11,1317,Other Income,CREDIT,Completed,d8734934-6558-4385-aa4a-44d204f12a5f
TXN_3131,USR_172,2023-06-18,35568,Salary,CREDIT,Completed,d8734934-6558-4385-aa4a-44d204f12a5f
TXN_3132,USR_172,2023-04-11,660,Utility Bill,DEBIT,Late,d8734934-6558-4385-aa4a-44d204f12a5f
TXN_3133,USR_172,2023-05-30,4451,Other Income,CREDIT,Completed,d8734934-6558-4385-aa4a-44d204f12a5f
TXN_3134,USR_173,2023-04-07,2757,Transport,DEBIT,Completed,ed15f1b1-82f5-4619-ba85-a522361d2464
TXN_3135,USR_173,2023-06-12,2712,Transport,DEBIT,Completed,ed15f1b1-82f5-4619-ba85-a522361d2464
TXN_3136,USR_173,2023-04-12,1730,Shopping,DEBIT,Completed,ed15f1b1-82f5-4619-ba85-a522361d2464
TXN_3137,USR_173,2023-05-06,2487,Food,DEBIT,Completed,ed15f1b1-82f5-4619-ba85-a522361d2464
TXN_3138,USR_173,2023-06-18,10576,Rent,DEBIT,Late,ed15f1b1-82f5-4619-ba85-a522361d2464
TXN_3139,USR_173,2023-04-17,1712,Utility Bill,DEBIT,Late,ed15f1b1-82f5-4619-ba85-a522361d2464
TXN_3140,USR_173,2023-06-26,1845,Shopping,DEBIT,Completed,ed15f1b1-82f5-4619-ba85-a522361d2464
TXN_3141,USR_173,2023-05-24,2259,Other Income,CREDIT,Completed,ed15f1b1-82f5-4619-ba85-a522361d2464
TXN_3142,USR_173,2023-05-30,6554,Rent,DEBIT,Late,ed15f1b1-82f5-4619-ba85-a522361d2464
TXN_3143,USR_173,2023-05-19,2696,Savings,DEBIT,Completed,ed15f1b1-82f5-4619-ba85-a522361d2464
TXN_3144,USR_173,2023-04-18,2206,Food,DEBIT,Completed,ed15f1b1-82f5-4619-ba85-a522361d2464
TXN_3145,USR_173,2023-06-19,9772,Rent,DEBIT,Completed,ed15f1b1-82f5-4619-ba85-a522361d2464
TXN_3146,USR_173,2023-06-11,8387,Rent,DEBIT,Completed,ed15f1b1-82f5-4619-ba85-a522361d2464
TXN_3147,USR_174,2023-04-17,2050,Salary,CREDIT,Completed,a09ae682-2cb1-41c0-a6a0-80e1c570e80f
TXN_3148,USR_174,2023-05-14,157,Transport,DEBIT,Completed,a09ae682-2cb1-41c0-a6a0-80e1c570e80f
TXN_3149,USR_174,2023-06-17,2411,Food,DEBIT,Completed,a09ae682-2cb1-41c0-a6a0-80e1c570e80f
TXN_3150,USR_174,2023-04-18,3674,Salary,CREDIT,Completed,a09ae682-2cb1-41c0-a6a0-80e1c570e80f
TXN_3151,USR_174,2023-04-28,4278,Salary,CREDIT,Completed,a09ae682-2cb1-41c0-a6a0-80e1c570e80f
TXN_3152,USR_174,2023-05-23,2787,Salary,CREDIT,Completed,a09ae682-2cb1-41c0-a6a0-80e1c570e80f
TXN_3153,USR_174,2023-06-03,1788,Utility Bill,DEBIT,Completed,a09ae682-2cb1-41c0-a6a0-80e1c570e80f
TXN_3154,USR_174,2023-04-09,1757,Shopping,DEBIT,Completed,a09ae682-2cb1-41c0-a6a0-80e1c570e80f
TXN_3155,USR_174,2023-04-29,4666,Salary,CREDIT,Completed,a09ae682-2cb1-41c0-a6a0-80e1c570e80f
TXN_3156,USR_174,2023-06-20,1853,Shopping,DEBIT,Completed,a09ae682-2cb1-41c0-a6a0-80e1c570e80f
TXN_3157,USR_174,2023-06-25,2050,Salary,CREDIT,Completed,a09ae682-2cb1-41c0-a6a0-80e1c570e80f
TXN_3158,USR_174,2023-04-22,244,Transport,DEBIT,Completed,a09ae682-2cb1-41c0-a6a0-80e1c570e80f
TXN_3159,USR_175,2023-06-17,1734,Food,DEBIT,Completed,fa4c132b-3492-45d4-9293-cb2d49024ec5
TXN_3160,USR_175,2023-04-13,4722,Other Income,CREDIT,Completed,fa4c132b-3492-45d4-9293-cb2d49024ec5
TXN_3161,USR_175,2023-05-10,5294,Rent,DEBIT,Completed,fa4c132b-3492-45d4-9293-cb2d49024ec5
TXN_3162,USR_175,2023-06-16,2244,Shopping,DEBIT,Completed,fa4c132b-3492-45d4-9293-cb2d49024ec5
TXN_3163,USR_175,2023-06-11,576,Other Income,CREDIT,Completed,fa4c132b-3492-45d4-9293-cb2d49024ec5
TXN_3164,USR_175,2023-06-19,2351,Savings,DEBIT,Completed,fa4c132b-3492-45d4-9293-cb2d49024ec5
TXN_3165,USR_175,2023-04-24,3286,Other Income,CREDIT,Completed,fa4c132b-3492-45d4-9293-cb2d49024ec5
TXN_3166,USR_175,2023-05-04,1320,Other Income,CREDIT,Completed,fa4c132b-3492-45d4-9293-cb2d49024ec5
TXN_3167,USR_175,2023-05-12,3918,Other Income,CREDIT,Completed,fa4c132b-3492-45d4-9293-cb2d49024ec5
TXN_3168,USR_175,2023-06-05,7355,Rent,DEBIT,Completed,fa4c132b-3492-45d4-9293-cb2d49024ec5
TXN_3169,USR_176,2023-06-16,503,Other Income,CREDIT,Completed,d3dc557e-bfa1-4afb-a5b3-962d7633bf11
TXN_3170,USR_176,2023-04-29,2378,Transport,DEBIT,Completed,d3dc557e-bfa1-4afb-a5b3-962d7633bf11
TXN_3171,USR_176,2023-05-17,1582,Other Income,CREDIT,Completed,d3dc557e-bfa1-4afb-a5b3-962d7633bf11
TXN_3172,USR_176,2023-05-21,2379,Utility Bill,DEBIT,Completed,d3dc557e-bfa1-4afb-a5b3-962d7633bf11
TXN_3173,USR_176,2023-05-09,937,Utility Bill,DEBIT,Completed,d3dc557e-bfa1-4afb-a5b3-962d7633bf11
TXN_3174,USR_176,2023-06-16,843,Other Income,CREDIT,Completed,d3dc557e-bfa1-4afb-a5b3-962d7633bf11
TXN_3175,USR_176,2023-06-11,1906,Utility Bill,DEBIT,Completed,d3dc557e-bfa1-4afb-a5b3-962d7633bf11
TXN_3176,USR_176,2023-06-20,11161,Rent,DEBIT,Completed,d3dc557e-bfa1-4afb-a5b3-962d7633bf11
TXN_3177,USR_176,2023-04-10,4852,Other Income,CREDIT,Completed,d3dc557e-bfa1-4afb-a5b3-962d7633bf11
TXN_3178,USR_176,2023-06-04,2423,Other Income,CREDIT,Completed,d3dc557e-bfa1-4afb-a5b3-962d7633bf11
TXN_3179,USR_177,2023-04-10,947,Other Income,CREDIT,Completed,1f9b28b6-6f24-4422-86f6-8f19f008e860
TXN_3180,USR_177,2023-06-18,5150,Rent,DEBIT,Completed,1f9b28b6-6f24-4422-86f6-8f19f008e860
TXN_3181,USR_177,2023-04-19,4740,Other Income,CREDIT,Completed,1f9b28b6-6f24-4422-86f6-8f19f008e860
TXN_3182,USR_177,2023-04-25,1519,Transport,DEBIT,Completed,1f9b28b6-6f24-4422-86f6-8f19f008e860
TXN_3183,USR_177,2023-05-15,1320,Other Income,CREDIT,Completed,1f9b28b6-6f24-4422-86f6-8f19f008e860
TXN_3184,USR_177,2023-04-12,8463,Rent,DEBIT,Late,1f9b28b6-6f24-4422-86f6-8f19f008e860
TXN_3185,USR_177,2023-04-21,1313,Utility Bill,DEBIT,Completed,1f9b28b6-6f24-4422-86f6-8f19f008e860
TXN_3186,USR_177,2023-06-06,1623,Savings,DEBIT,Completed,1f9b28b6-6f24-4422-86f6-8f19f008e860
TXN_3187,USR_177,2023-05-25,1008,Other Income,CREDIT,Completed,1f9b28b6-6f24-4422-86f6-8f19f008e860
TXN_3188,USR_177,2023-05-06,1470,Other Income,CREDIT,Completed,1f9b28b6-6f24-4422-86f6-8f19f008e860
TXN_3189,USR_177,2023-04-29,1557,Food,DEBIT,Completed,1f9b28b6-6f24-4422-86f6-8f19f008e860
TXN_3190,USR_177,2023-04-29,2172,Food,DEBIT,Completed,1f9b28b6-6f24-4422-86f6-8f19f008e860
TXN_3191,USR_178,2023-06-21,1879,Savings,DEBIT,Completed,d3872a92-4a09-4f04-8509-6bb683353500
TXN_3192,USR_178,2023-04-07,3142,Other Income,CREDIT,Completed,d3872a92-4a09-4f04-8509-6bb683353500
TXN_3193,USR_178,2023-05-03,254,Shopping,DEBIT,Completed,d3872a92-4a09-4f04-8509-6bb683353500
TXN_3194,USR_178,2023-04-16,6381,Rent,DEBIT,Late,d3872a92-4a09-4f04-8509-6bb683353500
TXN_3195,USR_178,2023-05-09,764,Shopping,DEBIT,Completed,d3872a92-4a09-4f04-8509-6bb683353500
TXN_3196,USR_178,2023-04-14,2317,Shopping,DEBIT,Completed,d3872a92-4a09-4f04-8509-6bb683353500
TXN_3197,USR_178,2023-04-02,1666,Transport,DEBIT,Completed,d3872a92-4a09-4f04-8509-6bb683353500
TXN_3198,USR_178,2023-05-12,326,Transport,DEBIT,Completed,d3872a92-4a09-4f04-8509-6bb683353500
TXN_3199,USR_178,2023-06-18,978,Other Income,CREDIT,Completed,d3872a92-4a09-4f04-8509-6bb683353500
TXN_3200,USR_178,2023-05-04,2356,Other Income,CREDIT,Completed,d3872a92-4a09-4f04-8509-6bb683353500
TXN_3201,USR_178,2023-04-22,3921,Savings,DEBIT,Completed,d3872a92-4a09-4f04-8509-6bb683353500
TXN_3202,USR_178,2023-04-12,1993,Transport,DEBIT,Completed,d3872a92-4a09-4f04-8509-6bb683353500
TXN_3203,USR_178,2023-05-25,3783,Other Income,CREDIT,Completed,d3872a92-4a09-4f04-8509-6bb683353500
TXN_3204,USR_178,2023-06-10,4407,Savings,DEBIT,Completed,d3872a92-4a09-4f04-8509-6bb683353500
TXN_3205,USR_178,2023-04-02,1326,Shopping,DEBIT,Completed,d3872a92-4a09-4f04-8509-6bb683353500
TXN_3206,USR_179,2023-04-30,1822,Other Income,CREDIT,Completed,2d85daa3-a9a8-4ded-9e5d-1204ee3b3a27
TXN_3207,USR_179,2023-06-12,2143,Transport,DEBIT,Completed,2d85daa3-a9a8-4ded-9e5d-1204ee3b3a27
TXN_3208,USR_179,2023-05-19,316,Transport,DEBIT,Completed,2d85daa3-a9a8-4ded-9e5d-1204ee3b3a27
TXN_3209,USR_179,2023-04-12,2869,Shopping,DEBIT,Completed,2d85daa3-a9a8-4ded-9e5d-1204ee3b3a27
TXN_3210,USR_179,2023-06-15,1124,Other Income,CREDIT,Completed,2d85daa3-a9a8-4ded-9e5d-1204ee3b3a27
TXN_3211,USR_179,2023-06-08,1858,Shopping,DEBIT,Completed,2d85daa3-a9a8-4ded-9e5d-1204ee3b3a27
TXN_3212,USR_179,2023-05-26,843,Transport,DEBIT,Completed,2d85daa3-a9a8-4ded-9e5d-1204ee3b3a27
TXN_3213,USR_179,2023-04-26,1317,Utility Bill,DEBIT,Late,2d85daa3-a9a8-4ded-9e5d-1204ee3b3a27
TXN_3214,USR_179,2023-04-08,10890,Rent,DEBIT,Completed,2d85daa3-a9a8-4ded-9e5d-1204ee3b3a27
TXN_3215,USR_179,2023-05-10,2288,Utility Bill,DEBIT,Late,2d85daa3-a9a8-4ded-9e5d-1204ee3b3a27
TXN_3216,USR_179,2023-05-09,1809,Shopping,DEBIT,Completed,2d85daa3-a9a8-4ded-9e5d-1204ee3b3a27
TXN_3217,USR_180,2023-06-29,2113,Transport,DEBIT,Completed,b4b8e5e3-7988-4f95-ac0b-e5767c769242
TXN_3218,USR_180,2023-05-15,2527,Transport,DEBIT,Completed,b4b8e5e3-7988-4f95-ac0b-e5767c769242
TXN_3219,USR_180,2023-06-30,35469,Salary,CREDIT,Completed,b4b8e5e3-7988-4f95-ac0b-e5767c769242
TXN_3220,USR_180,2023-04-17,841,Transport,DEBIT,Completed,b4b8e5e3-7988-4f95-ac0b-e5767c769242
TXN_3221,USR_180,2023-06-03,1673,Other Income,CREDIT,Completed,b4b8e5e3-7988-4f95-ac0b-e5767c769242
TXN_3222,USR_180,2023-04-19,1006,Utility Bill,DEBIT,Completed,b4b8e5e3-7988-4f95-ac0b-e5767c769242
TXN_3223,USR_180,2023-05-30,2584,Transport,DEBIT,Completed,b4b8e5e3-7988-4f95-ac0b-e5767c769242
TXN_3224,USR_180,2023-06-07,1840,Transport,DEBIT,Completed,b4b8e5e3-7988-4f95-ac0b-e5767c769242
TXN_3225,USR_180,2023-06-26,4282,Savings,DEBIT,Completed,b4b8e5e3-7988-4f95-ac0b-e5767c769242
TXN_3226,USR_180,2023-05-25,2030,Utility Bill,DEBIT,Completed,b4b8e5e3-7988-4f95-ac0b-e5767c769242
TXN_3227,USR_180,2023-04-17,11898,Rent,DEBIT,Completed,b4b8e5e3-7988-4f95-ac0b-e5767c769242
TXN_3228,USR_180,2023-06-22,2675,Other Income,CREDIT,Completed,b4b8e5e3-7988-4f95-ac0b-e5767c769242
TXN_3229,USR_181,2023-04-17,3190,Other Income,CREDIT,Completed,e35101d6-4e70-4fe1-b859-7df88471b65c
TXN_3230,USR_181,2023-04-24,3615,Other Income,CREDIT,Completed,e35101d6-4e70-4fe1-b859-7df88471b65c
TXN_3231,USR_181,2023-05-24,3037,Other Income,CREDIT,Completed,e35101d6-4e70-4fe1-b859-7df88471b65c
TXN_3232,USR_181,2023-04-14,8954,Rent,DEBIT,Completed,e35101d6-4e70-4fe1-b859-7df88471b65c
TXN_3233,USR_181,2023-05-01,3123,Savings,DEBIT,Completed,e35101d6-4e70-4fe1-b859-7df88471b65c
TXN_3234,USR_181,2023-06-27,753,Shopping,DEBIT,Completed,e35101d6-4e70-4fe1-b859-7df88471b65c
TXN_3235,USR_181,2023-04-26,1173,Other Income,CREDIT,Completed,e35101d6-4e70-4fe1-b859-7df88471b65c
TXN_3236,USR_181,2023-06-17,2717,Food,DEBIT,Completed,e35101d6-4e70-4fe1-b859-7df88471b65c
TXN_3237,USR_181,2023-06-28,2298,Shopping,DEBIT,Completed,e35101d6-4e70-4fe1-b859-7df88471b65c
TXN_3238,USR_181,2023-05-16,2038,Utility Bill,DEBIT,Completed,e35101d6-4e70-4fe1-b859-7df88471b65c
TXN_3239,USR_181,2023-05-23,1829,Shopping,DEBIT,Completed,e35101d6-4e70-4fe1-b859-7df88471b65c
TXN_3240,USR_181,2023-05-20,1436,Savings,DEBIT,Completed,e35101d6-4e70-4fe1-b859-7df88471b65c
TXN_3241,USR_181,2023-06-07,2543,Food,DEBIT,Completed,e35101d6-4e70-4fe1-b859-7df88471b65c
TXN_3242,USR_181,2023-06-29,824,Transport,DEBIT,Completed,e35101d6-4e70-4fe1-b859-7df88471b65c
TXN_3243,USR_182,2023-05-28,2134,Shopping,DEBIT,Completed,f38c4d05-b4dc-4441-b058-35d0d8195b45
TXN_3244,USR_182,2023-04-22,656,Other Income,CREDIT,Completed,f38c4d05-b4dc-4441-b058-35d0d8195b45
TXN_3245,USR_182,2023-06-18,10125,Salary,CREDIT,Completed,f38c4d05-b4dc-4441-b058-35d0d8195b45
TXN_3246,USR_182,2023-04-26,1634,Food,DEBIT,Completed,f38c4d05-b4dc-4441-b058-35d0d8195b45
TXN_3247,USR_182,2023-06-27,959,Transport,DEBIT,Completed,f38c4d05-b4dc-4441-b058-35d0d8195b45
TXN_3248,USR_182,2023-04-24,316,Food,DEBIT,Completed,f38c4d05-b4dc-4441-b058-35d0d8195b45
TXN_3249,USR_182,2023-06-11,11219,Rent,DEBIT,Completed,f38c4d05-b4dc-4441-b058-35d0d8195b45
TXN_3250,USR_182,2023-04-18,359,Transport,DEBIT,Completed,f38c4d05-b4dc-4441-b058-35d0d8195b45
TXN_3251,USR_182,2023-04-01,4028,Other Income,CREDIT,Completed,f38c4d05-b4dc-4441-b058-35d0d8195b45
TXN_3252,USR_182,2023-04-19,2181,Food,DEBIT,Completed,f38c4d05-b4dc-4441-b058-35d0d8195b45
TXN_3253,USR_182,2023-06-06,1298,Transport,DEBIT,Completed,f38c4d05-b4dc-4441-b058-35d0d8195b45
TXN_3254,USR_183,2023-06-17,2262,Savings,DEBIT,Completed,54f1b15c-d341-4203-865a-7d4179b5988a
TXN_3255,USR_183,2023-05-09,2599,Shopping,DEBIT,Completed,54f1b15c-d341-4203-865a-7d4179b5988a
TXN_3256,USR_183,2023-04-03,1949,Food,DEBIT,Completed,54f1b15c-d341-4203-865a-7d4179b5988a
TXN_3257,USR_183,2023-05-15,3884,Other Income,CREDIT,Completed,54f1b15c-d341-4203-865a-7d4179b5988a
TXN_3258,USR_183,2023-05-05,2445,Savings,DEBIT,Completed,54f1b15c-d341-4203-865a-7d4179b5988a
TXN_3259,USR_183,2023-05-06,1486,Shopping,DEBIT,Completed,54f1b15c-d341-4203-865a-7d4179b5988a
TXN_3260,USR_183,2023-06-06,220,Food,DEBIT,Completed,54f1b15c-d341-4203-865a-7d4179b5988a
TXN_3261,USR_183,2023-04-10,1659,Savings,DEBIT,Completed,54f1b15c-d341-4203-865a-7d4179b5988a
TXN_3262,USR_183,2023-04-26,1145,Shopping,DEBIT,Completed,54f1b15c-d341-4203-865a-7d4179b5988a
TXN_3263,USR_183,2023-04-21,7836,Salary,CREDIT,Completed,54f1b15c-d341-4203-865a-7d4179b5988a
TXN_3264,USR_183,2023-04-22,565,Utility Bill,DEBIT,Completed,54f1b15c-d341-4203-865a-7d4179b5988a
TXN_3265,USR_183,2023-05-20,437,Food,DEBIT,Completed,54f1b15c-d341-4203-865a-7d4179b5988a
TXN_3266,USR_183,2023-04-21,4055,Other Income,CREDIT,Completed,54f1b15c-d341-4203-865a-7d4179b5988a
TXN_3267,USR_184,2023-05-12,4649,Other Income,CREDIT,Completed,d1f52eb1-92c2-4fe0-b2ec-0c6f31bb49d0
TXN_3268,USR_184,2023-06-03,2381,Food,DEBIT,Completed,d1f52eb1-92c2-4fe0-b2ec-0c6f31bb49d0
TXN_3269,USR_184,2023-05-16,1729,Utility Bill,DEBIT,Completed,d1f52eb1-92c2-4fe0-b2ec-0c6f31bb49d0
TXN_3270,USR_184,2023-04-09,3144,Savings,DEBIT,Completed,d1f52eb1-92c2-4fe0-b2ec-0c6f31bb49d0
TXN_3271,USR_184,2023-04-24,4835,Savings,DEBIT,Completed,d1f52eb1-92c2-4fe0-b2ec-0c6f31bb49d0
TXN_3272,USR_184,2023-06-26,1565,Savings,DEBIT,Completed,d1f52eb1-92c2-4fe0-b2ec-0c6f31bb49d0
TXN_3273,USR_184,2023-05-29,2751,Shopping,DEBIT,Completed,d1f52eb1-92c2-4fe0-b2ec-0c6f31bb49d0
TXN_3274,USR_184,2023-06-23,1651,Food,DEBIT,Completed,d1f52eb1-92c2-4fe0-b2ec-0c6f31bb49d0
TXN_3275,USR_184,2023-06-06,6428,Rent,DEBIT,Completed,d1f52eb1-92c2-4fe0-b2ec-0c6f31bb49d0
TXN_3276,USR_184,2023-05-21,4831,Other Income,CREDIT,Completed,d1f52eb1-92c2-4fe0-b2ec-0c6f31bb49d0
TXN_3277,USR_185,2023-06-27,2008,Transport,DEBIT,Completed,e135eb11-9a66-4f10-a412-44b29340870b
TXN_3278,USR_185,2023-04-03,1553,Savings,DEBIT,Completed,e135eb11-9a66-4f10-a412-44b29340870b
TXN_3279,USR_185,2023-04-08,2966,Transport,DEBIT,Completed,e135eb11-9a66-4f10-a412-44b29340870b
TXN_3280,USR_185,2023-06-14,2300,Savings,DEBIT,Completed,e135eb11-9a66-4f10-a412-44b29340870b
TXN_3281,USR_185,2023-04-06,2452,Shopping,DEBIT,Completed,e135eb11-9a66-4f10-a412-44b29340870b
TXN_3282,USR_185,2023-05-27,4420,Savings,DEBIT,Completed,e135eb11-9a66-4f10-a412-44b29340870b
TXN_3283,USR_185,2023-05-30,4160,Savings,DEBIT,Completed,e135eb11-9a66-4f10-a412-44b29340870b
TXN_3284,USR_185,2023-04-21,10609,Rent,DEBIT,Completed,e135eb11-9a66-4f10-a412-44b29340870b
TXN_3285,USR_185,2023-05-28,2493,Shopping,DEBIT,Completed,e135eb11-9a66-4f10-a412-44b29340870b
TXN_3286,USR_185,2023-06-01,2933,Food,DEBIT,Completed,e135eb11-9a66-4f10-a412-44b29340870b
TXN_3287,USR_186,2023-05-18,2710,Shopping,DEBIT,Completed,c2588484-8178-4437-8ad2-cf9f8ce1da9f
TXN_3288,USR_186,2023-05-19,2258,Transport,DEBIT,Completed,c2588484-8178-4437-8ad2-cf9f8ce1da9f
TXN_3289,USR_186,2023-05-13,2694,Food,DEBIT,Completed,c2588484-8178-4437-8ad2-cf9f8ce1da9f
TXN_3290,USR_186,2023-05-25,1416,Savings,DEBIT,Completed,c2588484-8178-4437-8ad2-cf9f8ce1da9f
TXN_3291,USR_186,2023-05-11,2484,Other Income,CREDIT,Completed,c2588484-8178-4437-8ad2-cf9f8ce1da9f
TXN_3292,USR_186,2023-04-25,2353,Utility Bill,DEBIT,Completed,c2588484-8178-4437-8ad2-cf9f8ce1da9f
TXN_3293,USR_186,2023-05-19,6448,Rent,DEBIT,Completed,c2588484-8178-4437-8ad2-cf9f8ce1da9f
TXN_3294,USR_186,2023-04-26,1655,Transport,DEBIT,Completed,c2588484-8178-4437-8ad2-cf9f8ce1da9f
TXN_3295,USR_186,2023-06-17,3337,Other Income,CREDIT,Completed,c2588484-8178-4437-8ad2-cf9f8ce1da9f
TXN_3296,USR_186,2023-05-14,2324,Shopping,DEBIT,Completed,c2588484-8178-4437-8ad2-cf9f8ce1da9f
TXN_3297,USR_186,2023-04-20,528,Food,DEBIT,Completed,c2588484-8178-4437-8ad2-cf9f8ce1da9f
TXN_3298,USR_186,2023-04-29,230,Food,DEBIT,Completed,c2588484-8178-4437-8ad2-cf9f8ce1da9f
TXN_3299,USR_186,2023-04-15,4649,Savings,DEBIT,Completed,c2588484-8178-4437-8ad2-cf9f8ce1da9f
TXN_3300,USR_186,2023-05-31,44903,Salary,CREDIT,Completed,c2588484-8178-4437-8ad2-cf9f8ce1da9f
TXN_3301,USR_187,2023-05-26,174,Transport,DEBIT,Completed,2340e1e3-8bda-4893-a858-cab0317856ad
TXN_3302,USR_187,2023-05-20,2772,Other Income,CREDIT,Completed,2340e1e3-8bda-4893-a858-cab0317856ad
TXN_3303,USR_187,2023-06-06,663,Other Income,CREDIT,Completed,2340e1e3-8bda-4893-a858-cab0317856ad
TXN_3304,USR_187,2023-06-11,411,Shopping,DEBIT,Completed,2340e1e3-8bda-4893-a858-cab0317856ad
TXN_3305,USR_187,2023-04-14,2128,Savings,DEBIT,Completed,2340e1e3-8bda-4893-a858-cab0317856ad
TXN_3306,USR_187,2023-04-20,3137,Savings,DEBIT,Completed,2340e1e3-8bda-4893-a858-cab0317856ad
TXN_3307,USR_187,2023-06-10,2582,Savings,DEBIT,Completed,2340e1e3-8bda-4893-a858-cab0317856ad
TXN_3308,USR_187,2023-06-16,2141,Food,DEBIT,Completed,2340e1e3-8bda-4893-a858-cab0317856ad
TXN_3309,USR_187,2023-05-12,645,Food,DEBIT,Completed,2340e1e3-8bda-4893-a858-cab0317856ad
TXN_3310,USR_187,2023-06-20,1938,Savings,DEBIT,Completed,2340e1e3-8bda-4893-a858-cab0317856ad
TXN_3311,USR_187,2023-05-25,2172,Transport,DEBIT,Completed,2340e1e3-8bda-4893-a858-cab0317856ad
TXN_3312,USR_187,2023-04-05,283,Shopping,DEBIT,Completed,2340e1e3-8bda-4893-a858-cab0317856ad
TXN_3313,USR_188,2023-04-26,1145,Utility Bill,DEBIT,Late,040f25de-fb7a-4676-81f9-04d123b3d682
TXN_3314,USR_188,2023-04-20,4020,Savings,DEBIT,Completed,040f25de-fb7a-4676-81f9-04d123b3d682
TXN_3315,USR_188,2023-06-22,1961,Food,DEBIT,Completed,040f25de-fb7a-4676-81f9-04d123b3d682
TXN_3316,USR_188,2023-04-27,3720,Savings,DEBIT,Completed,040f25de-fb7a-4676-81f9-04d123b3d682
TXN_3317,USR_188,2023-06-08,2947,Transport,DEBIT,Completed,040f25de-fb7a-4676-81f9-04d123b3d682
TXN_3318,USR_188,2023-06-24,1511,Utility Bill,DEBIT,Completed,040f25de-fb7a-4676-81f9-04d123b3d682
TXN_3319,USR_188,2023-05-12,276,Shopping,DEBIT,Completed,040f25de-fb7a-4676-81f9-04d123b3d682
TXN_3320,USR_188,2023-05-19,2696,Transport,DEBIT,Completed,040f25de-fb7a-4676-81f9-04d123b3d682
TXN_3321,USR_188,2023-06-12,1297,Utility Bill,DEBIT,Late,040f25de-fb7a-4676-81f9-04d123b3d682
TXN_3322,USR_188,2023-05-04,698,Food,DEBIT,Completed,040f25de-fb7a-4676-81f9-04d123b3d682
TXN_3323,USR_188,2023-06-09,699,Shopping,DEBIT,Completed,040f25de-fb7a-4676-81f9-04d123b3d682
TXN_3324,USR_188,2023-06-13,4841,Savings,DEBIT,Completed,040f25de-fb7a-4676-81f9-04d123b3d682
TXN_3325,USR_188,2023-06-05,2988,Other Income,CREDIT,Completed,040f25de-fb7a-4676-81f9-04d123b3d682
TXN_3326,USR_188,2023-06-09,3966,Other Income,CREDIT,Completed,040f25de-fb7a-4676-81f9-04d123b3d682
TXN_3327,USR_188,2023-05-27,1861,Shopping,DEBIT,Completed,040f25de-fb7a-4676-81f9-04d123b3d682
TXN_3328,USR_189,2023-04-21,6754,Rent,DEBIT,Completed,2b31d77d-cdfd-4815-bf9b-d9eb029e58d5
TXN_3329,USR_189,2023-04-05,4097,Savings,DEBIT,Completed,2b31d77d-cdfd-4815-bf9b-d9eb029e58d5
TXN_3330,USR_189,2023-04-09,2700,Other Income,CREDIT,Completed,2b31d77d-cdfd-4815-bf9b-d9eb029e58d5
TXN_3331,USR_189,2023-06-05,2006,Transport,DEBIT,Completed,2b31d77d-cdfd-4815-bf9b-d9eb029e58d5
TXN_3332,USR_189,2023-04-14,3117,Savings,DEBIT,Completed,2b31d77d-cdfd-4815-bf9b-d9eb029e58d5
TXN_3333,USR_189,2023-06-02,7769,Salary,CREDIT,Completed,2b31d77d-cdfd-4815-bf9b-d9eb029e58d5
TXN_3334,USR_189,2023-04-18,3670,Other Income,CREDIT,Completed,2b31d77d-cdfd-4815-bf9b-d9eb029e58d5
TXN_3335,USR_189,2023-05-11,1028,Shopping,DEBIT,Completed,2b31d77d-cdfd-4815-bf9b-d9eb029e58d5
TXN_3336,USR_189,2023-04-18,2908,Other Income,CREDIT,Completed,2b31d77d-cdfd-4815-bf9b-d9eb029e58d5
TXN_3337,USR_189,2023-05-31,2558,Savings,DEBIT,Completed,2b31d77d-cdfd-4815-bf9b-d9eb029e58d5
TXN_3338,USR_189,2023-06-17,1651,Utility Bill,DEBIT,Completed,2b31d77d-cdfd-4815-bf9b-d9eb029e58d5
TXN_3339,USR_189,2023-06-19,1773,Shopping,DEBIT,Completed,2b31d77d-cdfd-4815-bf9b-d9eb029e58d5
TXN_3340,USR_189,2023-05-19,1795,Food,DEBIT,Completed,2b31d77d-cdfd-4815-bf9b-d9eb029e58d5
TXN_3341,USR_190,2023-04-15,2391,Other Income,CREDIT,Completed,c20afa16-6d9c-40fd-b755-06371e5b2e9d
TXN_3342,USR_190,2023-05-13,4212,Other Income,CREDIT,Completed,c20afa16-6d9c-40fd-b755-06371e5b2e9d
TXN_3343,USR_190,2023-06-03,501,Transport,DEBIT,Completed,c20afa16-6d9c-40fd-b755-06371e5b2e9d
TXN_3344,USR_190,2023-04-17,564,Transport,DEBIT,Completed,c20afa16-6d9c-40fd-b755-06371e5b2e9d
TXN_3345,USR_190,2023-05-13,7500,Rent,DEBIT,Completed,c20afa16-6d9c-40fd-b755-06371e5b2e9d
TXN_3346,USR_190,2023-04-30,1472,Utility Bill,DEBIT,Completed,c20afa16-6d9c-40fd-b755-06371e5b2e9d
TXN_3347,USR_190,2023-04-15,1333,Transport,DEBIT,Completed,c20afa16-6d9c-40fd-b755-06371e5b2e9d
TXN_3348,USR_190,2023-05-26,3686,Savings,DEBIT,Completed,c20afa16-6d9c-40fd-b755-06371e5b2e9d
TXN_3349,USR_190,2023-04-18,1366,Utility Bill,DEBIT,Completed,c20afa16-6d9c-40fd-b755-06371e5b2e9d
TXN_3350,USR_190,2023-06-01,11963,Salary,CREDIT,Completed,c20afa16-6d9c-40fd-b755-06371e5b2e9d
TXN_3351,USR_190,2023-04-01,1844,Shopping,DEBIT,Completed,c20afa16-6d9c-40fd-b755-06371e5b2e9d
TXN_3352,USR_191,2023-05-21,2967,Shopping,DEBIT,Completed,21999faf-e447-4c30-8c35-54a3d5ce806e
TXN_3353,USR_191,2023-05-14,912,Transport,DEBIT,Completed,21999faf-e447-4c30-8c35-54a3d5ce806e
TXN_3354,USR_191,2023-06-01,9938,Rent,DEBIT,Completed,21999faf-e447-4c30-8c35-54a3d5ce806e
TXN_3355,USR_191,2023-05-03,802,Food,DEBIT,Completed,21999faf-e447-4c30-8c35-54a3d5ce806e
TXN_3356,USR_191,2023-05-11,1593,Other Income,CREDIT,Completed,21999faf-e447-4c30-8c35-54a3d5ce806e
TXN_3357,USR_191,2023-06-09,1094,Shopping,DEBIT,Completed,21999faf-e447-4c30-8c35-54a3d5ce806e
TXN_3358,USR_191,2023-04-17,4912,Savings,DEBIT,Completed,21999faf-e447-4c30-8c35-54a3d5ce806e
TXN_3359,USR_191,2023-04-13,4406,Savings,DEBIT,Completed,21999faf-e447-4c30-8c35-54a3d5ce806e
TXN_3360,USR_191,2023-05-03,4686,Other Income,CREDIT,Completed,21999faf-e447-4c30-8c35-54a3d5ce806e
TXN_3361,USR_191,2023-04-26,2148,Transport,DEBIT,Completed,21999faf-e447-4c30-8c35-54a3d5ce806e
TXN_3362,USR_191,2023-06-30,1516,Other Income,CREDIT,Completed,21999faf-e447-4c30-8c35-54a3d5ce806e
TXN_3363,USR_191,2023-05-29,3000,Other Income,CREDIT,Completed,21999faf-e447-4c30-8c35-54a3d5ce806e
TXN_3364,USR_191,2023-06-18,1933,Other Income,CREDIT,Completed,21999faf-e447-4c30-8c35-54a3d5ce806e
TXN_3365,USR_192,2023-06-26,1324,Utility Bill,DEBIT,Completed,ac312242-2217-408d-a735-0e06947b80d5
TXN_3366,USR_192,2023-06-16,1032,Utility Bill,DEBIT,Completed,ac312242-2217-408d-a735-0e06947b80d5
TXN_3367,USR_192,2023-06-25,1417,Other Income,CREDIT,Completed,ac312242-2217-408d-a735-0e06947b80d5
TXN_3368,USR_192,2023-05-14,590,Utility Bill,DEBIT,Completed,ac312242-2217-408d-a735-0e06947b80d5
TXN_3369,USR_192,2023-06-26,797,Transport,DEBIT,Completed,ac312242-2217-408d-a735-0e06947b80d5
TXN_3370,USR_192,2023-06-22,2530,Other Income,CREDIT,Completed,ac312242-2217-408d-a735-0e06947b80d5
TXN_3371,USR_192,2023-06-15,2320,Shopping,DEBIT,Completed,ac312242-2217-408d-a735-0e06947b80d5
TXN_3372,USR_192,2023-06-18,2695,Shopping,DEBIT,Completed,ac312242-2217-408d-a735-0e06947b80d5
TXN_3373,USR_192,2023-05-02,304,Shopping,DEBIT,Completed,ac312242-2217-408d-a735-0e06947b80d5
TXN_3374,USR_192,2023-04-25,2744,Transport,DEBIT,Completed,ac312242-2217-408d-a735-0e06947b80d5
TXN_3375,USR_192,2023-05-02,1686,Other Income,CREDIT,Completed,ac312242-2217-408d-a735-0e06947b80d5
TXN_3376,USR_193,2023-04-13,2950,Food,DEBIT,Completed,5e5737dc-07b9-43af-ab18-d2150cec1bd4
TXN_3377,USR_193,2023-05-24,1452,Food,DEBIT,Completed,5e5737dc-07b9-43af-ab18-d2150cec1bd4
TXN_3378,USR_193,2023-05-04,1332,Transport,DEBIT,Completed,5e5737dc-07b9-43af-ab18-d2150cec1bd4
TXN_3379,USR_193,2023-04-27,572,Salary,CREDIT,Completed,5e5737dc-07b9-43af-ab18-d2150cec1bd4
TXN_3380,USR_193,2023-04-14,10248,Rent,DEBIT,Completed,5e5737dc-07b9-43af-ab18-d2150cec1bd4
TXN_3381,USR_193,2023-06-18,693,Shopping,DEBIT,Completed,5e5737dc-07b9-43af-ab18-d2150cec1bd4
TXN_3382,USR_193,2023-05-29,144,Transport,DEBIT,Completed,5e5737dc-07b9-43af-ab18-d2150cec1bd4
TXN_3383,USR_193,2023-06-05,2064,Salary,CREDIT,Completed,5e5737dc-07b9-43af-ab18-d2150cec1bd4
TXN_3384,USR_193,2023-06-11,2977,Transport,DEBIT,Completed,5e5737dc-07b9-43af-ab18-d2150cec1bd4
TXN_3385,USR_193,2023-04-29,4731,Salary,CREDIT,Completed,5e5737dc-07b9-43af-ab18-d2150cec1bd4
TXN_3386,USR_193,2023-05-10,2932,Food,DEBIT,Completed,5e5737dc-07b9-43af-ab18-d2150cec1bd4
TXN_3387,USR_193,2023-05-04,4544,Savings,DEBIT,Completed,5e5737dc-07b9-43af-ab18-d2150cec1bd4
TXN_3388,USR_193,2023-06-13,1501,Utility Bill,DEBIT,Late,5e5737dc-07b9-43af-ab18-d2150cec1bd4
TXN_3389,USR_193,2023-06-29,1886,Utility Bill,DEBIT,Late,5e5737dc-07b9-43af-ab18-d2150cec1bd4
TXN_3390,USR_193,2023-05-21,5050,Rent,DEBIT,Completed,5e5737dc-07b9-43af-ab18-d2150cec1bd4
TXN_3391,USR_194,2023-05-20,2188,Other Income,CREDIT,Completed,cee321b8-754e-430a-af0f-e7631bad600c
TXN_3392,USR_194,2023-04-17,1104,Utility Bill,DEBIT,Late,cee321b8-754e-430a-af0f-e7631bad600c
TXN_3393,USR_194,2023-04-18,1526,Utility Bill,DEBIT,Completed,cee321b8-754e-430a-af0f-e7631bad600c
TXN_3394,USR_194,2023-05-15,8658,Rent,DEBIT,Completed,cee321b8-754e-430a-af0f-e7631bad600c
TXN_3395,USR_194,2023-05-17,8516,Rent,DEBIT,Completed,cee321b8-754e-430a-af0f-e7631bad600c
TXN_3396,USR_194,2023-04-22,2027,Utility Bill,DEBIT,Late,cee321b8-754e-430a-af0f-e7631bad600c
TXN_3397,USR_194,2023-04-24,7202,Rent,DEBIT,Late,cee321b8-754e-430a-af0f-e7631bad600c
TXN_3398,USR_194,2023-04-06,3748,Other Income,CREDIT,Completed,cee321b8-754e-430a-af0f-e7631bad600c
TXN_3399,USR_194,2023-04-22,10161,Rent,DEBIT,Completed,cee321b8-754e-430a-af0f-e7631bad600c
TXN_3400,USR_194,2023-04-11,2237,Savings,DEBIT,Completed,cee321b8-754e-430a-af0f-e7631bad600c
TXN_3401,USR_194,2023-04-05,11956,Rent,DEBIT,Late,cee321b8-754e-430a-af0f-e7631bad600c
TXN_3402,USR_194,2023-06-27,2677,Other Income,CREDIT,Completed,cee321b8-754e-430a-af0f-e7631bad600c
TXN_3403,USR_194,2023-04-29,4262,Other Income,CREDIT,Completed,cee321b8-754e-430a-af0f-e7631bad600c
TXN_3404,USR_194,2023-05-13,2306,Food,DEBIT,Completed,cee321b8-754e-430a-af0f-e7631bad600c
TXN_3405,USR_194,2023-05-12,2874,Shopping,DEBIT,Completed,cee321b8-754e-430a-af0f-e7631bad600c
TXN_3406,USR_195,2023-06-24,1632,Utility Bill,DEBIT,Late,f94f78fb-0b08-499f-af99-3380d1ec7db0
TXN_3407,USR_195,2023-04-05,11541,Rent,DEBIT,Completed,f94f78fb-0b08-499f-af99-3380d1ec7db0
TXN_3408,USR_195,2023-06-28,317,Transport,DEBIT,Completed,f94f78fb-0b08-499f-af99-3380d1ec7db0
TXN_3409,USR_195,2023-04-30,1444,Transport,DEBIT,Completed,f94f78fb-0b08-499f-af99-3380d1ec7db0
TXN_3410,USR_195,2023-05-21,2746,Food,DEBIT,Completed,f94f78fb-0b08-499f-af99-3380d1ec7db0
TXN_3411,USR_195,2023-06-29,1363,Other Income,CREDIT,Completed,f94f78fb-0b08-499f-af99-3380d1ec7db0
TXN_3412,USR_195,2023-06-27,2313,Utility Bill,DEBIT,Completed,f94f78fb-0b08-499f-af99-3380d1ec7db0
TXN_3413,USR_195,2023-06-23,1387,Food,DEBIT,Completed,f94f78fb-0b08-499f-af99-3380d1ec7db0
TXN_3414,USR_195,2023-04-30,2500,Food,DEBIT,Completed,f94f78fb-0b08-499f-af99-3380d1ec7db0
TXN_3415,USR_195,2023-04-20,2432,Transport,DEBIT,Completed,f94f78fb-0b08-499f-af99-3380d1ec7db0
TXN_3416,USR_195,2023-05-26,4813,Other Income,CREDIT,Completed,f94f78fb-0b08-499f-af99-3380d1ec7db0
TXN_3417,USR_195,2023-06-25,612,Other Income,CREDIT,Completed,f94f78fb-0b08-499f-af99-3380d1ec7db0
TXN_3418,USR_195,2023-04-25,2250,Savings,DEBIT,Completed,f94f78fb-0b08-499f-af99-3380d1ec7db0
TXN_3419,USR_196,2023-06-17,1474,Shopping,DEBIT,Completed,a9b9ee05-e70a-4dea-b3d1-31e9f03d6dd2
TXN_3420,USR_196,2023-04-27,1931,Savings,DEBIT,Completed,a9b9ee05-e70a-4dea-b3d1-31e9f03d6dd2
TXN_3421,USR_196,2023-05-29,10358,Rent,DEBIT,Completed,a9b9ee05-e70a-4dea-b3d1-31e9f03d6dd2
TXN_3422,USR_196,2023-04-17,811,Food,DEBIT,Completed,a9b9ee05-e70a-4dea-b3d1-31e9f03d6dd2
TXN_3423,USR_196,2023-06-08,1824,Savings,DEBIT,Completed,a9b9ee05-e70a-4dea-b3d1-31e9f03d6dd2
TXN_3424,USR_196,2023-05-18,668,Food,DEBIT,Completed,a9b9ee05-e70a-4dea-b3d1-31e9f03d6dd2
TXN_3425,USR_196,2023-06-27,1926,Other Income,CREDIT,Completed,a9b9ee05-e70a-4dea-b3d1-31e9f03d6dd2
TXN_3426,USR_196,2023-04-02,719,Transport,DEBIT,Completed,a9b9ee05-e70a-4dea-b3d1-31e9f03d6dd2
TXN_3427,USR_196,2023-04-22,1096,Other Income,CREDIT,Completed,a9b9ee05-e70a-4dea-b3d1-31e9f03d6dd2
TXN_3428,USR_196,2023-06-16,1301,Food,DEBIT,Completed,a9b9ee05-e70a-4dea-b3d1-31e9f03d6dd2
TXN_3429,USR_196,2023-05-25,3130,Other Income,CREDIT,Completed,a9b9ee05-e70a-4dea-b3d1-31e9f03d6dd2
TXN_3430,USR_197,2023-06-21,2417,Shopping,DEBIT,Completed,ebb5c9db-62fe-400c-9793-1a835b188059
TXN_3431,USR_197,2023-06-10,7824,Rent,DEBIT,Completed,ebb5c9db-62fe-400c-9793-1a835b188059
TXN_3432,USR_197,2023-06-11,3417,Other Income,CREDIT,Completed,ebb5c9db-62fe-400c-9793-1a835b188059
TXN_3433,USR_197,2023-04-08,4419,Savings,DEBIT,Completed,ebb5c9db-62fe-400c-9793-1a835b188059
TXN_3434,USR_197,2023-04-15,35424,Salary,CREDIT,Completed,ebb5c9db-62fe-400c-9793-1a835b188059
TXN_3435,USR_197,2023-06-10,2759,Shopping,DEBIT,Completed,ebb5c9db-62fe-400c-9793-1a835b188059
TXN_3436,USR_197,2023-05-02,2264,Utility Bill,DEBIT,Completed,ebb5c9db-62fe-400c-9793-1a835b188059
TXN_3437,USR_197,2023-05-20,1242,Shopping,DEBIT,Completed,ebb5c9db-62fe-400c-9793-1a835b188059
TXN_3438,USR_197,2023-06-15,1898,Utility Bill,DEBIT,Completed,ebb5c9db-62fe-400c-9793-1a835b188059
TXN_3439,USR_197,2023-06-20,1087,Food,DEBIT,Completed,ebb5c9db-62fe-400c-9793-1a835b188059
TXN_3440,USR_197,2023-04-25,1733,Shopping,DEBIT,Completed,ebb5c9db-62fe-400c-9793-1a835b188059
TXN_3441,USR_197,2023-05-10,1131,Savings,DEBIT,Completed,ebb5c9db-62fe-400c-9793-1a835b188059
TXN_3442,USR_197,2023-06-11,2406,Savings,DEBIT,Completed,ebb5c9db-62fe-400c-9793-1a835b188059
TXN_3443,USR_197,2023-06-23,2281,Savings,DEBIT,Completed,ebb5c9db-62fe-400c-9793-1a835b188059
TXN_3444,USR_197,2023-05-18,1634,Utility Bill,DEBIT,Completed,ebb5c9db-62fe-400c-9793-1a835b188059
TXN_3445,USR_198,2023-06-26,551,Utility Bill,DEBIT,Completed,b42d9a41-31e3-4d62-88d0-36a20f59544c
TXN_3446,USR_198,2023-06-17,1210,Transport,DEBIT,Completed,b42d9a41-31e3-4d62-88d0-36a20f59544c
TXN_3447,USR_198,2023-06-29,10126,Rent,DEBIT,Completed,b42d9a41-31e3-4d62-88d0-36a20f59544c
TXN_3448,USR_198,2023-06-27,2914,Shopping,DEBIT,Completed,b42d9a41-31e3-4d62-88d0-36a20f59544c
TXN_3449,USR_198,2023-06-12,2155,Shopping,DEBIT,Completed,b42d9a41-31e3-4d62-88d0-36a20f59544c
TXN_3450,USR_198,2023-05-22,1648,Transport,DEBIT,Completed,b42d9a41-31e3-4d62-88d0-36a20f59544c
TXN_3451,USR_198,2023-06-14,1670,Food,DEBIT,Completed,b42d9a41-31e3-4d62-88d0-36a20f59544c
TXN_3452,USR_198,2023-04-02,3390,Savings,DEBIT,Completed,b42d9a41-31e3-4d62-88d0-36a20f59544c
TXN_3453,USR_198,2023-06-10,1054,Shopping,DEBIT,Completed,b42d9a41-31e3-4d62-88d0-36a20f59544c
TXN_3454,USR_198,2023-05-26,1115,Utility Bill,DEBIT,Completed,b42d9a41-31e3-4d62-88d0-36a20f59544c
TXN_3455,USR_198,2023-04-15,1151,Food,DEBIT,Completed,b42d9a41-31e3-4d62-88d0-36a20f59544c
TXN_3456,USR_199,2023-05-26,563,Transport,DEBIT,Completed,a10cd432-62db-4851-82a0-aea68105d7f3
TXN_3457,USR_199,2023-05-10,2357,Savings,DEBIT,Completed,a10cd432-62db-4851-82a0-aea68105d7f3
TXN_3458,USR_199,2023-06-29,2006,Transport,DEBIT,Completed,a10cd432-62db-4851-82a0-aea68105d7f3
TXN_3459,USR_199,2023-04-23,4455,Savings,DEBIT,Completed,a10cd432-62db-4851-82a0-aea68105d7f3
TXN_3460,USR_199,2023-05-03,4677,Savings,DEBIT,Completed,a10cd432-62db-4851-82a0-aea68105d7f3
TXN_3461,USR_199,2023-04-01,2068,Food,DEBIT,Completed,a10cd432-62db-4851-82a0-aea68105d7f3
TXN_3462,USR_199,2023-06-05,5831,Rent,DEBIT,Completed,a10cd432-62db-4851-82a0-aea68105d7f3
TXN_3463,USR_199,2023-05-16,3777,Other Income,CREDIT,Completed,a10cd432-62db-4851-82a0-aea68105d7f3
TXN_3464,USR_199,2023-06-01,1397,Food,DEBIT,Completed,a10cd432-62db-4851-82a0-aea68105d7f3
TXN_3465,USR_199,2023-05-21,40266,Salary,CREDIT,Completed,a10cd432-62db-4851-82a0-aea68105d7f3
TXN_3466,USR_200,2023-06-05,727,Salary,CREDIT,Completed,059feb1f-3cf1-4871-839e-495e4e7ef21b
TXN_3467,USR_200,2023-05-18,5030,Rent,DEBIT,Completed,059feb1f-3cf1-4871-839e-495e4e7ef21b
TXN_3468,USR_200,2023-05-25,3556,Salary,CREDIT,Completed,059feb1f-3cf1-4871-839e-495e4e7ef21b
TXN_3469,USR_200,2023-06-01,201,Transport,DEBIT,Completed,059feb1f-3cf1-4871-839e-495e4e7ef21b
TXN_3470,USR_200,2023-06-30,2222,Transport,DEBIT,Completed,059feb1f-3cf1-4871-839e-495e4e7ef21b
TXN_3471,USR_200,2023-06-13,994,Utility Bill,DEBIT,Completed,059feb1f-3cf1-4871-839e-495e4e7ef21b
TXN_3472,USR_200,2023-06-04,3458,Salary,CREDIT,Completed,059feb1f-3cf1-4871-839e-495e4e7ef21b
TXN_3473,USR_200,2023-06-06,2329,Utility Bill,DEBIT,Completed,059feb1f-3cf1-4871-839e-495e4e7ef21b
TXN_3474,USR_200,2023-06-26,6400,Rent,DEBIT,Completed,059feb1f-3cf1-4871-839e-495e4e7ef21b
TXN_3475,USR_200,2023-06-28,2379,Utility Bill,DEBIT,Completed,059feb1f-3cf1-4871-839e-495e4e7ef21b
TXN_3476,USR_200,2023-04-06,9666,Rent,DEBIT,Completed,059feb1f-3cf1-4871-839e-495e4e7ef21b
TXN_3477,USR_200,2023-05-08,561,Transport,DEBIT,Completed,059feb1f-3cf1-4871-839e-495e4e7ef21b
TXN_3478,USR_200,2023-05-21,10817,Rent,DEBIT,Completed,059feb1f-3cf1-4871-839e-495e4e7ef21b
TXN_3479,USR_201,2023-06-11,3365,Savings,DEBIT,Completed,1feb1587-e820-4158-a9ae-d90400b41851
TXN_3480,USR_201,2023-04-26,10787,Rent,DEBIT,Completed,1feb1587-e820-4158-a9ae-d90400b41851
TXN_3481,USR_201,2023-06-03,169,Food,DEBIT,Completed,1feb1587-e820-4158-a9ae-d90400b41851
TXN_3482,USR_201,2023-05-19,1750,Food,DEBIT,Completed,1feb1587-e820-4158-a9ae-d90400b41851
TXN_3483,USR_201,2023-04-08,2734,Other Income,CREDIT,Completed,1feb1587-e820-4158-a9ae-d90400b41851
TXN_3484,USR_201,2023-04-28,834,Utility Bill,DEBIT,Completed,1feb1587-e820-4158-a9ae-d90400b41851
TXN_3485,USR_201,2023-06-05,961,Transport,DEBIT,Completed,1feb1587-e820-4158-a9ae-d90400b41851
TXN_3486,USR_201,2023-04-17,1575,Other Income,CREDIT,Completed,1feb1587-e820-4158-a9ae-d90400b41851
TXN_3487,USR_201,2023-04-27,925,Utility Bill,DEBIT,Completed,1feb1587-e820-4158-a9ae-d90400b41851
TXN_3488,USR_201,2023-05-07,250,Shopping,DEBIT,Completed,1feb1587-e820-4158-a9ae-d90400b41851
TXN_3489,USR_201,2023-05-14,4353,Savings,DEBIT,Completed,1feb1587-e820-4158-a9ae-d90400b41851
TXN_3490,USR_201,2023-04-19,2109,Transport,DEBIT,Completed,1feb1587-e820-4158-a9ae-d90400b41851
TXN_3491,USR_201,2023-04-07,4974,Other Income,CREDIT,Completed,1feb1587-e820-4158-a9ae-d90400b41851
TXN_3492,USR_202,2023-06-04,6764,Rent,DEBIT,Completed,70ec8ca2-14d9-49d1-b581-7760ca7c3d60
TXN_3493,USR_202,2023-06-05,2874,Savings,DEBIT,Completed,70ec8ca2-14d9-49d1-b581-7760ca7c3d60
TXN_3494,USR_202,2023-04-10,1483,Shopping,DEBIT,Completed,70ec8ca2-14d9-49d1-b581-7760ca7c3d60
TXN_3495,USR_202,2023-06-07,1243,Utility Bill,DEBIT,Late,70ec8ca2-14d9-49d1-b581-7760ca7c3d60
TXN_3496,USR_202,2023-06-17,4174,Savings,DEBIT,Completed,70ec8ca2-14d9-49d1-b581-7760ca7c3d60
TXN_3497,USR_202,2023-05-05,2147,Utility Bill,DEBIT,Completed,70ec8ca2-14d9-49d1-b581-7760ca7c3d60
TXN_3498,USR_202,2023-05-10,3534,Savings,DEBIT,Completed,70ec8ca2-14d9-49d1-b581-7760ca7c3d60
TXN_3499,USR_202,2023-06-09,1200,Transport,DEBIT,Completed,70ec8ca2-14d9-49d1-b581-7760ca7c3d60
TXN_3500,USR_202,2023-06-10,1614,Shopping,DEBIT,Completed,70ec8ca2-14d9-49d1-b581-7760ca7c3d60
TXN_3501,USR_202,2023-05-15,9543,Rent,DEBIT,Completed,70ec8ca2-14d9-49d1-b581-7760ca7c3d60
TXN_3502,USR_202,2023-05-04,10910,Rent,DEBIT,Completed,70ec8ca2-14d9-49d1-b581-7760ca7c3d60
TXN_3503,USR_202,2023-04-21,8335,Rent,DEBIT,Late,70ec8ca2-14d9-49d1-b581-7760ca7c3d60
TXN_3504,USR_202,2023-04-06,5960,Rent,DEBIT,Late,70ec8ca2-14d9-49d1-b581-7760ca7c3d60
TXN_3505,USR_202,2023-05-16,1319,Transport,DEBIT,Completed,70ec8ca2-14d9-49d1-b581-7760ca7c3d60
TXN_3506,USR_203,2023-04-26,1864,Shopping,DEBIT,Completed,c297be7d-f8d4-4585-b60c-619dde57b762
TXN_3507,USR_203,2023-04-27,707,Other Income,CREDIT,Completed,c297be7d-f8d4-4585-b60c-619dde57b762
TXN_3508,USR_203,2023-06-29,2527,Shopping,DEBIT,Completed,c297be7d-f8d4-4585-b60c-619dde57b762
TXN_3509,USR_203,2023-06-15,1547,Other Income,CREDIT,Completed,c297be7d-f8d4-4585-b60c-619dde57b762
TXN_3510,USR_203,2023-05-24,2388,Transport,DEBIT,Completed,c297be7d-f8d4-4585-b60c-619dde57b762
TXN_3511,USR_203,2023-06-15,1429,Utility Bill,DEBIT,Late,c297be7d-f8d4-4585-b60c-619dde57b762
TXN_3512,USR_203,2023-05-29,495,Food,DEBIT,Completed,c297be7d-f8d4-4585-b60c-619dde57b762
TXN_3513,USR_203,2023-04-21,1506,Shopping,DEBIT,Completed,c297be7d-f8d4-4585-b60c-619dde57b762
TXN_3514,USR_203,2023-05-15,2956,Transport,DEBIT,Completed,c297be7d-f8d4-4585-b60c-619dde57b762
TXN_3515,USR_203,2023-05-18,4642,Other Income,CREDIT,Completed,c297be7d-f8d4-4585-b60c-619dde57b762
TXN_3516,USR_204,2023-04-09,4915,Savings,DEBIT,Completed,f29fbc39-9999-4be9-ab17-86b90adfee9f
TXN_3517,USR_204,2023-06-28,2599,Food,DEBIT,Completed,f29fbc39-9999-4be9-ab17-86b90adfee9f
TXN_3518,USR_204,2023-05-28,796,Transport,DEBIT,Completed,f29fbc39-9999-4be9-ab17-86b90adfee9f
TXN_3519,USR_204,2023-06-06,1494,Other Income,CREDIT,Completed,f29fbc39-9999-4be9-ab17-86b90adfee9f
TXN_3520,USR_204,2023-05-03,394,Food,DEBIT,Completed,f29fbc39-9999-4be9-ab17-86b90adfee9f
TXN_3521,USR_204,2023-04-26,6492,Rent,DEBIT,Completed,f29fbc39-9999-4be9-ab17-86b90adfee9f
TXN_3522,USR_204,2023-05-11,1384,Savings,DEBIT,Completed,f29fbc39-9999-4be9-ab17-86b90adfee9f
TXN_3523,USR_204,2023-04-02,1211,Shopping,DEBIT,Completed,f29fbc39-9999-4be9-ab17-86b90adfee9f
TXN_3524,USR_204,2023-05-09,2288,Shopping,DEBIT,Completed,f29fbc39-9999-4be9-ab17-86b90adfee9f
TXN_3525,USR_204,2023-05-26,2405,Food,DEBIT,Completed,f29fbc39-9999-4be9-ab17-86b90adfee9f
TXN_3526,USR_204,2023-04-12,1520,Food,DEBIT,Completed,f29fbc39-9999-4be9-ab17-86b90adfee9f
TXN_3527,USR_205,2023-05-31,3926,Other Income,CREDIT,Completed,a6e311fa-d130-42da-8afe-f043561eb10b
TXN_3528,USR_205,2023-05-23,8296,Rent,DEBIT,Completed,a6e311fa-d130-42da-8afe-f043561eb10b
TXN_3529,USR_205,2023-04-29,1782,Savings,DEBIT,Completed,a6e311fa-d130-42da-8afe-f043561eb10b
TXN_3530,USR_205,2023-06-18,237,Food,DEBIT,Completed,a6e311fa-d130-42da-8afe-f043561eb10b
TXN_3531,USR_205,2023-04-06,1557,Transport,DEBIT,Completed,a6e311fa-d130-42da-8afe-f043561eb10b
TXN_3532,USR_205,2023-06-30,1002,Other Income,CREDIT,Completed,a6e311fa-d130-42da-8afe-f043561eb10b
TXN_3533,USR_205,2023-06-11,144,Food,DEBIT,Completed,a6e311fa-d130-42da-8afe-f043561eb10b
TXN_3534,USR_205,2023-05-17,6322,Rent,DEBIT,Completed,a6e311fa-d130-42da-8afe-f043561eb10b
TXN_3535,USR_205,2023-04-05,5316,Rent,DEBIT,Completed,a6e311fa-d130-42da-8afe-f043561eb10b
TXN_3536,USR_205,2023-05-12,2799,Transport,DEBIT,Completed,a6e311fa-d130-42da-8afe-f043561eb10b
TXN_3537,USR_205,2023-05-01,1700,Transport,DEBIT,Completed,a6e311fa-d130-42da-8afe-f043561eb10b
TXN_3538,USR_205,2023-05-07,1720,Food,DEBIT,Completed,a6e311fa-d130-42da-8afe-f043561eb10b
TXN_3539,USR_205,2023-06-21,9936,Rent,DEBIT,Completed,a6e311fa-d130-42da-8afe-f043561eb10b
TXN_3540,USR_205,2023-05-02,1403,Food,DEBIT,Completed,a6e311fa-d130-42da-8afe-f043561eb10b
TXN_3541,USR_206,2023-04-29,2550,Food,DEBIT,Completed,2c630ce4-129a-4c9c-a770-58aced001e49
TXN_3542,USR_206,2023-05-04,1042,Savings,DEBIT,Completed,2c630ce4-129a-4c9c-a770-58aced001e49
TXN_3543,USR_206,2023-04-01,1748,Food,DEBIT,Completed,2c630ce4-129a-4c9c-a770-58aced001e49
TXN_3544,USR_206,2023-05-13,1320,Transport,DEBIT,Completed,2c630ce4-129a-4c9c-a770-58aced001e49
TXN_3545,USR_206,2023-06-25,7212,Rent,DEBIT,Completed,2c630ce4-129a-4c9c-a770-58aced001e49
TXN_3546,USR_206,2023-06-13,2794,Savings,DEBIT,Completed,2c630ce4-129a-4c9c-a770-58aced001e49
TXN_3547,USR_206,2023-05-25,2971,Savings,DEBIT,Completed,2c630ce4-129a-4c9c-a770-58aced001e49
TXN_3548,USR_206,2023-05-30,4165,Other Income,CREDIT,Completed,2c630ce4-129a-4c9c-a770-58aced001e49
TXN_3549,USR_206,2023-06-29,1610,Food,DEBIT,Completed,2c630ce4-129a-4c9c-a770-58aced001e49
TXN_3550,USR_206,2023-04-30,1276,Other Income,CREDIT,Completed,2c630ce4-129a-4c9c-a770-58aced001e49
TXN_3551,USR_207,2023-04-02,1245,Shopping,DEBIT,Completed,cf5b3335-a26a-4e81-80ad-15796e07c5c0
TXN_3552,USR_207,2023-04-04,1047,Shopping,DEBIT,Completed,cf5b3335-a26a-4e81-80ad-15796e07c5c0
TXN_3553,USR_207,2023-06-02,898,Transport,DEBIT,Completed,cf5b3335-a26a-4e81-80ad-15796e07c5c0
TXN_3554,USR_207,2023-05-27,1798,Other Income,CREDIT,Completed,cf5b3335-a26a-4e81-80ad-15796e07c5c0
TXN_3555,USR_207,2023-04-11,1576,Utility Bill,DEBIT,Completed,cf5b3335-a26a-4e81-80ad-15796e07c5c0
TXN_3556,USR_207,2023-05-05,2473,Transport,DEBIT,Completed,cf5b3335-a26a-4e81-80ad-15796e07c5c0
TXN_3557,USR_207,2023-06-12,5234,Rent,DEBIT,Completed,cf5b3335-a26a-4e81-80ad-15796e07c5c0
TXN_3558,USR_207,2023-05-14,1266,Shopping,DEBIT,Completed,cf5b3335-a26a-4e81-80ad-15796e07c5c0
TXN_3559,USR_207,2023-05-04,2250,Other Income,CREDIT,Completed,cf5b3335-a26a-4e81-80ad-15796e07c5c0
TXN_3560,USR_207,2023-06-10,10260,Rent,DEBIT,Completed,cf5b3335-a26a-4e81-80ad-15796e07c5c0
TXN_3561,USR_207,2023-06-05,10989,Rent,DEBIT,Completed,cf5b3335-a26a-4e81-80ad-15796e07c5c0
TXN_3562,USR_207,2023-05-16,3933,Other Income,CREDIT,Completed,cf5b3335-a26a-4e81-80ad-15796e07c5c0
TXN_3563,USR_207,2023-06-03,1870,Transport,DEBIT,Completed,cf5b3335-a26a-4e81-80ad-15796e07c5c0
TXN_3564,USR_207,2023-04-17,2218,Savings,DEBIT,Completed,cf5b3335-a26a-4e81-80ad-15796e07c5c0
TXN_3565,USR_207,2023-06-07,3431,Savings,DEBIT,Completed,cf5b3335-a26a-4e81-80ad-15796e07c5c0
TXN_3566,USR_208,2023-06-21,3092,Savings,DEBIT,Completed,31fea701-5e2e-4ead-8013-322bc05a1e1d
TXN_3567,USR_208,2023-05-25,1824,Shopping,DEBIT,Completed,31fea701-5e2e-4ead-8013-322bc05a1e1d
TXN_3568,USR_208,2023-04-10,8451,Rent,DEBIT,Completed,31fea701-5e2e-4ead-8013-322bc05a1e1d
TXN_3569,USR_208,2023-04-04,619,Food,DEBIT,Completed,31fea701-5e2e-4ead-8013-322bc05a1e1d
TXN_3570,USR_208,2023-05-13,431,Shopping,DEBIT,Completed,31fea701-5e2e-4ead-8013-322bc05a1e1d
TXN_3571,USR_208,2023-06-15,2529,Shopping,DEBIT,Completed,31fea701-5e2e-4ead-8013-322bc05a1e1d
TXN_3572,USR_208,2023-06-14,2494,Utility Bill,DEBIT,Completed,31fea701-5e2e-4ead-8013-322bc05a1e1d
TXN_3573,USR_208,2023-04-07,1687,Shopping,DEBIT,Completed,31fea701-5e2e-4ead-8013-322bc05a1e1d
TXN_3574,USR_208,2023-05-20,2951,Savings,DEBIT,Completed,31fea701-5e2e-4ead-8013-322bc05a1e1d
TXN_3575,USR_208,2023-05-03,714,Shopping,DEBIT,Completed,31fea701-5e2e-4ead-8013-322bc05a1e1d
TXN_3576,USR_209,2023-04-15,3752,Savings,DEBIT,Completed,d78bf91b-5e62-475e-95fb-fb4a04697067
TXN_3577,USR_209,2023-05-22,10426,Rent,DEBIT,Completed,d78bf91b-5e62-475e-95fb-fb4a04697067
TXN_3578,USR_209,2023-06-10,2212,Transport,DEBIT,Completed,d78bf91b-5e62-475e-95fb-fb4a04697067
TXN_3579,USR_209,2023-06-28,10786,Rent,DEBIT,Completed,d78bf91b-5e62-475e-95fb-fb4a04697067
TXN_3580,USR_209,2023-05-30,1786,Food,DEBIT,Completed,d78bf91b-5e62-475e-95fb-fb4a04697067
TXN_3581,USR_209,2023-06-15,8645,Rent,DEBIT,Completed,d78bf91b-5e62-475e-95fb-fb4a04697067
TXN_3582,USR_209,2023-04-01,11471,Rent,DEBIT,Completed,d78bf91b-5e62-475e-95fb-fb4a04697067
TXN_3583,USR_209,2023-05-10,1344,Transport,DEBIT,Completed,d78bf91b-5e62-475e-95fb-fb4a04697067
TXN_3584,USR_209,2023-06-22,1016,Other Income,CREDIT,Completed,d78bf91b-5e62-475e-95fb-fb4a04697067
TXN_3585,USR_209,2023-04-13,1379,Transport,DEBIT,Completed,d78bf91b-5e62-475e-95fb-fb4a04697067
TXN_3586,USR_210,2023-05-01,4773,Savings,DEBIT,Completed,16409bfb-ed26-4f92-a6af-ffe6f3472e11
TXN_3587,USR_210,2023-04-13,1015,Other Income,CREDIT,Completed,16409bfb-ed26-4f92-a6af-ffe6f3472e11
TXN_3588,USR_210,2023-05-26,4263,Other Income,CREDIT,Completed,16409bfb-ed26-4f92-a6af-ffe6f3472e11
TXN_3589,USR_210,2023-04-15,883,Utility Bill,DEBIT,Completed,16409bfb-ed26-4f92-a6af-ffe6f3472e11
TXN_3590,USR_210,2023-06-28,2190,Utility Bill,DEBIT,Late,16409bfb-ed26-4f92-a6af-ffe6f3472e11
TXN_3591,USR_210,2023-06-30,3814,Savings,DEBIT,Completed,16409bfb-ed26-4f92-a6af-ffe6f3472e11
TXN_3592,USR_210,2023-06-12,1341,Utility Bill,DEBIT,Completed,16409bfb-ed26-4f92-a6af-ffe6f3472e11
TXN_3593,USR_210,2023-05-02,1034,Transport,DEBIT,Completed,16409bfb-ed26-4f92-a6af-ffe6f3472e11
TXN_3594,USR_210,2023-05-17,2965,Savings,DEBIT,Completed,16409bfb-ed26-4f92-a6af-ffe6f3472e11
TXN_3595,USR_210,2023-04-04,2785,Food,DEBIT,Completed,16409bfb-ed26-4f92-a6af-ffe6f3472e11
TXN_3596,USR_210,2023-06-19,1618,Shopping,DEBIT,Completed,16409bfb-ed26-4f92-a6af-ffe6f3472e11
TXN_3597,USR_210,2023-06-01,1806,Transport,DEBIT,Completed,16409bfb-ed26-4f92-a6af-ffe6f3472e11
TXN_3598,USR_210,2023-05-18,2289,Transport,DEBIT,Completed,16409bfb-ed26-4f92-a6af-ffe6f3472e11
TXN_3599,USR_210,2023-04-26,1750,Shopping,DEBIT,Completed,16409bfb-ed26-4f92-a6af-ffe6f3472e11
TXN_3600,USR_211,2023-04-14,11449,Rent,DEBIT,Late,31fdaa9d-d83f-4a0b-a5e4-2398e9cdfe35
TXN_3601,USR_211,2023-05-02,6220,Rent,DEBIT,Completed,31fdaa9d-d83f-4a0b-a5e4-2398e9cdfe35
TXN_3602,USR_211,2023-06-06,11560,Rent,DEBIT,Completed,31fdaa9d-d83f-4a0b-a5e4-2398e9cdfe35
TXN_3603,USR_211,2023-05-15,1488,Food,DEBIT,Completed,31fdaa9d-d83f-4a0b-a5e4-2398e9cdfe35
TXN_3604,USR_211,2023-04-14,1916,Other Income,CREDIT,Completed,31fdaa9d-d83f-4a0b-a5e4-2398e9cdfe35
TXN_3605,USR_211,2023-04-06,4317,Savings,DEBIT,Completed,31fdaa9d-d83f-4a0b-a5e4-2398e9cdfe35
TXN_3606,USR_211,2023-05-17,1558,Shopping,DEBIT,Completed,31fdaa9d-d83f-4a0b-a5e4-2398e9cdfe35
TXN_3607,USR_211,2023-05-14,671,Shopping,DEBIT,Completed,31fdaa9d-d83f-4a0b-a5e4-2398e9cdfe35
TXN_3608,USR_211,2023-04-26,4829,Savings,DEBIT,Completed,31fdaa9d-d83f-4a0b-a5e4-2398e9cdfe35
TXN_3609,USR_211,2023-06-26,2810,Food,DEBIT,Completed,31fdaa9d-d83f-4a0b-a5e4-2398e9cdfe35
TXN_3610,USR_211,2023-04-02,1815,Utility Bill,DEBIT,Late,31fdaa9d-d83f-4a0b-a5e4-2398e9cdfe35
TXN_3611,USR_211,2023-06-12,256,Shopping,DEBIT,Completed,31fdaa9d-d83f-4a0b-a5e4-2398e9cdfe35
TXN_3612,USR_211,2023-04-20,1463,Food,DEBIT,Completed,31fdaa9d-d83f-4a0b-a5e4-2398e9cdfe35
TXN_3613,USR_211,2023-04-02,2417,Utility Bill,DEBIT,Completed,31fdaa9d-d83f-4a0b-a5e4-2398e9cdfe35
TXN_3614,USR_212,2023-06-25,4874,Savings,DEBIT,Completed,4ccab7d6-4bf8-4aa2-9192-899624dc5297
TXN_3615,USR_212,2023-05-11,1927,Shopping,DEBIT,Completed,4ccab7d6-4bf8-4aa2-9192-899624dc5297
TXN_3616,USR_212,2023-04-29,1196,Transport,DEBIT,Completed,4ccab7d6-4bf8-4aa2-9192-899624dc5297
TXN_3617,USR_212,2023-05-10,2439,Transport,DEBIT,Completed,4ccab7d6-4bf8-4aa2-9192-899624dc5297
TXN_3618,USR_212,2023-06-04,4565,Savings,DEBIT,Completed,4ccab7d6-4bf8-4aa2-9192-899624dc5297
TXN_3619,USR_212,2023-04-11,2147,Food,DEBIT,Completed,4ccab7d6-4bf8-4aa2-9192-899624dc5297
TXN_3620,USR_212,2023-04-06,7357,Rent,DEBIT,Completed,4ccab7d6-4bf8-4aa2-9192-899624dc5297
TXN_3621,USR_212,2023-04-14,2486,Utility Bill,DEBIT,Completed,4ccab7d6-4bf8-4aa2-9192-899624dc5297
TXN_3622,USR_212,2023-05-19,2739,Shopping,DEBIT,Completed,4ccab7d6-4bf8-4aa2-9192-899624dc5297
TXN_3623,USR_212,2023-06-07,1154,Utility Bill,DEBIT,Completed,4ccab7d6-4bf8-4aa2-9192-899624dc5297
TXN_3624,USR_212,2023-06-06,365,Food,DEBIT,Completed,4ccab7d6-4bf8-4aa2-9192-899624dc5297
TXN_3625,USR_212,2023-06-28,7597,Rent,DEBIT,Completed,4ccab7d6-4bf8-4aa2-9192-899624dc5297
TXN_3626,USR_213,2023-05-30,731,Utility Bill,DEBIT,Completed,7c4630c3-eb45-48d0-ab02-1adfc1fef302
TXN_3627,USR_213,2023-06-24,636,Food,DEBIT,Completed,7c4630c3-eb45-48d0-ab02-1adfc1fef302
TXN_3628,USR_213,2023-05-25,528,Other Income,CREDIT,Completed,7c4630c3-eb45-48d0-ab02-1adfc1fef302
TXN_3629,USR_213,2023-04-30,812,Utility Bill,DEBIT,Completed,7c4630c3-eb45-48d0-ab02-1adfc1fef302
TXN_3630,USR_213,2023-04-06,7455,Rent,DEBIT,Completed,7c4630c3-eb45-48d0-ab02-1adfc1fef302
TXN_3631,USR_213,2023-06-19,1080,Food,DEBIT,Completed,7c4630c3-eb45-48d0-ab02-1adfc1fef302
TXN_3632,USR_213,2023-04-13,10730,Rent,DEBIT,Completed,7c4630c3-eb45-48d0-ab02-1adfc1fef302
TXN_3633,USR_213,2023-04-09,2388,Savings,DEBIT,Completed,7c4630c3-eb45-48d0-ab02-1adfc1fef302
TXN_3634,USR_213,2023-06-24,7147,Rent,DEBIT,Completed,7c4630c3-eb45-48d0-ab02-1adfc1fef302
TXN_3635,USR_213,2023-06-01,1444,Savings,DEBIT,Completed,7c4630c3-eb45-48d0-ab02-1adfc1fef302
TXN_3636,USR_214,2023-05-07,753,Food,DEBIT,Completed,737ed43f-9299-46fd-8842-3e9e23990604
TXN_3637,USR_214,2023-06-02,8270,Rent,DEBIT,Completed,737ed43f-9299-46fd-8842-3e9e23990604
TXN_3638,USR_214,2023-04-27,2939,Savings,DEBIT,Completed,737ed43f-9299-46fd-8842-3e9e23990604
TXN_3639,USR_214,2023-04-24,1215,Transport,DEBIT,Completed,737ed43f-9299-46fd-8842-3e9e23990604
TXN_3640,USR_214,2023-06-08,579,Utility Bill,DEBIT,Late,737ed43f-9299-46fd-8842-3e9e23990604
TXN_3641,USR_214,2023-06-24,615,Shopping,DEBIT,Completed,737ed43f-9299-46fd-8842-3e9e23990604
TXN_3642,USR_214,2023-05-05,6212,Rent,DEBIT,Late,737ed43f-9299-46fd-8842-3e9e23990604
TXN_3643,USR_214,2023-04-18,1733,Other Income,CREDIT,Completed,737ed43f-9299-46fd-8842-3e9e23990604
TXN_3644,USR_214,2023-06-24,10395,Rent,DEBIT,Late,737ed43f-9299-46fd-8842-3e9e23990604
TXN_3645,USR_214,2023-04-17,658,Transport,DEBIT,Completed,737ed43f-9299-46fd-8842-3e9e23990604
TXN_3646,USR_214,2023-05-03,583,Shopping,DEBIT,Completed,737ed43f-9299-46fd-8842-3e9e23990604
TXN_3647,USR_214,2023-05-14,1016,Food,DEBIT,Completed,737ed43f-9299-46fd-8842-3e9e23990604
TXN_3648,USR_214,2023-04-10,2715,Other Income,CREDIT,Completed,737ed43f-9299-46fd-8842-3e9e23990604
TXN_3649,USR_214,2023-06-21,989,Utility Bill,DEBIT,Late,737ed43f-9299-46fd-8842-3e9e23990604
TXN_3650,USR_214,2023-04-06,1864,Shopping,DEBIT,Completed,737ed43f-9299-46fd-8842-3e9e23990604
TXN_3651,USR_215,2023-06-30,135,Food,DEBIT,Completed,647c5882-4e4a-4be2-a3c0-495bb35300b4
TXN_3652,USR_215,2023-04-16,1442,Other Income,CREDIT,Completed,647c5882-4e4a-4be2-a3c0-495bb35300b4
TXN_3653,USR_215,2023-05-25,1247,Savings,DEBIT,Completed,647c5882-4e4a-4be2-a3c0-495bb35300b4
TXN_3654,USR_215,2023-05-10,2131,Shopping,DEBIT,Completed,647c5882-4e4a-4be2-a3c0-495bb35300b4
TXN_3655,USR_215,2023-06-26,930,Utility Bill,DEBIT,Completed,647c5882-4e4a-4be2-a3c0-495bb35300b4
TXN_3656,USR_215,2023-06-09,6638,Rent,DEBIT,Completed,647c5882-4e4a-4be2-a3c0-495bb35300b4
TXN_3657,USR_215,2023-05-15,1867,Transport,DEBIT,Completed,647c5882-4e4a-4be2-a3c0-495bb35300b4
TXN_3658,USR_215,2023-04-29,10225,Rent,DEBIT,Completed,647c5882-4e4a-4be2-a3c0-495bb35300b4
TXN_3659,USR_215,2023-05-19,2030,Utility Bill,DEBIT,Completed,647c5882-4e4a-4be2-a3c0-495bb35300b4
TXN_3660,USR_215,2023-05-23,1192,Utility Bill,DEBIT,Completed,647c5882-4e4a-4be2-a3c0-495bb35300b4
TXN_3661,USR_216,2023-04-16,2370,Shopping,DEBIT,Completed,215e258c-5c6e-4bde-8a6c-4046f6271546
TXN_3662,USR_216,2023-05-26,10596,Rent,DEBIT,Completed,215e258c-5c6e-4bde-8a6c-4046f6271546
TXN_3663,USR_216,2023-05-10,1146,Shopping,DEBIT,Completed,215e258c-5c6e-4bde-8a6c-4046f6271546
TXN_3664,USR_216,2023-06-02,1679,Food,DEBIT,Completed,215e258c-5c6e-4bde-8a6c-4046f6271546
TXN_3665,USR_216,2023-05-18,2146,Other Income,CREDIT,Completed,215e258c-5c6e-4bde-8a6c-4046f6271546
TXN_3666,USR_216,2023-06-12,7801,Rent,DEBIT,Completed,215e258c-5c6e-4bde-8a6c-4046f6271546
TXN_3667,USR_216,2023-05-16,2488,Shopping,DEBIT,Completed,215e258c-5c6e-4bde-8a6c-4046f6271546
TXN_3668,USR_216,2023-05-20,2337,Utility Bill,DEBIT,Completed,215e258c-5c6e-4bde-8a6c-4046f6271546
TXN_3669,USR_216,2023-05-23,31469,Salary,CREDIT,Completed,215e258c-5c6e-4bde-8a6c-4046f6271546
TXN_3670,USR_216,2023-05-04,9081,Rent,DEBIT,Completed,215e258c-5c6e-4bde-8a6c-4046f6271546
TXN_3671,USR_217,2023-06-08,2129,Other Income,CREDIT,Completed,a48f132f-b61f-4970-874c-4e1a165413a0
TXN_3672,USR_217,2023-05-30,2923,Food,DEBIT,Completed,a48f132f-b61f-4970-874c-4e1a165413a0
TXN_3673,USR_217,2023-04-06,11646,Rent,DEBIT,Completed,a48f132f-b61f-4970-874c-4e1a165413a0
TXN_3674,USR_217,2023-04-20,1436,Food,DEBIT,Completed,a48f132f-b61f-4970-874c-4e1a165413a0
TXN_3675,USR_217,2023-06-28,1325,Utility Bill,DEBIT,Completed,a48f132f-b61f-4970-874c-4e1a165413a0
TXN_3676,USR_217,2023-06-03,1188,Other Income,CREDIT,Completed,a48f132f-b61f-4970-874c-4e1a165413a0
TXN_3677,USR_217,2023-05-29,33223,Salary,CREDIT,Completed,a48f132f-b61f-4970-874c-4e1a165413a0
TXN_3678,USR_217,2023-05-01,1674,Other Income,CREDIT,Completed,a48f132f-b61f-4970-874c-4e1a165413a0
TXN_3679,USR_217,2023-05-23,2689,Transport,DEBIT,Completed,a48f132f-b61f-4970-874c-4e1a165413a0
TXN_3680,USR_217,2023-05-20,2686,Transport,DEBIT,Completed,a48f132f-b61f-4970-874c-4e1a165413a0
TXN_3681,USR_217,2023-06-24,2327,Food,DEBIT,Completed,a48f132f-b61f-4970-874c-4e1a165413a0
TXN_3682,USR_217,2023-05-10,2903,Food,DEBIT,Completed,a48f132f-b61f-4970-874c-4e1a165413a0
TXN_3683,USR_217,2023-06-14,632,Transport,DEBIT,Completed,a48f132f-b61f-4970-874c-4e1a165413a0
TXN_3684,USR_218,2023-05-21,1171,Salary,CREDIT,Completed,e56f6e25-a1da-4725-b89e-729f987c4393
TXN_3685,USR_218,2023-06-09,5225,Rent,DEBIT,Completed,e56f6e25-a1da-4725-b89e-729f987c4393
TXN_3686,USR_218,2023-05-22,10902,Rent,DEBIT,Completed,e56f6e25-a1da-4725-b89e-729f987c4393
TXN_3687,USR_218,2023-05-11,2142,Food,DEBIT,Completed,e56f6e25-a1da-4725-b89e-729f987c4393
TXN_3688,USR_218,2023-04-06,1606,Transport,DEBIT,Completed,e56f6e25-a1da-4725-b89e-729f987c4393
TXN_3689,USR_218,2023-06-14,4782,Savings,DEBIT,Completed,e56f6e25-a1da-4725-b89e-729f987c4393
TXN_3690,USR_218,2023-04-30,4982,Savings,DEBIT,Completed,e56f6e25-a1da-4725-b89e-729f987c4393
TXN_3691,USR_218,2023-05-04,3915,Savings,DEBIT,Completed,e56f6e25-a1da-4725-b89e-729f987c4393
TXN_3692,USR_218,2023-06-13,1512,Savings,DEBIT,Completed,e56f6e25-a1da-4725-b89e-729f987c4393
TXN_3693,USR_218,2023-04-25,2785,Shopping,DEBIT,Completed,e56f6e25-a1da-4725-b89e-729f987c4393
TXN_3694,USR_218,2023-05-20,3068,Savings,DEBIT,Completed,e56f6e25-a1da-4725-b89e-729f987c4393
TXN_3695,USR_218,2023-04-03,1442,Salary,CREDIT,Completed,e56f6e25-a1da-4725-b89e-729f987c4393
TXN_3696,USR_218,2023-05-19,2488,Food,DEBIT,Completed,e56f6e25-a1da-4725-b89e-729f987c4393
TXN_3697,USR_219,2023-06-08,3332,Other Income,CREDIT,Completed,084db500-ea16-49d3-ac30-82c7e16ca610
TXN_3698,USR_219,2023-05-04,2175,Utility Bill,DEBIT,Late,084db500-ea16-49d3-ac30-82c7e16ca610
TXN_3699,USR_219,2023-06-13,571,Food,DEBIT,Completed,084db500-ea16-49d3-ac30-82c7e16ca610
TXN_3700,USR_219,2023-06-15,6431,Rent,DEBIT,Completed,084db500-ea16-49d3-ac30-82c7e16ca610
TXN_3701,USR_219,2023-06-21,996,Food,DEBIT,Completed,084db500-ea16-49d3-ac30-82c7e16ca610
TXN_3702,USR_219,2023-04-29,1702,Transport,DEBIT,Completed,084db500-ea16-49d3-ac30-82c7e16ca610
TXN_3703,USR_219,2023-06-14,2116,Transport,DEBIT,Completed,084db500-ea16-49d3-ac30-82c7e16ca610
TXN_3704,USR_219,2023-04-26,1098,Savings,DEBIT,Completed,084db500-ea16-49d3-ac30-82c7e16ca610
TXN_3705,USR_219,2023-04-18,2958,Shopping,DEBIT,Completed,084db500-ea16-49d3-ac30-82c7e16ca610
TXN_3706,USR_219,2023-05-01,1160,Food,DEBIT,Completed,084db500-ea16-49d3-ac30-82c7e16ca610
TXN_3707,USR_219,2023-04-15,710,Other Income,CREDIT,Completed,084db500-ea16-49d3-ac30-82c7e16ca610
TXN_3708,USR_220,2023-04-13,1820,Utility Bill,DEBIT,Completed,755a3936-541e-4927-a9bd-a4e56bbdb65f
TXN_3709,USR_220,2023-04-17,35263,Salary,CREDIT,Completed,755a3936-541e-4927-a9bd-a4e56bbdb65f
TXN_3710,USR_220,2023-04-16,1841,Other Income,CREDIT,Completed,755a3936-541e-4927-a9bd-a4e56bbdb65f
TXN_3711,USR_220,2023-05-07,4006,Savings,DEBIT,Completed,755a3936-541e-4927-a9bd-a4e56bbdb65f
TXN_3712,USR_220,2023-04-05,9484,Rent,DEBIT,Completed,755a3936-541e-4927-a9bd-a4e56bbdb65f
TXN_3713,USR_220,2023-04-16,1928,Food,DEBIT,Completed,755a3936-541e-4927-a9bd-a4e56bbdb65f
TXN_3714,USR_220,2023-04-08,11484,Rent,DEBIT,Completed,755a3936-541e-4927-a9bd-a4e56bbdb65f
TXN_3715,USR_220,2023-06-22,4334,Other Income,CREDIT,Completed,755a3936-541e-4927-a9bd-a4e56bbdb65f
TXN_3716,USR_220,2023-05-02,968,Transport,DEBIT,Completed,755a3936-541e-4927-a9bd-a4e56bbdb65f
TXN_3717,USR_220,2023-06-03,1647,Other Income,CREDIT,Completed,755a3936-541e-4927-a9bd-a4e56bbdb65f
TXN_3718,USR_220,2023-06-19,493,Food,DEBIT,Completed,755a3936-541e-4927-a9bd-a4e56bbdb65f
TXN_3719,USR_220,2023-06-22,648,Other Income,CREDIT,Completed,755a3936-541e-4927-a9bd-a4e56bbdb65f
TXN_3720,USR_220,2023-06-22,979,Food,DEBIT,Completed,755a3936-541e-4927-a9bd-a4e56bbdb65f
TXN_3721,USR_220,2023-04-26,3098,Other Income,CREDIT,Completed,755a3936-541e-4927-a9bd-a4e56bbdb65f
TXN_3722,USR_221,2023-06-18,2890,Shopping,DEBIT,Completed,02f513a3-56be-4be7-bc13-e43ee27e6d91
TXN_3723,USR_221,2023-05-30,7529,Rent,DEBIT,Completed,02f513a3-56be-4be7-bc13-e43ee27e6d91
TXN_3724,USR_221,2023-04-12,2050,Savings,DEBIT,Completed,02f513a3-56be-4be7-bc13-e43ee27e6d91
TXN_3725,USR_221,2023-05-13,2115,Food,DEBIT,Completed,02f513a3-56be-4be7-bc13-e43ee27e6d91
TXN_3726,USR_221,2023-05-19,2175,Savings,DEBIT,Completed,02f513a3-56be-4be7-bc13-e43ee27e6d91
TXN_3727,USR_221,2023-04-13,1487,Savings,DEBIT,Completed,02f513a3-56be-4be7-bc13-e43ee27e6d91
TXN_3728,USR_221,2023-05-11,833,Other Income,CREDIT,Completed,02f513a3-56be-4be7-bc13-e43ee27e6d91
TXN_3729,USR_221,2023-04-17,1244,Other Income,CREDIT,Completed,02f513a3-56be-4be7-bc13-e43ee27e6d91
TXN_3730,USR_221,2023-05-04,4437,Other Income,CREDIT,Completed,02f513a3-56be-4be7-bc13-e43ee27e6d91
TXN_3731,USR_221,2023-06-21,4290,Other Income,CREDIT,Completed,02f513a3-56be-4be7-bc13-e43ee27e6d91
TXN_3732,USR_221,2023-04-22,1902,Transport,DEBIT,Completed,02f513a3-56be-4be7-bc13-e43ee27e6d91
TXN_3733,USR_221,2023-04-24,2555,Savings,DEBIT,Completed,02f513a3-56be-4be7-bc13-e43ee27e6d91
TXN_3734,USR_221,2023-04-28,397,Shopping,DEBIT,Completed,02f513a3-56be-4be7-bc13-e43ee27e6d91
TXN_3735,USR_221,2023-04-17,1891,Savings,DEBIT,Completed,02f513a3-56be-4be7-bc13-e43ee27e6d91
TXN_3736,USR_221,2023-04-23,2946,Food,DEBIT,Completed,02f513a3-56be-4be7-bc13-e43ee27e6d91
TXN_3737,USR_222,2023-06-02,4661,Other Income,CREDIT,Completed,fb562539-5df2-4dc3-8224-87f2f64b85d9
TXN_3738,USR_222,2023-05-08,1574,Food,DEBIT,Completed,fb562539-5df2-4dc3-8224-87f2f64b85d9
TXN_3739,USR_222,2023-06-05,510,Food,DEBIT,Completed,fb562539-5df2-4dc3-8224-87f2f64b85d9
TXN_3740,USR_222,2023-04-15,908,Food,DEBIT,Completed,fb562539-5df2-4dc3-8224-87f2f64b85d9
TXN_3741,USR_222,2023-04-20,722,Utility Bill,DEBIT,Completed,fb562539-5df2-4dc3-8224-87f2f64b85d9
TXN_3742,USR_222,2023-05-25,2340,Shopping,DEBIT,Completed,fb562539-5df2-4dc3-8224-87f2f64b85d9
TXN_3743,USR_222,2023-06-05,4810,Other Income,CREDIT,Completed,fb562539-5df2-4dc3-8224-87f2f64b85d9
TXN_3744,USR_222,2023-05-19,1406,Food,DEBIT,Completed,fb562539-5df2-4dc3-8224-87f2f64b85d9
TXN_3745,USR_222,2023-05-10,813,Food,DEBIT,Completed,fb562539-5df2-4dc3-8224-87f2f64b85d9
TXN_3746,USR_222,2023-06-25,973,Other Income,CREDIT,Completed,fb562539-5df2-4dc3-8224-87f2f64b85d9
TXN_3747,USR_223,2023-04-18,2937,Shopping,DEBIT,Completed,8953e592-0390-4890-a20d-d0ae2b9c626a
TXN_3748,USR_223,2023-04-06,4746,Other Income,CREDIT,Completed,8953e592-0390-4890-a20d-d0ae2b9c626a
TXN_3749,USR_223,2023-05-26,308,Transport,DEBIT,Completed,8953e592-0390-4890-a20d-d0ae2b9c626a
TXN_3750,USR_223,2023-06-06,2049,Other Income,CREDIT,Completed,8953e592-0390-4890-a20d-d0ae2b9c626a
TXN_3751,USR_223,2023-05-19,2289,Utility Bill,DEBIT,Completed,8953e592-0390-4890-a20d-d0ae2b9c626a
TXN_3752,USR_223,2023-06-11,1374,Shopping,DEBIT,Completed,8953e592-0390-4890-a20d-d0ae2b9c626a
TXN_3753,USR_223,2023-05-21,2056,Food,DEBIT,Completed,8953e592-0390-4890-a20d-d0ae2b9c626a
TXN_3754,USR_223,2023-06-07,392,Food,DEBIT,Completed,8953e592-0390-4890-a20d-d0ae2b9c626a
TXN_3755,USR_223,2023-05-27,4853,Savings,DEBIT,Completed,8953e592-0390-4890-a20d-d0ae2b9c626a
TXN_3756,USR_223,2023-06-01,185,Shopping,DEBIT,Completed,8953e592-0390-4890-a20d-d0ae2b9c626a
TXN_3757,USR_224,2023-05-02,1767,Utility Bill,DEBIT,Late,9e92c114-11bb-4354-93da-e3fcf2bb70f0
TXN_3758,USR_224,2023-04-03,676,Transport,DEBIT,Completed,9e92c114-11bb-4354-93da-e3fcf2bb70f0
TXN_3759,USR_224,2023-06-16,3895,Other Income,CREDIT,Completed,9e92c114-11bb-4354-93da-e3fcf2bb70f0
TXN_3760,USR_224,2023-06-23,1350,Food,DEBIT,Completed,9e92c114-11bb-4354-93da-e3fcf2bb70f0
TXN_3761,USR_224,2023-06-22,1638,Shopping,DEBIT,Completed,9e92c114-11bb-4354-93da-e3fcf2bb70f0
TXN_3762,USR_224,2023-06-20,1022,Transport,DEBIT,Completed,9e92c114-11bb-4354-93da-e3fcf2bb70f0
TXN_3763,USR_224,2023-05-04,9849,Rent,DEBIT,Completed,9e92c114-11bb-4354-93da-e3fcf2bb70f0
TXN_3764,USR_224,2023-05-11,2481,Other Income,CREDIT,Completed,9e92c114-11bb-4354-93da-e3fcf2bb70f0
TXN_3765,USR_224,2023-05-05,1480,Other Income,CREDIT,Completed,9e92c114-11bb-4354-93da-e3fcf2bb70f0
TXN_3766,USR_224,2023-04-15,8358,Rent,DEBIT,Completed,9e92c114-11bb-4354-93da-e3fcf2bb70f0
TXN_3767,USR_224,2023-06-20,1403,Shopping,DEBIT,Completed,9e92c114-11bb-4354-93da-e3fcf2bb70f0
TXN_3768,USR_224,2023-04-21,2244,Utility Bill,DEBIT,Late,9e92c114-11bb-4354-93da-e3fcf2bb70f0
TXN_3769,USR_224,2023-04-28,3892,Savings,DEBIT,Completed,9e92c114-11bb-4354-93da-e3fcf2bb70f0
TXN_3770,USR_224,2023-04-17,2335,Shopping,DEBIT,Completed,9e92c114-11bb-4354-93da-e3fcf2bb70f0
TXN_3771,USR_224,2023-06-10,8409,Rent,DEBIT,Completed,9e92c114-11bb-4354-93da-e3fcf2bb70f0
TXN_3772,USR_225,2023-06-28,1235,Shopping,DEBIT,Completed,530d1eb6-aa31-4020-a5f3-ea1fc6fecfb4
TXN_3773,USR_225,2023-06-23,641,Other Income,CREDIT,Completed,530d1eb6-aa31-4020-a5f3-ea1fc6fecfb4
TXN_3774,USR_225,2023-05-07,10661,Rent,DEBIT,Completed,530d1eb6-aa31-4020-a5f3-ea1fc6fecfb4
TXN_3775,USR_225,2023-06-25,8332,Rent,DEBIT,Late,530d1eb6-aa31-4020-a5f3-ea1fc6fecfb4
TXN_3776,USR_225,2023-06-15,2091,Savings,DEBIT,Completed,530d1eb6-aa31-4020-a5f3-ea1fc6fecfb4
TXN_3777,USR_225,2023-04-30,3879,Other Income,CREDIT,Completed,530d1eb6-aa31-4020-a5f3-ea1fc6fecfb4
TXN_3778,USR_225,2023-06-05,538,Shopping,DEBIT,Completed,530d1eb6-aa31-4020-a5f3-ea1fc6fecfb4
TXN_3779,USR_225,2023-04-10,3258,Savings,DEBIT,Completed,530d1eb6-aa31-4020-a5f3-ea1fc6fecfb4
TXN_3780,USR_225,2023-05-18,2857,Shopping,DEBIT,Completed,530d1eb6-aa31-4020-a5f3-ea1fc6fecfb4
TXN_3781,USR_225,2023-06-10,11252,Rent,DEBIT,Completed,530d1eb6-aa31-4020-a5f3-ea1fc6fecfb4
TXN_3782,USR_225,2023-05-13,378,Transport,DEBIT,Completed,530d1eb6-aa31-4020-a5f3-ea1fc6fecfb4
TXN_3783,USR_225,2023-05-21,4627,Savings,DEBIT,Completed,530d1eb6-aa31-4020-a5f3-ea1fc6fecfb4
TXN_3784,USR_225,2023-06-13,2453,Utility Bill,DEBIT,Completed,530d1eb6-aa31-4020-a5f3-ea1fc6fecfb4
TXN_3785,USR_225,2023-06-13,4459,Other Income,CREDIT,Completed,530d1eb6-aa31-4020-a5f3-ea1fc6fecfb4
TXN_3786,USR_225,2023-06-25,10120,Rent,DEBIT,Completed,530d1eb6-aa31-4020-a5f3-ea1fc6fecfb4
TXN_3787,USR_226,2023-04-02,1128,Utility Bill,DEBIT,Completed,0f1c5836-fb1e-4757-acdc-49fcaec970da
TXN_3788,USR_226,2023-06-28,3357,Other Income,CREDIT,Completed,0f1c5836-fb1e-4757-acdc-49fcaec970da
TXN_3789,USR_226,2023-04-28,543,Shopping,DEBIT,Completed,0f1c5836-fb1e-4757-acdc-49fcaec970da
TXN_3790,USR_226,2023-06-22,2486,Savings,DEBIT,Completed,0f1c5836-fb1e-4757-acdc-49fcaec970da
TXN_3791,USR_226,2023-06-18,164,Transport,DEBIT,Completed,0f1c5836-fb1e-4757-acdc-49fcaec970da
TXN_3792,USR_226,2023-04-03,4039,Savings,DEBIT,Completed,0f1c5836-fb1e-4757-acdc-49fcaec970da
TXN_3793,USR_226,2023-04-03,811,Utility Bill,DEBIT,Completed,0f1c5836-fb1e-4757-acdc-49fcaec970da
TXN_3794,USR_226,2023-05-09,4827,Other Income,CREDIT,Completed,0f1c5836-fb1e-4757-acdc-49fcaec970da
TXN_3795,USR_226,2023-05-03,1367,Savings,DEBIT,Completed,0f1c5836-fb1e-4757-acdc-49fcaec970da
TXN_3796,USR_226,2023-05-30,903,Utility Bill,DEBIT,Completed,0f1c5836-fb1e-4757-acdc-49fcaec970da
TXN_3797,USR_227,2023-04-18,2814,Transport,DEBIT,Completed,3626cb00-fdcd-4fee-a054-9e104837d54f
TXN_3798,USR_227,2023-05-07,2030,Savings,DEBIT,Completed,3626cb00-fdcd-4fee-a054-9e104837d54f
TXN_3799,USR_227,2023-06-29,2315,Food,DEBIT,Completed,3626cb00-fdcd-4fee-a054-9e104837d54f
TXN_3800,USR_227,2023-05-28,1788,Transport,DEBIT,Completed,3626cb00-fdcd-4fee-a054-9e104837d54f
TXN_3801,USR_227,2023-05-16,2910,Food,DEBIT,Completed,3626cb00-fdcd-4fee-a054-9e104837d54f
TXN_3802,USR_227,2023-06-02,3161,Other Income,CREDIT,Completed,3626cb00-fdcd-4fee-a054-9e104837d54f
TXN_3803,USR_227,2023-04-12,1856,Savings,DEBIT,Completed,3626cb00-fdcd-4fee-a054-9e104837d54f
TXN_3804,USR_227,2023-04-03,9133,Rent,DEBIT,Completed,3626cb00-fdcd-4fee-a054-9e104837d54f
TXN_3805,USR_227,2023-05-10,621,Food,DEBIT,Completed,3626cb00-fdcd-4fee-a054-9e104837d54f
TXN_3806,USR_227,2023-04-10,2564,Shopping,DEBIT,Completed,3626cb00-fdcd-4fee-a054-9e104837d54f
TXN_3807,USR_227,2023-05-04,1479,Other Income,CREDIT,Completed,3626cb00-fdcd-4fee-a054-9e104837d54f
TXN_3808,USR_227,2023-04-03,11884,Rent,DEBIT,Completed,3626cb00-fdcd-4fee-a054-9e104837d54f
TXN_3809,USR_227,2023-06-01,1134,Savings,DEBIT,Completed,3626cb00-fdcd-4fee-a054-9e104837d54f
TXN_3810,USR_228,2023-06-17,537,Transport,DEBIT,Completed,30aaa588-3719-4b13-813a-e97709e33729
TXN_3811,USR_228,2023-06-13,306,Food,DEBIT,Completed,30aaa588-3719-4b13-813a-e97709e33729
TXN_3812,USR_228,2023-06-08,53571,Salary,CREDIT,Completed,30aaa588-3719-4b13-813a-e97709e33729
TXN_3813,USR_228,2023-06-03,1188,Food,DEBIT,Completed,30aaa588-3719-4b13-813a-e97709e33729
TXN_3814,USR_228,2023-04-02,3113,Savings,DEBIT,Completed,30aaa588-3719-4b13-813a-e97709e33729
TXN_3815,USR_228,2023-04-08,1299,Shopping,DEBIT,Completed,30aaa588-3719-4b13-813a-e97709e33729
TXN_3816,USR_228,2023-05-22,53571,Salary,CREDIT,Completed,30aaa588-3719-4b13-813a-e97709e33729
TXN_3817,USR_228,2023-05-10,2935,Food,DEBIT,Completed,30aaa588-3719-4b13-813a-e97709e33729
TXN_3818,USR_228,2023-06-12,2079,Utility Bill,DEBIT,Completed,30aaa588-3719-4b13-813a-e97709e33729
TXN_3819,USR_228,2023-06-12,1235,Food,DEBIT,Completed,30aaa588-3719-4b13-813a-e97709e33729
TXN_3820,USR_228,2023-06-29,1674,Savings,DEBIT,Completed,30aaa588-3719-4b13-813a-e97709e33729
TXN_3821,USR_228,2023-05-24,2058,Other Income,CREDIT,Completed,30aaa588-3719-4b13-813a-e97709e33729
TXN_3822,USR_228,2023-06-17,3774,Other Income,CREDIT,Completed,30aaa588-3719-4b13-813a-e97709e33729
TXN_3823,USR_229,2023-06-01,4079,Savings,DEBIT,Completed,bba3b5e7-2a6f-4e79-b10d-d5b5a3798a3e
TXN_3824,USR_229,2023-04-19,2775,Shopping,DEBIT,Completed,bba3b5e7-2a6f-4e79-b10d-d5b5a3798a3e
TXN_3825,USR_229,2023-04-10,2447,Shopping,DEBIT,Completed,bba3b5e7-2a6f-4e79-b10d-d5b5a3798a3e
TXN_3826,USR_229,2023-06-29,1089,Other Income,CREDIT,Completed,bba3b5e7-2a6f-4e79-b10d-d5b5a3798a3e
TXN_3827,USR_229,2023-06-18,40030,Salary,CREDIT,Completed,bba3b5e7-2a6f-4e79-b10d-d5b5a3798a3e
TXN_3828,USR_229,2023-04-20,1095,Food,DEBIT,Completed,bba3b5e7-2a6f-4e79-b10d-d5b5a3798a3e
TXN_3829,USR_229,2023-04-07,484,Transport,DEBIT,Completed,bba3b5e7-2a6f-4e79-b10d-d5b5a3798a3e
TXN_3830,USR_229,2023-05-19,1011,Shopping,DEBIT,Completed,bba3b5e7-2a6f-4e79-b10d-d5b5a3798a3e
TXN_3831,USR_229,2023-04-04,2384,Utility Bill,DEBIT,Completed,bba3b5e7-2a6f-4e79-b10d-d5b5a3798a3e
TXN_3832,USR_229,2023-06-27,2364,Shopping,DEBIT,Completed,bba3b5e7-2a6f-4e79-b10d-d5b5a3798a3e
TXN_3833,USR_229,2023-05-22,2499,Savings,DEBIT,Completed,bba3b5e7-2a6f-4e79-b10d-d5b5a3798a3e
TXN_3834,USR_229,2023-06-01,7187,Rent,DEBIT,Completed,bba3b5e7-2a6f-4e79-b10d-d5b5a3798a3e
TXN_3835,USR_229,2023-05-08,4353,Savings,DEBIT,Completed,bba3b5e7-2a6f-4e79-b10d-d5b5a3798a3e
TXN_3836,USR_230,2023-06-28,2513,Shopping,DEBIT,Completed,22789da9-7f67-40ae-8485-ffb6b0717afa
TXN_3837,USR_230,2023-05-12,1710,Utility Bill,DEBIT,Completed,22789da9-7f67-40ae-8485-ffb6b0717afa
TXN_3838,USR_230,2023-05-01,2697,Shopping,DEBIT,Completed,22789da9-7f67-40ae-8485-ffb6b0717afa
TXN_3839,USR_230,2023-06-02,1917,Food,DEBIT,Completed,22789da9-7f67-40ae-8485-ffb6b0717afa
TXN_3840,USR_230,2023-06-13,1972,Other Income,CREDIT,Completed,22789da9-7f67-40ae-8485-ffb6b0717afa
TXN_3841,USR_230,2023-04-12,2118,Other Income,CREDIT,Completed,22789da9-7f67-40ae-8485-ffb6b0717afa
TXN_3842,USR_230,2023-05-15,7231,Rent,DEBIT,Completed,22789da9-7f67-40ae-8485-ffb6b0717afa
TXN_3843,USR_230,2023-04-23,1600,Shopping,DEBIT,Completed,22789da9-7f67-40ae-8485-ffb6b0717afa
TXN_3844,USR_230,2023-06-26,1312,Savings,DEBIT,Completed,22789da9-7f67-40ae-8485-ffb6b0717afa
TXN_3845,USR_230,2023-05-04,6102,Rent,DEBIT,Completed,22789da9-7f67-40ae-8485-ffb6b0717afa
TXN_3846,USR_230,2023-05-08,6642,Rent,DEBIT,Completed,22789da9-7f67-40ae-8485-ffb6b0717afa
TXN_3847,USR_231,2023-04-10,2304,Other Income,CREDIT,Completed,d0a9677d-3a12-4275-a7b6-3d3fdfd2940b
TXN_3848,USR_231,2023-05-27,636,Food,DEBIT,Completed,d0a9677d-3a12-4275-a7b6-3d3fdfd2940b
TXN_3849,USR_231,2023-06-13,3811,Other Income,CREDIT,Completed,d0a9677d-3a12-4275-a7b6-3d3fdfd2940b
TXN_3850,USR_231,2023-05-01,2201,Savings,DEBIT,Completed,d0a9677d-3a12-4275-a7b6-3d3fdfd2940b
TXN_3851,USR_231,2023-04-10,2285,Shopping,DEBIT,Completed,d0a9677d-3a12-4275-a7b6-3d3fdfd2940b
TXN_3852,USR_231,2023-04-01,1468,Transport,DEBIT,Completed,d0a9677d-3a12-4275-a7b6-3d3fdfd2940b
TXN_3853,USR_231,2023-06-08,7339,Rent,DEBIT,Completed,d0a9677d-3a12-4275-a7b6-3d3fdfd2940b
TXN_3854,USR_231,2023-06-25,4102,Savings,DEBIT,Completed,d0a9677d-3a12-4275-a7b6-3d3fdfd2940b
TXN_3855,USR_231,2023-05-04,1500,Utility Bill,DEBIT,Late,d0a9677d-3a12-4275-a7b6-3d3fdfd2940b
TXN_3856,USR_231,2023-06-20,2873,Shopping,DEBIT,Completed,d0a9677d-3a12-4275-a7b6-3d3fdfd2940b
TXN_3857,USR_231,2023-05-25,1737,Other Income,CREDIT,Completed,d0a9677d-3a12-4275-a7b6-3d3fdfd2940b
TXN_3858,USR_231,2023-06-11,2796,Transport,DEBIT,Completed,d0a9677d-3a12-4275-a7b6-3d3fdfd2940b
TXN_3859,USR_231,2023-05-09,757,Shopping,DEBIT,Completed,d0a9677d-3a12-4275-a7b6-3d3fdfd2940b
TXN_3860,USR_232,2023-04-07,2495,Food,DEBIT,Completed,24b6837f-224d-41fb-87cb-a4b12d1fa0b3
TXN_3861,USR_232,2023-06-22,31979,Salary,CREDIT,Completed,24b6837f-224d-41fb-87cb-a4b12d1fa0b3
TXN_3862,USR_232,2023-05-26,758,Food,DEBIT,Completed,24b6837f-224d-41fb-87cb-a4b12d1fa0b3
TXN_3863,USR_232,2023-06-14,2703,Shopping,DEBIT,Completed,24b6837f-224d-41fb-87cb-a4b12d1fa0b3
TXN_3864,USR_232,2023-05-12,1242,Other Income,CREDIT,Completed,24b6837f-224d-41fb-87cb-a4b12d1fa0b3
TXN_3865,USR_232,2023-05-12,9412,Rent,DEBIT,Completed,24b6837f-224d-41fb-87cb-a4b12d1fa0b3
TXN_3866,USR_232,2023-04-20,1887,Utility Bill,DEBIT,Completed,24b6837f-224d-41fb-87cb-a4b12d1fa0b3
TXN_3867,USR_232,2023-06-16,816,Transport,DEBIT,Completed,24b6837f-224d-41fb-87cb-a4b12d1fa0b3
TXN_3868,USR_232,2023-05-28,290,Transport,DEBIT,Completed,24b6837f-224d-41fb-87cb-a4b12d1fa0b3
TXN_3869,USR_232,2023-04-11,1479,Transport,DEBIT,Completed,24b6837f-224d-41fb-87cb-a4b12d1fa0b3
TXN_3870,USR_232,2023-06-22,1489,Other Income,CREDIT,Completed,24b6837f-224d-41fb-87cb-a4b12d1fa0b3
TXN_3871,USR_233,2023-05-31,5829,Rent,DEBIT,Completed,72a9071d-a338-41d2-917d-beb67b63d17a
TXN_3872,USR_233,2023-05-13,2836,Transport,DEBIT,Completed,72a9071d-a338-41d2-917d-beb67b63d17a
TXN_3873,USR_233,2023-04-11,1370,Utility Bill,DEBIT,Completed,72a9071d-a338-41d2-917d-beb67b63d17a
TXN_3874,USR_233,2023-04-28,38788,Salary,CREDIT,Completed,72a9071d-a338-41d2-917d-beb67b63d17a
TXN_3875,USR_233,2023-05-28,2396,Utility Bill,DEBIT,Completed,72a9071d-a338-41d2-917d-beb67b63d17a
TXN_3876,USR_233,2023-06-09,4633,Other Income,CREDIT,Completed,72a9071d-a338-41d2-917d-beb67b63d17a
TXN_3877,USR_233,2023-04-30,2616,Other Income,CREDIT,Completed,72a9071d-a338-41d2-917d-beb67b63d17a
TXN_3878,USR_233,2023-06-28,11321,Rent,DEBIT,Completed,72a9071d-a338-41d2-917d-beb67b63d17a
TXN_3879,USR_233,2023-05-31,2758,Food,DEBIT,Completed,72a9071d-a338-41d2-917d-beb67b63d17a
TXN_3880,USR_233,2023-04-24,7373,Rent,DEBIT,Completed,72a9071d-a338-41d2-917d-beb67b63d17a
TXN_3881,USR_233,2023-06-23,1456,Shopping,DEBIT,Completed,72a9071d-a338-41d2-917d-beb67b63d17a
TXN_3882,USR_234,2023-05-05,2421,Utility Bill,DEBIT,Completed,7473faca-7a95-465e-ac7a-b20c7149c37f
TXN_3883,USR_234,2023-05-03,3354,Savings,DEBIT,Completed,7473faca-7a95-465e-ac7a-b20c7149c37f
TXN_3884,USR_234,2023-04-16,1192,Other Income,CREDIT,Completed,7473faca-7a95-465e-ac7a-b20c7149c37f
TXN_3885,USR_234,2023-05-01,449,Transport,DEBIT,Completed,7473faca-7a95-465e-ac7a-b20c7149c37f
TXN_3886,USR_234,2023-04-08,1289,Transport,DEBIT,Completed,7473faca-7a95-465e-ac7a-b20c7149c37f
TXN_3887,USR_234,2023-05-12,1599,Shopping,DEBIT,Completed,7473faca-7a95-465e-ac7a-b20c7149c37f
TXN_3888,USR_234,2023-06-05,1627,Transport,DEBIT,Completed,7473faca-7a95-465e-ac7a-b20c7149c37f
TXN_3889,USR_234,2023-04-15,741,Shopping,DEBIT,Completed,7473faca-7a95-465e-ac7a-b20c7149c37f
TXN_3890,USR_234,2023-06-09,1576,Utility Bill,DEBIT,Completed,7473faca-7a95-465e-ac7a-b20c7149c37f
TXN_3891,USR_234,2023-04-03,1778,Utility Bill,DEBIT,Completed,7473faca-7a95-465e-ac7a-b20c7149c37f
TXN_3892,USR_234,2023-06-29,5916,Rent,DEBIT,Completed,7473faca-7a95-465e-ac7a-b20c7149c37f
TXN_3893,USR_235,2023-05-02,53257,Salary,CREDIT,Completed,76eae53a-216b-4c1e-a35a-7bcba7ef7762
TXN_3894,USR_235,2023-05-28,2160,Shopping,DEBIT,Completed,76eae53a-216b-4c1e-a35a-7bcba7ef7762
TXN_3895,USR_235,2023-05-13,311,Shopping,DEBIT,Completed,76eae53a-216b-4c1e-a35a-7bcba7ef7762
TXN_3896,USR_235,2023-05-26,2154,Transport,DEBIT,Completed,76eae53a-216b-4c1e-a35a-7bcba7ef7762
TXN_3897,USR_235,2023-04-23,11694,Rent,DEBIT,Completed,76eae53a-216b-4c1e-a35a-7bcba7ef7762
TXN_3898,USR_235,2023-05-22,1801,Shopping,DEBIT,Completed,76eae53a-216b-4c1e-a35a-7bcba7ef7762
TXN_3899,USR_235,2023-04-01,1308,Other Income,CREDIT,Completed,76eae53a-216b-4c1e-a35a-7bcba7ef7762
TXN_3900,USR_235,2023-04-20,2297,Shopping,DEBIT,Completed,76eae53a-216b-4c1e-a35a-7bcba7ef7762
TXN_3901,USR_235,2023-06-17,10620,Rent,DEBIT,Completed,76eae53a-216b-4c1e-a35a-7bcba7ef7762
TXN_3902,USR_235,2023-05-24,10675,Rent,DEBIT,Completed,76eae53a-216b-4c1e-a35a-7bcba7ef7762
TXN_3903,USR_235,2023-05-14,7986,Rent,DEBIT,Completed,76eae53a-216b-4c1e-a35a-7bcba7ef7762
TXN_3904,USR_235,2023-06-06,3992,Other Income,CREDIT,Completed,76eae53a-216b-4c1e-a35a-7bcba7ef7762
TXN_3905,USR_235,2023-06-19,4327,Other Income,CREDIT,Completed,76eae53a-216b-4c1e-a35a-7bcba7ef7762
TXN_3906,USR_235,2023-05-11,896,Transport,DEBIT,Completed,76eae53a-216b-4c1e-a35a-7bcba7ef7762
TXN_3907,USR_235,2023-06-16,1768,Utility Bill,DEBIT,Completed,76eae53a-216b-4c1e-a35a-7bcba7ef7762
TXN_3908,USR_236,2023-05-07,1493,Food,DEBIT,Completed,3d1e05b0-e506-4421-86e5-f9d5ad308546
TXN_3909,USR_236,2023-05-16,569,Shopping,DEBIT,Completed,3d1e05b0-e506-4421-86e5-f9d5ad308546
TXN_3910,USR_236,2023-06-07,1815,Transport,DEBIT,Completed,3d1e05b0-e506-4421-86e5-f9d5ad308546
TXN_3911,USR_236,2023-04-19,2887,Shopping,DEBIT,Completed,3d1e05b0-e506-4421-86e5-f9d5ad308546
TXN_3912,USR_236,2023-04-15,2942,Shopping,DEBIT,Completed,3d1e05b0-e506-4421-86e5-f9d5ad308546
TXN_3913,USR_236,2023-05-15,2125,Utility Bill,DEBIT,Completed,3d1e05b0-e506-4421-86e5-f9d5ad308546
TXN_3914,USR_236,2023-06-30,2113,Transport,DEBIT,Completed,3d1e05b0-e506-4421-86e5-f9d5ad308546
TXN_3915,USR_236,2023-05-06,2275,Shopping,DEBIT,Completed,3d1e05b0-e506-4421-86e5-f9d5ad308546
TXN_3916,USR_236,2023-05-24,702,Transport,DEBIT,Completed,3d1e05b0-e506-4421-86e5-f9d5ad308546
TXN_3917,USR_236,2023-05-02,11274,Rent,DEBIT,Completed,3d1e05b0-e506-4421-86e5-f9d5ad308546
TXN_3918,USR_236,2023-05-18,2114,Food,DEBIT,Completed,3d1e05b0-e506-4421-86e5-f9d5ad308546
TXN_3919,USR_236,2023-04-02,1781,Other Income,CREDIT,Completed,3d1e05b0-e506-4421-86e5-f9d5ad308546
TXN_3920,USR_236,2023-05-23,1128,Transport,DEBIT,Completed,3d1e05b0-e506-4421-86e5-f9d5ad308546
TXN_3921,USR_236,2023-05-31,1673,Other Income,CREDIT,Completed,3d1e05b0-e506-4421-86e5-f9d5ad308546
TXN_3922,USR_237,2023-05-14,174,Transport,DEBIT,Completed,339f9b30-be94-4174-97a9-d22d4c015644
TXN_3923,USR_237,2023-04-27,2439,Utility Bill,DEBIT,Completed,339f9b30-be94-4174-97a9-d22d4c015644
TXN_3924,USR_237,2023-06-05,3192,Savings,DEBIT,Completed,339f9b30-be94-4174-97a9-d22d4c015644
TXN_3925,USR_237,2023-06-18,3565,Other Income,CREDIT,Completed,339f9b30-be94-4174-97a9-d22d4c015644
TXN_3926,USR_237,2023-05-10,3336,Savings,DEBIT,Completed,339f9b30-be94-4174-97a9-d22d4c015644
TXN_3927,USR_237,2023-06-09,2984,Savings,DEBIT,Completed,339f9b30-be94-4174-97a9-d22d4c015644
TXN_3928,USR_237,2023-05-18,1888,Food,DEBIT,Completed,339f9b30-be94-4174-97a9-d22d4c015644
TXN_3929,USR_237,2023-06-05,2331,Transport,DEBIT,Completed,339f9b30-be94-4174-97a9-d22d4c015644
TXN_3930,USR_237,2023-06-19,2573,Other Income,CREDIT,Completed,339f9b30-be94-4174-97a9-d22d4c015644
TXN_3931,USR_237,2023-06-09,1508,Savings,DEBIT,Completed,339f9b30-be94-4174-97a9-d22d4c015644
TXN_3932,USR_237,2023-04-04,7911,Rent,DEBIT,Completed,339f9b30-be94-4174-97a9-d22d4c015644
TXN_3933,USR_237,2023-06-03,2637,Other Income,CREDIT,Completed,339f9b30-be94-4174-97a9-d22d4c015644
TXN_3934,USR_237,2023-06-09,1467,Utility Bill,DEBIT,Completed,339f9b30-be94-4174-97a9-d22d4c015644
TXN_3935,USR_238,2023-06-07,2804,Shopping,DEBIT,Completed,93cc5dfb-c803-4eff-bd16-7a4107f8fc29
TXN_3936,USR_238,2023-04-21,10331,Rent,DEBIT,Completed,93cc5dfb-c803-4eff-bd16-7a4107f8fc29
TXN_3937,USR_238,2023-05-19,11167,Rent,DEBIT,Late,93cc5dfb-c803-4eff-bd16-7a4107f8fc29
TXN_3938,USR_238,2023-06-15,2638,Shopping,DEBIT,Completed,93cc5dfb-c803-4eff-bd16-7a4107f8fc29
TXN_3939,USR_238,2023-06-26,1935,Utility Bill,DEBIT,Late,93cc5dfb-c803-4eff-bd16-7a4107f8fc29
TXN_3940,USR_238,2023-05-19,2448,Shopping,DEBIT,Completed,93cc5dfb-c803-4eff-bd16-7a4107f8fc29
TXN_3941,USR_238,2023-05-04,1889,Food,DEBIT,Completed,93cc5dfb-c803-4eff-bd16-7a4107f8fc29
TXN_3942,USR_238,2023-05-14,2300,Transport,DEBIT,Completed,93cc5dfb-c803-4eff-bd16-7a4107f8fc29
TXN_3943,USR_238,2023-04-28,7381,Rent,DEBIT,Completed,93cc5dfb-c803-4eff-bd16-7a4107f8fc29
TXN_3944,USR_238,2023-06-03,1236,Transport,DEBIT,Completed,93cc5dfb-c803-4eff-bd16-7a4107f8fc29
TXN_3945,USR_238,2023-05-04,1228,Savings,DEBIT,Completed,93cc5dfb-c803-4eff-bd16-7a4107f8fc29
TXN_3946,USR_239,2023-05-31,3116,Savings,DEBIT,Completed,0f7b1bf1-d6fb-4a82-8f4f-2c80bfaf2109
TXN_3947,USR_239,2023-04-28,725,Shopping,DEBIT,Completed,0f7b1bf1-d6fb-4a82-8f4f-2c80bfaf2109
TXN_3948,USR_239,2023-04-07,1397,Transport,DEBIT,Completed,0f7b1bf1-d6fb-4a82-8f4f-2c80bfaf2109
TXN_3949,USR_239,2023-04-27,1318,Utility Bill,DEBIT,Completed,0f7b1bf1-d6fb-4a82-8f4f-2c80bfaf2109
TXN_3950,USR_239,2023-05-12,481,Food,DEBIT,Completed,0f7b1bf1-d6fb-4a82-8f4f-2c80bfaf2109
TXN_3951,USR_239,2023-06-02,4515,Other Income,CREDIT,Completed,0f7b1bf1-d6fb-4a82-8f4f-2c80bfaf2109
TXN_3952,USR_239,2023-05-31,1874,Transport,DEBIT,Completed,0f7b1bf1-d6fb-4a82-8f4f-2c80bfaf2109
TXN_3953,USR_239,2023-06-06,1978,Other Income,CREDIT,Completed,0f7b1bf1-d6fb-4a82-8f4f-2c80bfaf2109
TXN_3954,USR_239,2023-05-29,3415,Savings,DEBIT,Completed,0f7b1bf1-d6fb-4a82-8f4f-2c80bfaf2109
TXN_3955,USR_239,2023-06-24,4573,Savings,DEBIT,Completed,0f7b1bf1-d6fb-4a82-8f4f-2c80bfaf2109
TXN_3956,USR_239,2023-04-01,588,Other Income,CREDIT,Completed,0f7b1bf1-d6fb-4a82-8f4f-2c80bfaf2109
TXN_3957,USR_239,2023-05-29,1592,Shopping,DEBIT,Completed,0f7b1bf1-d6fb-4a82-8f4f-2c80bfaf2109
TXN_3958,USR_240,2023-04-30,9666,Rent,DEBIT,Completed,381da1d3-8dac-4470-9b51-d9d6a380c19f
TXN_3959,USR_240,2023-04-07,1317,Savings,DEBIT,Completed,381da1d3-8dac-4470-9b51-d9d6a380c19f
TXN_3960,USR_240,2023-06-27,2590,Savings,DEBIT,Completed,381da1d3-8dac-4470-9b51-d9d6a380c19f
TXN_3961,USR_240,2023-06-29,1977,Other Income,CREDIT,Completed,381da1d3-8dac-4470-9b51-d9d6a380c19f
TXN_3962,USR_240,2023-06-01,405,Food,DEBIT,Completed,381da1d3-8dac-4470-9b51-d9d6a380c19f
TXN_3963,USR_240,2023-06-13,1762,Savings,DEBIT,Completed,381da1d3-8dac-4470-9b51-d9d6a380c19f
TXN_3964,USR_240,2023-06-16,6491,Rent,DEBIT,Completed,381da1d3-8dac-4470-9b51-d9d6a380c19f
TXN_3965,USR_240,2023-05-04,2324,Utility Bill,DEBIT,Completed,381da1d3-8dac-4470-9b51-d9d6a380c19f
TXN_3966,USR_240,2023-04-13,1131,Shopping,DEBIT,Completed,381da1d3-8dac-4470-9b51-d9d6a380c19f
TXN_3967,USR_240,2023-04-22,507,Transport,DEBIT,Completed,381da1d3-8dac-4470-9b51-d9d6a380c19f
TXN_3968,USR_240,2023-04-24,1748,Food,DEBIT,Completed,381da1d3-8dac-4470-9b51-d9d6a380c19f
TXN_3969,USR_240,2023-04-23,225,Shopping,DEBIT,Completed,381da1d3-8dac-4470-9b51-d9d6a380c19f
TXN_3970,USR_240,2023-06-26,3357,Other Income,CREDIT,Completed,381da1d3-8dac-4470-9b51-d9d6a380c19f
TXN_3971,USR_241,2023-06-08,4679,Other Income,CREDIT,Completed,15e61838-e7b7-4bce-a35f-c59dd4e9bfa0
TXN_3972,USR_241,2023-05-07,6277,Rent,DEBIT,Completed,15e61838-e7b7-4bce-a35f-c59dd4e9bfa0
TXN_3973,USR_241,2023-06-22,2970,Savings,DEBIT,Completed,15e61838-e7b7-4bce-a35f-c59dd4e9bfa0
TXN_3974,USR_241,2023-06-20,46792,Salary,CREDIT,Completed,15e61838-e7b7-4bce-a35f-c59dd4e9bfa0
TXN_3975,USR_241,2023-06-14,10728,Rent,DEBIT,Completed,15e61838-e7b7-4bce-a35f-c59dd4e9bfa0
TXN_3976,USR_241,2023-05-25,234,Shopping,DEBIT,Completed,15e61838-e7b7-4bce-a35f-c59dd4e9bfa0
TXN_3977,USR_241,2023-06-26,4806,Other Income,CREDIT,Completed,15e61838-e7b7-4bce-a35f-c59dd4e9bfa0
TXN_3978,USR_241,2023-06-02,4022,Savings,DEBIT,Completed,15e61838-e7b7-4bce-a35f-c59dd4e9bfa0
TXN_3979,USR_241,2023-05-05,1851,Utility Bill,DEBIT,Completed,15e61838-e7b7-4bce-a35f-c59dd4e9bfa0
TXN_3980,USR_241,2023-04-19,681,Other Income,CREDIT,Completed,15e61838-e7b7-4bce-a35f-c59dd4e9bfa0
TXN_3981,USR_242,2023-04-03,3311,Other Income,CREDIT,Completed,4418a475-decc-42c8-8526-8fbb78bd0e3d
TXN_3982,USR_242,2023-06-06,4854,Other Income,CREDIT,Completed,4418a475-decc-42c8-8526-8fbb78bd0e3d
TXN_3983,USR_242,2023-06-19,1656,Food,DEBIT,Completed,4418a475-decc-42c8-8526-8fbb78bd0e3d
TXN_3984,USR_242,2023-05-30,1233,Transport,DEBIT,Completed,4418a475-decc-42c8-8526-8fbb78bd0e3d
TXN_3985,USR_242,2023-05-20,976,Shopping,DEBIT,Completed,4418a475-decc-42c8-8526-8fbb78bd0e3d
TXN_3986,USR_242,2023-05-08,1213,Other Income,CREDIT,Completed,4418a475-decc-42c8-8526-8fbb78bd0e3d
TXN_3987,USR_242,2023-04-08,2909,Shopping,DEBIT,Completed,4418a475-decc-42c8-8526-8fbb78bd0e3d
TXN_3988,USR_242,2023-05-12,3854,Other Income,CREDIT,Completed,4418a475-decc-42c8-8526-8fbb78bd0e3d
TXN_3989,USR_242,2023-06-09,3133,Other Income,CREDIT,Completed,4418a475-decc-42c8-8526-8fbb78bd0e3d
TXN_3990,USR_242,2023-06-15,3933,Other Income,CREDIT,Completed,4418a475-decc-42c8-8526-8fbb78bd0e3d
TXN_3991,USR_242,2023-04-27,2528,Transport,DEBIT,Completed,4418a475-decc-42c8-8526-8fbb78bd0e3d
TXN_3992,USR_242,2023-06-14,261,Transport,DEBIT,Completed,4418a475-decc-42c8-8526-8fbb78bd0e3d
TXN_3993,USR_242,2023-05-02,2650,Food,DEBIT,Completed,4418a475-decc-42c8-8526-8fbb78bd0e3d
TXN_3994,USR_242,2023-04-28,395,Transport,DEBIT,Completed,4418a475-decc-42c8-8526-8fbb78bd0e3d
TXN_3995,USR_242,2023-06-10,718,Shopping,DEBIT,Completed,4418a475-decc-42c8-8526-8fbb78bd0e3d
TXN_3996,USR_243,2023-06-19,9821,Rent,DEBIT,Completed,2fa9dba4-089b-46bc-8df5-9622ba7957a2
TXN_3997,USR_243,2023-06-12,519,Shopping,DEBIT,Completed,2fa9dba4-089b-46bc-8df5-9622ba7957a2
TXN_3998,USR_243,2023-04-27,3966,Savings,DEBIT,Completed,2fa9dba4-089b-46bc-8df5-9622ba7957a2
TXN_3999,USR_243,2023-04-14,929,Food,DEBIT,Completed,2fa9dba4-089b-46bc-8df5-9622ba7957a2
TXN_4000,USR_243,2023-05-30,1145,Food,DEBIT,Completed,2fa9dba4-089b-46bc-8df5-9622ba7957a2
TXN_4001,USR_243,2023-04-15,306,Food,DEBIT,Completed,2fa9dba4-089b-46bc-8df5-9622ba7957a2
TXN_4002,USR_243,2023-06-15,6407,Rent,DEBIT,Completed,2fa9dba4-089b-46bc-8df5-9622ba7957a2
TXN_4003,USR_243,2023-04-18,10126,Rent,DEBIT,Completed,2fa9dba4-089b-46bc-8df5-9622ba7957a2
TXN_4004,USR_243,2023-06-23,1390,Food,DEBIT,Completed,2fa9dba4-089b-46bc-8df5-9622ba7957a2
TXN_4005,USR_243,2023-04-11,3090,Savings,DEBIT,Completed,2fa9dba4-089b-46bc-8df5-9622ba7957a2
TXN_4006,USR_243,2023-05-16,1160,Utility Bill,DEBIT,Completed,2fa9dba4-089b-46bc-8df5-9622ba7957a2
TXN_4007,USR_244,2023-06-30,6214,Rent,DEBIT,Completed,046cf11d-3acc-4ca8-9023-57c6620d6184
TXN_4008,USR_244,2023-04-12,2457,Utility Bill,DEBIT,Completed,046cf11d-3acc-4ca8-9023-57c6620d6184
TXN_4009,USR_244,2023-05-07,3856,Savings,DEBIT,Completed,046cf11d-3acc-4ca8-9023-57c6620d6184
TXN_4010,USR_244,2023-06-17,4364,Savings,DEBIT,Completed,046cf11d-3acc-4ca8-9023-57c6620d6184
TXN_4011,USR_244,2023-05-01,691,Shopping,DEBIT,Completed,046cf11d-3acc-4ca8-9023-57c6620d6184
TXN_4012,USR_244,2023-04-08,6339,Rent,DEBIT,Completed,046cf11d-3acc-4ca8-9023-57c6620d6184
TXN_4013,USR_244,2023-04-10,8572,Rent,DEBIT,Completed,046cf11d-3acc-4ca8-9023-57c6620d6184
TXN_4014,USR_244,2023-04-14,3398,Other Income,CREDIT,Completed,046cf11d-3acc-4ca8-9023-57c6620d6184
TXN_4015,USR_244,2023-05-12,4557,Other Income,CREDIT,Completed,046cf11d-3acc-4ca8-9023-57c6620d6184
TXN_4016,USR_244,2023-05-20,2154,Utility Bill,DEBIT,Completed,046cf11d-3acc-4ca8-9023-57c6620d6184
TXN_4017,USR_244,2023-06-26,980,Utility Bill,DEBIT,Completed,046cf11d-3acc-4ca8-9023-57c6620d6184
TXN_4018,USR_244,2023-05-02,10424,Rent,DEBIT,Completed,046cf11d-3acc-4ca8-9023-57c6620d6184
TXN_4019,USR_244,2023-04-05,806,Food,DEBIT,Completed,046cf11d-3acc-4ca8-9023-57c6620d6184
TXN_4020,USR_245,2023-04-22,8733,Rent,DEBIT,Completed,608ee101-f608-4df4-bb68-88444c626759
TXN_4021,USR_245,2023-04-12,3847,Savings,DEBIT,Completed,608ee101-f608-4df4-bb68-88444c626759
TXN_4022,USR_245,2023-05-03,1066,Other Income,CREDIT,Completed,608ee101-f608-4df4-bb68-88444c626759
TXN_4023,USR_245,2023-04-01,3916,Other Income,CREDIT,Completed,608ee101-f608-4df4-bb68-88444c626759
TXN_4024,USR_245,2023-06-21,1832,Transport,DEBIT,Completed,608ee101-f608-4df4-bb68-88444c626759
TXN_4025,USR_245,2023-06-12,202,Food,DEBIT,Completed,608ee101-f608-4df4-bb68-88444c626759
TXN_4026,USR_245,2023-04-13,1957,Other Income,CREDIT,Completed,608ee101-f608-4df4-bb68-88444c626759
TXN_4027,USR_245,2023-04-02,1447,Transport,DEBIT,Completed,608ee101-f608-4df4-bb68-88444c626759
TXN_4028,USR_245,2023-06-03,2471,Transport,DEBIT,Completed,608ee101-f608-4df4-bb68-88444c626759
TXN_4029,USR_245,2023-06-19,2793,Shopping,DEBIT,Completed,608ee101-f608-4df4-bb68-88444c626759
TXN_4030,USR_245,2023-04-20,1393,Utility Bill,DEBIT,Completed,608ee101-f608-4df4-bb68-88444c626759
TXN_4031,USR_245,2023-05-03,1458,Shopping,DEBIT,Completed,608ee101-f608-4df4-bb68-88444c626759
TXN_4032,USR_246,2023-06-01,5010,Rent,DEBIT,Completed,d99cd877-13c9-4441-b3f7-5fc64981a633
TXN_4033,USR_246,2023-05-03,2334,Other Income,CREDIT,Completed,d99cd877-13c9-4441-b3f7-5fc64981a633
TXN_4034,USR_246,2023-05-03,7702,Rent,DEBIT,Completed,d99cd877-13c9-4441-b3f7-5fc64981a633
TXN_4035,USR_246,2023-05-24,11250,Rent,DEBIT,Completed,d99cd877-13c9-4441-b3f7-5fc64981a633
TXN_4036,USR_246,2023-05-22,111,Food,DEBIT,Completed,d99cd877-13c9-4441-b3f7-5fc64981a633
TXN_4037,USR_246,2023-04-08,1859,Shopping,DEBIT,Completed,d99cd877-13c9-4441-b3f7-5fc64981a633
TXN_4038,USR_246,2023-05-21,10840,Rent,DEBIT,Completed,d99cd877-13c9-4441-b3f7-5fc64981a633
TXN_4039,USR_246,2023-06-16,4116,Other Income,CREDIT,Completed,d99cd877-13c9-4441-b3f7-5fc64981a633
TXN_4040,USR_246,2023-04-02,985,Food,DEBIT,Completed,d99cd877-13c9-4441-b3f7-5fc64981a633
TXN_4041,USR_246,2023-06-28,2087,Savings,DEBIT,Completed,d99cd877-13c9-4441-b3f7-5fc64981a633
TXN_4042,USR_246,2023-05-19,2360,Savings,DEBIT,Completed,d99cd877-13c9-4441-b3f7-5fc64981a633
TXN_4043,USR_247,2023-06-09,3678,Salary,CREDIT,Completed,a4ebf9f3-2779-4c22-81ab-32758701e5f5
TXN_4044,USR_247,2023-04-23,7407,Rent,DEBIT,Completed,a4ebf9f3-2779-4c22-81ab-32758701e5f5
TXN_4045,USR_247,2023-04-28,1713,Shopping,DEBIT,Completed,a4ebf9f3-2779-4c22-81ab-32758701e5f5
TXN_4046,USR_247,2023-05-26,3202,Salary,CREDIT,Completed,a4ebf9f3-2779-4c22-81ab-32758701e5f5
TXN_4047,USR_247,2023-05-27,2558,Salary,CREDIT,Completed,a4ebf9f3-2779-4c22-81ab-32758701e5f5
TXN_4048,USR_247,2023-05-09,9008,Rent,DEBIT,Completed,a4ebf9f3-2779-4c22-81ab-32758701e5f5
TXN_4049,USR_247,2023-06-26,3843,Salary,CREDIT,Completed,a4ebf9f3-2779-4c22-81ab-32758701e5f5
TXN_4050,USR_247,2023-06-09,1441,Transport,DEBIT,Completed,a4ebf9f3-2779-4c22-81ab-32758701e5f5
TXN_4051,USR_247,2023-06-03,680,Shopping,DEBIT,Completed,a4ebf9f3-2779-4c22-81ab-32758701e5f5
TXN_4052,USR_247,2023-06-28,3075,Salary,CREDIT,Completed,a4ebf9f3-2779-4c22-81ab-32758701e5f5
TXN_4053,USR_247,2023-05-11,1462,Utility Bill,DEBIT,Completed,a4ebf9f3-2779-4c22-81ab-32758701e5f5
TXN_4054,USR_247,2023-06-07,2959,Shopping,DEBIT,Completed,a4ebf9f3-2779-4c22-81ab-32758701e5f5
TXN_4055,USR_247,2023-06-18,2177,Food,DEBIT,Completed,a4ebf9f3-2779-4c22-81ab-32758701e5f5
TXN_4056,USR_247,2023-04-28,602,Salary,CREDIT,Completed,a4ebf9f3-2779-4c22-81ab-32758701e5f5
TXN_4057,USR_248,2023-05-24,2411,Utility Bill,DEBIT,Late,d31473eb-0347-42d7-a69a-80176a04fcda
TXN_4058,USR_248,2023-05-18,2924,Food,DEBIT,Completed,d31473eb-0347-42d7-a69a-80176a04fcda
TXN_4059,USR_248,2023-04-30,585,Food,DEBIT,Completed,d31473eb-0347-42d7-a69a-80176a04fcda
TXN_4060,USR_248,2023-04-25,1078,Other Income,CREDIT,Completed,d31473eb-0347-42d7-a69a-80176a04fcda
TXN_4061,USR_248,2023-06-25,1112,Food,DEBIT,Completed,d31473eb-0347-42d7-a69a-80176a04fcda
TXN_4062,USR_248,2023-04-04,7531,Rent,DEBIT,Completed,d31473eb-0347-42d7-a69a-80176a04fcda
TXN_4063,USR_248,2023-05-17,435,Transport,DEBIT,Completed,d31473eb-0347-42d7-a69a-80176a04fcda
TXN_4064,USR_248,2023-05-28,1496,Shopping,DEBIT,Completed,d31473eb-0347-42d7-a69a-80176a04fcda
TXN_4065,USR_248,2023-05-27,6754,Rent,DEBIT,Completed,d31473eb-0347-42d7-a69a-80176a04fcda
TXN_4066,USR_248,2023-04-07,7110,Rent,DEBIT,Late,d31473eb-0347-42d7-a69a-80176a04fcda
TXN_4067,USR_249,2023-05-11,9163,Rent,DEBIT,Completed,f600ed76-2132-40ba-ba86-cf94409276c8
TXN_4068,USR_249,2023-06-01,10789,Rent,DEBIT,Late,f600ed76-2132-40ba-ba86-cf94409276c8
TXN_4069,USR_249,2023-06-03,1688,Transport,DEBIT,Completed,f600ed76-2132-40ba-ba86-cf94409276c8
TXN_4070,USR_249,2023-05-02,3135,Other Income,CREDIT,Completed,f600ed76-2132-40ba-ba86-cf94409276c8
TXN_4071,USR_249,2023-06-10,7091,Rent,DEBIT,Completed,f600ed76-2132-40ba-ba86-cf94409276c8
TXN_4072,USR_249,2023-05-05,2881,Transport,DEBIT,Completed,f600ed76-2132-40ba-ba86-cf94409276c8
TXN_4073,USR_249,2023-05-13,1478,Savings,DEBIT,Completed,f600ed76-2132-40ba-ba86-cf94409276c8
TXN_4074,USR_249,2023-05-10,866,Shopping,DEBIT,Completed,f600ed76-2132-40ba-ba86-cf94409276c8
TXN_4075,USR_249,2023-06-20,54658,Salary,CREDIT,Completed,f600ed76-2132-40ba-ba86-cf94409276c8
TXN_4076,USR_249,2023-06-10,1128,Other Income,CREDIT,Completed,f600ed76-2132-40ba-ba86-cf94409276c8
TXN_4077,USR_249,2023-04-17,1482,Other Income,CREDIT,Completed,f600ed76-2132-40ba-ba86-cf94409276c8
TXN_4078,USR_249,2023-06-30,210,Food,DEBIT,Completed,f600ed76-2132-40ba-ba86-cf94409276c8
TXN_4079,USR_249,2023-06-10,6156,Rent,DEBIT,Completed,f600ed76-2132-40ba-ba86-cf94409276c8
TXN_4080,USR_249,2023-06-19,905,Other Income,CREDIT,Completed,f600ed76-2132-40ba-ba86-cf94409276c8
TXN_4081,USR_250,2023-04-21,2073,Shopping,DEBIT,Completed,a077f629-c7f9-4d0c-8780-39731fd76a0a
TXN_4082,USR_250,2023-06-26,8299,Rent,DEBIT,Completed,a077f629-c7f9-4d0c-8780-39731fd76a0a
TXN_4083,USR_250,2023-05-29,360,Shopping,DEBIT,Completed,a077f629-c7f9-4d0c-8780-39731fd76a0a
TXN_4084,USR_250,2023-05-09,1436,Other Income,CREDIT,Completed,a077f629-c7f9-4d0c-8780-39731fd76a0a
TXN_4085,USR_250,2023-05-12,4162,Savings,DEBIT,Completed,a077f629-c7f9-4d0c-8780-39731fd76a0a
TXN_4086,USR_250,2023-05-09,1698,Transport,DEBIT,Completed,a077f629-c7f9-4d0c-8780-39731fd76a0a
TXN_4087,USR_250,2023-05-21,1884,Shopping,DEBIT,Completed,a077f629-c7f9-4d0c-8780-39731fd76a0a
TXN_4088,USR_250,2023-05-10,321,Food,DEBIT,Completed,a077f629-c7f9-4d0c-8780-39731fd76a0a
TXN_4089,USR_250,2023-04-17,657,Utility Bill,DEBIT,Completed,a077f629-c7f9-4d0c-8780-39731fd76a0a
TXN_4090,USR_250,2023-05-25,6218,Rent,DEBIT,Completed,a077f629-c7f9-4d0c-8780-39731fd76a0a
TXN_4091,USR_250,2023-06-29,1450,Savings,DEBIT,Completed,a077f629-c7f9-4d0c-8780-39731fd76a0a
TXN_4092,USR_250,2023-06-12,2116,Transport,DEBIT,Completed,a077f629-c7f9-4d0c-8780-39731fd76a0a
TXN_4093,USR_250,2023-06-27,2338,Food,DEBIT,Completed,a077f629-c7f9-4d0c-8780-39731fd76a0a
TXN_4094,USR_250,2023-06-15,2991,Transport,DEBIT,Completed,a077f629-c7f9-4d0c-8780-39731fd76a0a
TXN_4095,USR_250,2023-05-24,717,Other Income,CREDIT,Completed,a077f629-c7f9-4d0c-8780-39731fd76a0a
TXN_4096,USR_251,2023-06-02,2322,Transport,DEBIT,Completed,7390adac-43f2-46c4-a141-b02143a845db
TXN_4097,USR_251,2023-04-10,6538,Rent,DEBIT,Completed,7390adac-43f2-46c4-a141-b02143a845db
TXN_4098,USR_251,2023-05-29,1758,Food,DEBIT,Completed,7390adac-43f2-46c4-a141-b02143a845db
TXN_4099,USR_251,2023-05-11,10442,Rent,DEBIT,Completed,7390adac-43f2-46c4-a141-b02143a845db
TXN_4100,USR_251,2023-06-03,1784,Savings,DEBIT,Completed,7390adac-43f2-46c4-a141-b02143a845db
TXN_4101,USR_251,2023-06-13,1804,Transport,DEBIT,Completed,7390adac-43f2-46c4-a141-b02143a845db
TXN_4102,USR_251,2023-06-07,3513,Savings,DEBIT,Completed,7390adac-43f2-46c4-a141-b02143a845db
TXN_4103,USR_251,2023-04-13,2919,Food,DEBIT,Completed,7390adac-43f2-46c4-a141-b02143a845db
TXN_4104,USR_251,2023-06-28,820,Utility Bill,DEBIT,Completed,7390adac-43f2-46c4-a141-b02143a845db
TXN_4105,USR_251,2023-06-11,5992,Rent,DEBIT,Completed,7390adac-43f2-46c4-a141-b02143a845db
TXN_4106,USR_252,2023-04-04,637,Food,DEBIT,Completed,2ecf47e9-d877-4d96-b0a0-7461f979d3eb
TXN_4107,USR_252,2023-06-13,516,Food,DEBIT,Completed,2ecf47e9-d877-4d96-b0a0-7461f979d3eb
TXN_4108,USR_252,2023-05-18,1986,Savings,DEBIT,Completed,2ecf47e9-d877-4d96-b0a0-7461f979d3eb
TXN_4109,USR_252,2023-05-12,6754,Rent,DEBIT,Completed,2ecf47e9-d877-4d96-b0a0-7461f979d3eb
TXN_4110,USR_252,2023-04-12,522,Shopping,DEBIT,Completed,2ecf47e9-d877-4d96-b0a0-7461f979d3eb
TXN_4111,USR_252,2023-04-18,2273,Shopping,DEBIT,Completed,2ecf47e9-d877-4d96-b0a0-7461f979d3eb
TXN_4112,USR_252,2023-04-15,2127,Savings,DEBIT,Completed,2ecf47e9-d877-4d96-b0a0-7461f979d3eb
TXN_4113,USR_252,2023-06-19,2410,Shopping,DEBIT,Completed,2ecf47e9-d877-4d96-b0a0-7461f979d3eb
TXN_4114,USR_252,2023-04-01,3323,Other Income,CREDIT,Completed,2ecf47e9-d877-4d96-b0a0-7461f979d3eb
TXN_4115,USR_252,2023-06-25,2734,Other Income,CREDIT,Completed,2ecf47e9-d877-4d96-b0a0-7461f979d3eb
TXN_4116,USR_252,2023-06-16,1951,Utility Bill,DEBIT,Completed,2ecf47e9-d877-4d96-b0a0-7461f979d3eb
TXN_4117,USR_252,2023-04-29,1213,Other Income,CREDIT,Completed,2ecf47e9-d877-4d96-b0a0-7461f979d3eb
TXN_4118,USR_252,2023-06-03,7414,Rent,DEBIT,Completed,2ecf47e9-d877-4d96-b0a0-7461f979d3eb
TXN_4119,USR_253,2023-04-23,2847,Food,DEBIT,Completed,b4467ad1-d717-4b96-a669-e0a61ac0c326
TXN_4120,USR_253,2023-04-03,880,Other Income,CREDIT,Completed,b4467ad1-d717-4b96-a669-e0a61ac0c326
TXN_4121,USR_253,2023-06-16,2187,Savings,DEBIT,Completed,b4467ad1-d717-4b96-a669-e0a61ac0c326
TXN_4122,USR_253,2023-04-18,1641,Transport,DEBIT,Completed,b4467ad1-d717-4b96-a669-e0a61ac0c326
TXN_4123,USR_253,2023-05-27,1640,Shopping,DEBIT,Completed,b4467ad1-d717-4b96-a669-e0a61ac0c326
TXN_4124,USR_253,2023-04-20,1683,Other Income,CREDIT,Completed,b4467ad1-d717-4b96-a669-e0a61ac0c326
TXN_4125,USR_253,2023-06-09,1831,Transport,DEBIT,Completed,b4467ad1-d717-4b96-a669-e0a61ac0c326
TXN_4126,USR_253,2023-05-04,3374,Savings,DEBIT,Completed,b4467ad1-d717-4b96-a669-e0a61ac0c326
TXN_4127,USR_253,2023-05-11,1300,Transport,DEBIT,Completed,b4467ad1-d717-4b96-a669-e0a61ac0c326
TXN_4128,USR_253,2023-04-25,3229,Other Income,CREDIT,Completed,b4467ad1-d717-4b96-a669-e0a61ac0c326
TXN_4129,USR_253,2023-05-04,4695,Other Income,CREDIT,Completed,b4467ad1-d717-4b96-a669-e0a61ac0c326
TXN_4130,USR_253,2023-04-19,2342,Utility Bill,DEBIT,Completed,b4467ad1-d717-4b96-a669-e0a61ac0c326
TXN_4131,USR_253,2023-06-03,2720,Shopping,DEBIT,Completed,b4467ad1-d717-4b96-a669-e0a61ac0c326
TXN_4132,USR_253,2023-04-15,1194,Utility Bill,DEBIT,Completed,b4467ad1-d717-4b96-a669-e0a61ac0c326
TXN_4133,USR_254,2023-04-03,9320,Rent,DEBIT,Late,4b5173a9-5603-4126-81a5-937bdfd5d4b3
TXN_4134,USR_254,2023-04-26,321,Transport,DEBIT,Completed,4b5173a9-5603-4126-81a5-937bdfd5d4b3
TXN_4135,USR_254,2023-05-31,7589,Rent,DEBIT,Late,4b5173a9-5603-4126-81a5-937bdfd5d4b3
TXN_4136,USR_254,2023-04-14,2971,Food,DEBIT,Completed,4b5173a9-5603-4126-81a5-937bdfd5d4b3
TXN_4137,USR_254,2023-05-06,1610,Shopping,DEBIT,Completed,4b5173a9-5603-4126-81a5-937bdfd5d4b3
TXN_4138,USR_254,2023-05-27,3737,Other Income,CREDIT,Completed,4b5173a9-5603-4126-81a5-937bdfd5d4b3
TXN_4139,USR_254,2023-04-25,869,Shopping,DEBIT,Completed,4b5173a9-5603-4126-81a5-937bdfd5d4b3
TXN_4140,USR_254,2023-05-16,10955,Rent,DEBIT,Completed,4b5173a9-5603-4126-81a5-937bdfd5d4b3
TXN_4141,USR_254,2023-06-02,4798,Other Income,CREDIT,Completed,4b5173a9-5603-4126-81a5-937bdfd5d4b3
TXN_4142,USR_254,2023-04-11,3574,Other Income,CREDIT,Completed,4b5173a9-5603-4126-81a5-937bdfd5d4b3
TXN_4143,USR_254,2023-06-02,1708,Shopping,DEBIT,Completed,4b5173a9-5603-4126-81a5-937bdfd5d4b3
TXN_4144,USR_255,2023-05-28,864,Shopping,DEBIT,Completed,82b41fa2-0b44-4781-83d3-84f0dbc6bf67
TXN_4145,USR_255,2023-06-05,650,Shopping,DEBIT,Completed,82b41fa2-0b44-4781-83d3-84f0dbc6bf67
TXN_4146,USR_255,2023-04-10,3617,Salary,CREDIT,Completed,82b41fa2-0b44-4781-83d3-84f0dbc6bf67
TXN_4147,USR_255,2023-04-01,1734,Salary,CREDIT,Completed,82b41fa2-0b44-4781-83d3-84f0dbc6bf67
TXN_4148,USR_255,2023-06-13,636,Food,DEBIT,Completed,82b41fa2-0b44-4781-83d3-84f0dbc6bf67
TXN_4149,USR_255,2023-04-08,2395,Food,DEBIT,Completed,82b41fa2-0b44-4781-83d3-84f0dbc6bf67
TXN_4150,USR_255,2023-06-02,509,Food,DEBIT,Completed,82b41fa2-0b44-4781-83d3-84f0dbc6bf67
TXN_4151,USR_255,2023-04-11,1916,Utility Bill,DEBIT,Completed,82b41fa2-0b44-4781-83d3-84f0dbc6bf67
TXN_4152,USR_255,2023-04-07,937,Food,DEBIT,Completed,82b41fa2-0b44-4781-83d3-84f0dbc6bf67
TXN_4153,USR_255,2023-05-12,813,Transport,DEBIT,Completed,82b41fa2-0b44-4781-83d3-84f0dbc6bf67
TXN_4154,USR_255,2023-05-24,1333,Savings,DEBIT,Completed,82b41fa2-0b44-4781-83d3-84f0dbc6bf67
TXN_4155,USR_255,2023-04-03,1634,Salary,CREDIT,Completed,82b41fa2-0b44-4781-83d3-84f0dbc6bf67
TXN_4156,USR_255,2023-05-27,4726,Savings,DEBIT,Completed,82b41fa2-0b44-4781-83d3-84f0dbc6bf67
TXN_4157,USR_255,2023-05-29,519,Utility Bill,DEBIT,Completed,82b41fa2-0b44-4781-83d3-84f0dbc6bf67
TXN_4158,USR_256,2023-04-27,705,Other Income,CREDIT,Completed,17b829c4-f5ac-41cc-a4be-3da9b5ea8596
TXN_4159,USR_256,2023-05-02,906,Food,DEBIT,Completed,17b829c4-f5ac-41cc-a4be-3da9b5ea8596
TXN_4160,USR_256,2023-04-21,1321,Transport,DEBIT,Completed,17b829c4-f5ac-41cc-a4be-3da9b5ea8596
TXN_4161,USR_256,2023-05-01,1570,Other Income,CREDIT,Completed,17b829c4-f5ac-41cc-a4be-3da9b5ea8596
TXN_4162,USR_256,2023-04-20,2158,Utility Bill,DEBIT,Completed,17b829c4-f5ac-41cc-a4be-3da9b5ea8596
TXN_4163,USR_256,2023-04-16,1260,Utility Bill,DEBIT,Completed,17b829c4-f5ac-41cc-a4be-3da9b5ea8596
TXN_4164,USR_256,2023-06-27,2197,Utility Bill,DEBIT,Completed,17b829c4-f5ac-41cc-a4be-3da9b5ea8596
TXN_4165,USR_256,2023-04-24,1441,Other Income,CREDIT,Completed,17b829c4-f5ac-41cc-a4be-3da9b5ea8596
TXN_4166,USR_256,2023-05-05,2229,Utility Bill,DEBIT,Completed,17b829c4-f5ac-41cc-a4be-3da9b5ea8596
TXN_4167,USR_256,2023-05-02,215,Shopping,DEBIT,Completed,17b829c4-f5ac-41cc-a4be-3da9b5ea8596
TXN_4168,USR_256,2023-06-27,3279,Savings,DEBIT,Completed,17b829c4-f5ac-41cc-a4be-3da9b5ea8596
TXN_4169,USR_256,2023-04-29,1365,Transport,DEBIT,Completed,17b829c4-f5ac-41cc-a4be-3da9b5ea8596
TXN_4170,USR_256,2023-04-30,7028,Rent,DEBIT,Completed,17b829c4-f5ac-41cc-a4be-3da9b5ea8596
TXN_4171,USR_256,2023-06-07,4063,Other Income,CREDIT,Completed,17b829c4-f5ac-41cc-a4be-3da9b5ea8596
TXN_4172,USR_256,2023-04-18,2752,Food,DEBIT,Completed,17b829c4-f5ac-41cc-a4be-3da9b5ea8596
TXN_4173,USR_257,2023-06-01,632,Food,DEBIT,Completed,e673268d-f916-4d60-811d-50eedc16591e
TXN_4174,USR_257,2023-04-13,4063,Other Income,CREDIT,Completed,e673268d-f916-4d60-811d-50eedc16591e
TXN_4175,USR_257,2023-04-05,3632,Savings,DEBIT,Completed,e673268d-f916-4d60-811d-50eedc16591e
TXN_4176,USR_257,2023-06-05,1448,Shopping,DEBIT,Completed,e673268d-f916-4d60-811d-50eedc16591e
TXN_4177,USR_257,2023-06-29,2379,Savings,DEBIT,Completed,e673268d-f916-4d60-811d-50eedc16591e
TXN_4178,USR_257,2023-05-15,2796,Food,DEBIT,Completed,e673268d-f916-4d60-811d-50eedc16591e
TXN_4179,USR_257,2023-04-12,2802,Other Income,CREDIT,Completed,e673268d-f916-4d60-811d-50eedc16591e
TXN_4180,USR_257,2023-05-12,2791,Transport,DEBIT,Completed,e673268d-f916-4d60-811d-50eedc16591e
TXN_4181,USR_257,2023-05-11,1449,Food,DEBIT,Completed,e673268d-f916-4d60-811d-50eedc16591e
TXN_4182,USR_257,2023-06-24,4939,Savings,DEBIT,Completed,e673268d-f916-4d60-811d-50eedc16591e
TXN_4183,USR_257,2023-04-28,2550,Savings,DEBIT,Completed,e673268d-f916-4d60-811d-50eedc16591e
TXN_4184,USR_257,2023-06-05,868,Utility Bill,DEBIT,Completed,e673268d-f916-4d60-811d-50eedc16591e
TXN_4185,USR_257,2023-04-08,2481,Food,DEBIT,Completed,e673268d-f916-4d60-811d-50eedc16591e
TXN_4186,USR_257,2023-06-15,9135,Rent,DEBIT,Completed,e673268d-f916-4d60-811d-50eedc16591e
TXN_4187,USR_258,2023-06-11,7289,Rent,DEBIT,Completed,30400d4e-b4a9-4a85-987f-8435357e29f0
TXN_4188,USR_258,2023-05-26,1674,Utility Bill,DEBIT,Late,30400d4e-b4a9-4a85-987f-8435357e29f0
TXN_4189,USR_258,2023-06-24,522,Food,DEBIT,Completed,30400d4e-b4a9-4a85-987f-8435357e29f0
TXN_4190,USR_258,2023-05-16,2496,Other Income,CREDIT,Completed,30400d4e-b4a9-4a85-987f-8435357e29f0
TXN_4191,USR_258,2023-06-20,2267,Transport,DEBIT,Completed,30400d4e-b4a9-4a85-987f-8435357e29f0
TXN_4192,USR_258,2023-06-10,352,Shopping,DEBIT,Completed,30400d4e-b4a9-4a85-987f-8435357e29f0
TXN_4193,USR_258,2023-04-06,3763,Other Income,CREDIT,Completed,30400d4e-b4a9-4a85-987f-8435357e29f0
TXN_4194,USR_258,2023-06-10,878,Utility Bill,DEBIT,Late,30400d4e-b4a9-4a85-987f-8435357e29f0
TXN_4195,USR_258,2023-06-27,4154,Savings,DEBIT,Completed,30400d4e-b4a9-4a85-987f-8435357e29f0
TXN_4196,USR_258,2023-05-24,374,Food,DEBIT,Completed,30400d4e-b4a9-4a85-987f-8435357e29f0
TXN_4197,USR_259,2023-06-20,10828,Rent,DEBIT,Completed,82c98232-c6e9-43b5-afa9-f73cd8623210
TXN_4198,USR_259,2023-06-30,3892,Other Income,CREDIT,Completed,82c98232-c6e9-43b5-afa9-f73cd8623210
TXN_4199,USR_259,2023-06-28,1076,Utility Bill,DEBIT,Completed,82c98232-c6e9-43b5-afa9-f73cd8623210
TXN_4200,USR_259,2023-06-22,2554,Food,DEBIT,Completed,82c98232-c6e9-43b5-afa9-f73cd8623210
TXN_4201,USR_259,2023-04-04,3871,Savings,DEBIT,Completed,82c98232-c6e9-43b5-afa9-f73cd8623210
TXN_4202,USR_259,2023-05-11,4397,Savings,DEBIT,Completed,82c98232-c6e9-43b5-afa9-f73cd8623210
TXN_4203,USR_259,2023-04-16,2418,Transport,DEBIT,Completed,82c98232-c6e9-43b5-afa9-f73cd8623210
TXN_4204,USR_259,2023-04-18,9576,Rent,DEBIT,Completed,82c98232-c6e9-43b5-afa9-f73cd8623210
TXN_4205,USR_259,2023-06-19,1182,Utility Bill,DEBIT,Completed,82c98232-c6e9-43b5-afa9-f73cd8623210
TXN_4206,USR_259,2023-05-29,403,Transport,DEBIT,Completed,82c98232-c6e9-43b5-afa9-f73cd8623210
TXN_4207,USR_259,2023-06-11,2237,Transport,DEBIT,Completed,82c98232-c6e9-43b5-afa9-f73cd8623210
TXN_4208,USR_259,2023-06-01,3648,Other Income,CREDIT,Completed,82c98232-c6e9-43b5-afa9-f73cd8623210
TXN_4209,USR_259,2023-05-19,11470,Rent,DEBIT,Completed,82c98232-c6e9-43b5-afa9-f73cd8623210
TXN_4210,USR_259,2023-05-30,9998,Rent,DEBIT,Completed,82c98232-c6e9-43b5-afa9-f73cd8623210
TXN_4211,USR_259,2023-06-21,2475,Savings,DEBIT,Completed,82c98232-c6e9-43b5-afa9-f73cd8623210
TXN_4212,USR_260,2023-05-21,1751,Utility Bill,DEBIT,Completed,866214b8-88b4-4576-9d53-5a808f1adea3
TXN_4213,USR_260,2023-06-22,2601,Food,DEBIT,Completed,866214b8-88b4-4576-9d53-5a808f1adea3
TXN_4214,USR_260,2023-05-02,2677,Savings,DEBIT,Completed,866214b8-88b4-4576-9d53-5a808f1adea3
TXN_4215,USR_260,2023-05-27,2056,Utility Bill,DEBIT,Completed,866214b8-88b4-4576-9d53-5a808f1adea3
TXN_4216,USR_260,2023-06-04,926,Food,DEBIT,Completed,866214b8-88b4-4576-9d53-5a808f1adea3
TXN_4217,USR_260,2023-06-28,1642,Utility Bill,DEBIT,Completed,866214b8-88b4-4576-9d53-5a808f1adea3
TXN_4218,USR_260,2023-04-24,1321,Savings,DEBIT,Completed,866214b8-88b4-4576-9d53-5a808f1adea3
TXN_4219,USR_260,2023-05-10,2707,Shopping,DEBIT,Completed,866214b8-88b4-4576-9d53-5a808f1adea3
TXN_4220,USR_260,2023-04-22,594,Utility Bill,DEBIT,Completed,866214b8-88b4-4576-9d53-5a808f1adea3
TXN_4221,USR_260,2023-05-21,1339,Savings,DEBIT,Completed,866214b8-88b4-4576-9d53-5a808f1adea3
TXN_4222,USR_260,2023-06-06,512,Other Income,CREDIT,Completed,866214b8-88b4-4576-9d53-5a808f1adea3
TXN_4223,USR_261,2023-05-09,1026,Shopping,DEBIT,Completed,29396b77-12bd-40b0-a427-1f3eb5f90493
TXN_4224,USR_261,2023-04-29,2258,Other Income,CREDIT,Completed,29396b77-12bd-40b0-a427-1f3eb5f90493
TXN_4225,USR_261,2023-05-17,337,Food,DEBIT,Completed,29396b77-12bd-40b0-a427-1f3eb5f90493
TXN_4226,USR_261,2023-06-02,1464,Food,DEBIT,Completed,29396b77-12bd-40b0-a427-1f3eb5f90493
TXN_4227,USR_261,2023-04-30,1172,Utility Bill,DEBIT,Completed,29396b77-12bd-40b0-a427-1f3eb5f90493
TXN_4228,USR_261,2023-04-21,7016,Rent,DEBIT,Completed,29396b77-12bd-40b0-a427-1f3eb5f90493
TXN_4229,USR_261,2023-06-09,3911,Other Income,CREDIT,Completed,29396b77-12bd-40b0-a427-1f3eb5f90493
TXN_4230,USR_261,2023-06-21,1470,Utility Bill,DEBIT,Completed,29396b77-12bd-40b0-a427-1f3eb5f90493
TXN_4231,USR_261,2023-04-09,5481,Rent,DEBIT,Completed,29396b77-12bd-40b0-a427-1f3eb5f90493
TXN_4232,USR_261,2023-06-20,403,Transport,DEBIT,Completed,29396b77-12bd-40b0-a427-1f3eb5f90493
TXN_4233,USR_261,2023-04-06,39721,Salary,CREDIT,Completed,29396b77-12bd-40b0-a427-1f3eb5f90493
TXN_4234,USR_261,2023-04-24,1650,Utility Bill,DEBIT,Completed,29396b77-12bd-40b0-a427-1f3eb5f90493
TXN_4235,USR_261,2023-06-08,3312,Other Income,CREDIT,Completed,29396b77-12bd-40b0-a427-1f3eb5f90493
TXN_4236,USR_262,2023-05-01,2490,Other Income,CREDIT,Completed,a0fb4f15-018a-4693-b10a-ae45888d22fe
TXN_4237,USR_262,2023-05-27,2148,Other Income,CREDIT,Completed,a0fb4f15-018a-4693-b10a-ae45888d22fe
TXN_4238,USR_262,2023-05-17,2200,Food,DEBIT,Completed,a0fb4f15-018a-4693-b10a-ae45888d22fe
TXN_4239,USR_262,2023-05-30,2151,Food,DEBIT,Completed,a0fb4f15-018a-4693-b10a-ae45888d22fe
TXN_4240,USR_262,2023-04-25,11854,Rent,DEBIT,Completed,a0fb4f15-018a-4693-b10a-ae45888d22fe
TXN_4241,USR_262,2023-04-13,2542,Transport,DEBIT,Completed,a0fb4f15-018a-4693-b10a-ae45888d22fe
TXN_4242,USR_262,2023-06-02,9497,Rent,DEBIT,Completed,a0fb4f15-018a-4693-b10a-ae45888d22fe
TXN_4243,USR_262,2023-06-30,4677,Other Income,CREDIT,Completed,a0fb4f15-018a-4693-b10a-ae45888d22fe
TXN_4244,USR_262,2023-05-22,6501,Rent,DEBIT,Completed,a0fb4f15-018a-4693-b10a-ae45888d22fe
TXN_4245,USR_262,2023-06-05,6833,Rent,DEBIT,Completed,a0fb4f15-018a-4693-b10a-ae45888d22fe
TXN_4246,USR_262,2023-05-31,518,Utility Bill,DEBIT,Completed,a0fb4f15-018a-4693-b10a-ae45888d22fe
TXN_4247,USR_262,2023-05-29,2850,Shopping,DEBIT,Completed,a0fb4f15-018a-4693-b10a-ae45888d22fe
TXN_4248,USR_262,2023-05-29,6889,Rent,DEBIT,Completed,a0fb4f15-018a-4693-b10a-ae45888d22fe
TXN_4249,USR_262,2023-06-01,1567,Other Income,CREDIT,Completed,a0fb4f15-018a-4693-b10a-ae45888d22fe
TXN_4250,USR_263,2023-05-22,1301,Shopping,DEBIT,Completed,4213e421-8d01-471c-b567-46936d1d6319
TXN_4251,USR_263,2023-04-15,10930,Rent,DEBIT,Completed,4213e421-8d01-471c-b567-46936d1d6319
TXN_4252,USR_263,2023-06-02,2184,Transport,DEBIT,Completed,4213e421-8d01-471c-b567-46936d1d6319
TXN_4253,USR_263,2023-06-17,3595,Other Income,CREDIT,Completed,4213e421-8d01-471c-b567-46936d1d6319
TXN_4254,USR_263,2023-05-03,11896,Rent,DEBIT,Completed,4213e421-8d01-471c-b567-46936d1d6319
TXN_4255,USR_263,2023-05-06,6166,Rent,DEBIT,Completed,4213e421-8d01-471c-b567-46936d1d6319
TXN_4256,USR_263,2023-05-12,4950,Other Income,CREDIT,Completed,4213e421-8d01-471c-b567-46936d1d6319
TXN_4257,USR_263,2023-04-30,1223,Utility Bill,DEBIT,Completed,4213e421-8d01-471c-b567-46936d1d6319
TXN_4258,USR_263,2023-06-20,1711,Other Income,CREDIT,Completed,4213e421-8d01-471c-b567-46936d1d6319
TXN_4259,USR_263,2023-04-17,2142,Shopping,DEBIT,Completed,4213e421-8d01-471c-b567-46936d1d6319
TXN_4260,USR_263,2023-04-04,197,Food,DEBIT,Completed,4213e421-8d01-471c-b567-46936d1d6319
TXN_4261,USR_263,2023-05-09,7954,Rent,DEBIT,Completed,4213e421-8d01-471c-b567-46936d1d6319
TXN_4262,USR_264,2023-05-30,966,Transport,DEBIT,Completed,9b82fc0b-236b-4324-8689-edc56b458316
TXN_4263,USR_264,2023-04-24,301,Transport,DEBIT,Completed,9b82fc0b-236b-4324-8689-edc56b458316
TXN_4264,USR_264,2023-04-08,1896,Utility Bill,DEBIT,Completed,9b82fc0b-236b-4324-8689-edc56b458316
TXN_4265,USR_264,2023-04-14,8789,Rent,DEBIT,Completed,9b82fc0b-236b-4324-8689-edc56b458316
TXN_4266,USR_264,2023-05-24,2239,Utility Bill,DEBIT,Completed,9b82fc0b-236b-4324-8689-edc56b458316
TXN_4267,USR_264,2023-04-10,1696,Utility Bill,DEBIT,Completed,9b82fc0b-236b-4324-8689-edc56b458316
TXN_4268,USR_264,2023-06-30,4576,Other Income,CREDIT,Completed,9b82fc0b-236b-4324-8689-edc56b458316
TXN_4269,USR_264,2023-06-09,5846,Rent,DEBIT,Completed,9b82fc0b-236b-4324-8689-edc56b458316
TXN_4270,USR_264,2023-06-11,2722,Food,DEBIT,Completed,9b82fc0b-236b-4324-8689-edc56b458316
TXN_4271,USR_264,2023-06-06,150,Transport,DEBIT,Completed,9b82fc0b-236b-4324-8689-edc56b458316
TXN_4272,USR_264,2023-04-13,2927,Savings,DEBIT,Completed,9b82fc0b-236b-4324-8689-edc56b458316
TXN_4273,USR_264,2023-04-02,1515,Shopping,DEBIT,Completed,9b82fc0b-236b-4324-8689-edc56b458316
TXN_4274,USR_264,2023-06-08,1751,Other Income,CREDIT,Completed,9b82fc0b-236b-4324-8689-edc56b458316
TXN_4275,USR_264,2023-06-02,9917,Rent,DEBIT,Completed,9b82fc0b-236b-4324-8689-edc56b458316
TXN_4276,USR_265,2023-04-10,28352,Salary,CREDIT,Completed,ffb48ac4-158f-4023-9081-11d650df88f5
TXN_4277,USR_265,2023-05-12,4498,Savings,DEBIT,Completed,ffb48ac4-158f-4023-9081-11d650df88f5
TXN_4278,USR_265,2023-06-12,1990,Food,DEBIT,Completed,ffb48ac4-158f-4023-9081-11d650df88f5
TXN_4279,USR_265,2023-06-27,1620,Transport,DEBIT,Completed,ffb48ac4-158f-4023-9081-11d650df88f5
TXN_4280,USR_265,2023-05-24,2350,Shopping,DEBIT,Completed,ffb48ac4-158f-4023-9081-11d650df88f5
TXN_4281,USR_265,2023-05-03,816,Shopping,DEBIT,Completed,ffb48ac4-158f-4023-9081-11d650df88f5
TXN_4282,USR_265,2023-05-06,2243,Shopping,DEBIT,Completed,ffb48ac4-158f-4023-9081-11d650df88f5
TXN_4283,USR_265,2023-05-09,245,Shopping,DEBIT,Completed,ffb48ac4-158f-4023-9081-11d650df88f5
TXN_4284,USR_265,2023-04-12,2829,Food,DEBIT,Completed,ffb48ac4-158f-4023-9081-11d650df88f5
TXN_4285,USR_265,2023-06-23,2361,Shopping,DEBIT,Completed,ffb48ac4-158f-4023-9081-11d650df88f5
TXN_4286,USR_266,2023-04-12,1085,Utility Bill,DEBIT,Completed,b310cfd8-74f8-4b04-b43a-748dff8a90a0
TXN_4287,USR_266,2023-06-27,20291,Salary,CREDIT,Completed,b310cfd8-74f8-4b04-b43a-748dff8a90a0
TXN_4288,USR_266,2023-04-08,2852,Food,DEBIT,Completed,b310cfd8-74f8-4b04-b43a-748dff8a90a0
TXN_4289,USR_266,2023-05-16,5676,Rent,DEBIT,Completed,b310cfd8-74f8-4b04-b43a-748dff8a90a0
TXN_4290,USR_266,2023-04-19,1920,Other Income,CREDIT,Completed,b310cfd8-74f8-4b04-b43a-748dff8a90a0
TXN_4291,USR_266,2023-05-22,221,Shopping,DEBIT,Completed,b310cfd8-74f8-4b04-b43a-748dff8a90a0
TXN_4292,USR_266,2023-04-19,1542,Food,DEBIT,Completed,b310cfd8-74f8-4b04-b43a-748dff8a90a0
TXN_4293,USR_266,2023-06-04,2272,Utility Bill,DEBIT,Late,b310cfd8-74f8-4b04-b43a-748dff8a90a0
TXN_4294,USR_266,2023-04-01,2512,Other Income,CREDIT,Completed,b310cfd8-74f8-4b04-b43a-748dff8a90a0
TXN_4295,USR_266,2023-06-18,1973,Utility Bill,DEBIT,Late,b310cfd8-74f8-4b04-b43a-748dff8a90a0
TXN_4296,USR_266,2023-05-20,1811,Transport,DEBIT,Completed,b310cfd8-74f8-4b04-b43a-748dff8a90a0
TXN_4297,USR_266,2023-04-08,5942,Rent,DEBIT,Completed,b310cfd8-74f8-4b04-b43a-748dff8a90a0
TXN_4298,USR_266,2023-05-02,2357,Food,DEBIT,Completed,b310cfd8-74f8-4b04-b43a-748dff8a90a0
TXN_4299,USR_267,2023-05-18,2138,Savings,DEBIT,Completed,3e1dc08a-d8be-4142-9973-9932347c4747
TXN_4300,USR_267,2023-06-09,132,Shopping,DEBIT,Completed,3e1dc08a-d8be-4142-9973-9932347c4747
TXN_4301,USR_267,2023-04-15,1022,Shopping,DEBIT,Completed,3e1dc08a-d8be-4142-9973-9932347c4747
TXN_4302,USR_267,2023-06-02,3822,Other Income,CREDIT,Completed,3e1dc08a-d8be-4142-9973-9932347c4747
TXN_4303,USR_267,2023-04-18,4180,Other Income,CREDIT,Completed,3e1dc08a-d8be-4142-9973-9932347c4747
TXN_4304,USR_267,2023-06-24,3469,Other Income,CREDIT,Completed,3e1dc08a-d8be-4142-9973-9932347c4747
TXN_4305,USR_267,2023-06-01,716,Utility Bill,DEBIT,Completed,3e1dc08a-d8be-4142-9973-9932347c4747
TXN_4306,USR_267,2023-04-27,2303,Utility Bill,DEBIT,Completed,3e1dc08a-d8be-4142-9973-9932347c4747
TXN_4307,USR_267,2023-06-29,797,Utility Bill,DEBIT,Completed,3e1dc08a-d8be-4142-9973-9932347c4747
TXN_4308,USR_267,2023-06-20,4962,Other Income,CREDIT,Completed,3e1dc08a-d8be-4142-9973-9932347c4747
TXN_4309,USR_267,2023-05-03,8422,Salary,CREDIT,Completed,3e1dc08a-d8be-4142-9973-9932347c4747
TXN_4310,USR_267,2023-04-27,4968,Savings,DEBIT,Completed,3e1dc08a-d8be-4142-9973-9932347c4747
TXN_4311,USR_267,2023-06-30,1515,Savings,DEBIT,Completed,3e1dc08a-d8be-4142-9973-9932347c4747
TXN_4312,USR_267,2023-04-18,2167,Food,DEBIT,Completed,3e1dc08a-d8be-4142-9973-9932347c4747
TXN_4313,USR_268,2023-04-27,661,Shopping,DEBIT,Completed,2093be7a-8917-442d-93e7-e89579d1fcf6
TXN_4314,USR_268,2023-06-29,1287,Savings,DEBIT,Completed,2093be7a-8917-442d-93e7-e89579d1fcf6
TXN_4315,USR_268,2023-06-21,4558,Savings,DEBIT,Completed,2093be7a-8917-442d-93e7-e89579d1fcf6
TXN_4316,USR_268,2023-06-26,2744,Food,DEBIT,Completed,2093be7a-8917-442d-93e7-e89579d1fcf6
TXN_4317,USR_268,2023-06-09,1217,Food,DEBIT,Completed,2093be7a-8917-442d-93e7-e89579d1fcf6
TXN_4318,USR_268,2023-06-27,2032,Other Income,CREDIT,Completed,2093be7a-8917-442d-93e7-e89579d1fcf6
TXN_4319,USR_268,2023-05-26,1827,Other Income,CREDIT,Completed,2093be7a-8917-442d-93e7-e89579d1fcf6
TXN_4320,USR_268,2023-05-27,622,Shopping,DEBIT,Completed,2093be7a-8917-442d-93e7-e89579d1fcf6
TXN_4321,USR_268,2023-05-12,1566,Other Income,CREDIT,Completed,2093be7a-8917-442d-93e7-e89579d1fcf6
TXN_4322,USR_268,2023-05-08,2464,Transport,DEBIT,Completed,2093be7a-8917-442d-93e7-e89579d1fcf6
TXN_4323,USR_269,2023-04-11,1813,Food,DEBIT,Completed,1a185ce9-b708-4d1f-921e-9a5891e08d95
TXN_4324,USR_269,2023-06-28,3953,Savings,DEBIT,Completed,1a185ce9-b708-4d1f-921e-9a5891e08d95
TXN_4325,USR_269,2023-04-08,1439,Transport,DEBIT,Completed,1a185ce9-b708-4d1f-921e-9a5891e08d95
TXN_4326,USR_269,2023-04-07,2454,Food,DEBIT,Completed,1a185ce9-b708-4d1f-921e-9a5891e08d95
TXN_4327,USR_269,2023-04-13,25949,Salary,CREDIT,Completed,1a185ce9-b708-4d1f-921e-9a5891e08d95
TXN_4328,USR_269,2023-04-19,1771,Other Income,CREDIT,Completed,1a185ce9-b708-4d1f-921e-9a5891e08d95
TXN_4329,USR_269,2023-05-25,3420,Other Income,CREDIT,Completed,1a185ce9-b708-4d1f-921e-9a5891e08d95
TXN_4330,USR_269,2023-06-08,5698,Rent,DEBIT,Completed,1a185ce9-b708-4d1f-921e-9a5891e08d95
TXN_4331,USR_269,2023-04-26,1230,Food,DEBIT,Completed,1a185ce9-b708-4d1f-921e-9a5891e08d95
TXN_4332,USR_269,2023-04-19,4712,Other Income,CREDIT,Completed,1a185ce9-b708-4d1f-921e-9a5891e08d95
TXN_4333,USR_269,2023-05-17,1356,Utility Bill,DEBIT,Completed,1a185ce9-b708-4d1f-921e-9a5891e08d95
TXN_4334,USR_269,2023-04-19,2605,Food,DEBIT,Completed,1a185ce9-b708-4d1f-921e-9a5891e08d95
TXN_4335,USR_269,2023-05-24,1216,Other Income,CREDIT,Completed,1a185ce9-b708-4d1f-921e-9a5891e08d95
TXN_4336,USR_269,2023-05-24,2119,Other Income,CREDIT,Completed,1a185ce9-b708-4d1f-921e-9a5891e08d95
TXN_4337,USR_270,2023-06-02,2106,Utility Bill,DEBIT,Completed,84fc5a55-061d-4c01-8224-59d12affccbc
TXN_4338,USR_270,2023-06-08,1366,Savings,DEBIT,Completed,84fc5a55-061d-4c01-8224-59d12affccbc
TXN_4339,USR_270,2023-04-25,2608,Transport,DEBIT,Completed,84fc5a55-061d-4c01-8224-59d12affccbc
TXN_4340,USR_270,2023-05-27,1517,Savings,DEBIT,Completed,84fc5a55-061d-4c01-8224-59d12affccbc
TXN_4341,USR_270,2023-05-27,1331,Utility Bill,DEBIT,Completed,84fc5a55-061d-4c01-8224-59d12affccbc
TXN_4342,USR_270,2023-04-16,1269,Utility Bill,DEBIT,Late,84fc5a55-061d-4c01-8224-59d12affccbc
TXN_4343,USR_270,2023-04-06,11778,Rent,DEBIT,Completed,84fc5a55-061d-4c01-8224-59d12affccbc
TXN_4344,USR_270,2023-06-18,847,Food,DEBIT,Completed,84fc5a55-061d-4c01-8224-59d12affccbc
TXN_4345,USR_270,2023-04-26,1812,Utility Bill,DEBIT,Late,84fc5a55-061d-4c01-8224-59d12affccbc
TXN_4346,USR_270,2023-04-01,10277,Rent,DEBIT,Completed,84fc5a55-061d-4c01-8224-59d12affccbc
TXN_4347,USR_270,2023-05-13,3490,Other Income,CREDIT,Completed,84fc5a55-061d-4c01-8224-59d12affccbc
TXN_4348,USR_270,2023-04-05,2843,Shopping,DEBIT,Completed,84fc5a55-061d-4c01-8224-59d12affccbc
TXN_4349,USR_270,2023-06-03,2726,Transport,DEBIT,Completed,84fc5a55-061d-4c01-8224-59d12affccbc
TXN_4350,USR_271,2023-04-07,957,Other Income,CREDIT,Completed,10d846de-1d27-42ef-846c-ff466208833d
TXN_4351,USR_271,2023-04-20,1872,Other Income,CREDIT,Completed,10d846de-1d27-42ef-846c-ff466208833d
TXN_4352,USR_271,2023-06-10,4731,Other Income,CREDIT,Completed,10d846de-1d27-42ef-846c-ff466208833d
TXN_4353,USR_271,2023-04-09,2848,Food,DEBIT,Completed,10d846de-1d27-42ef-846c-ff466208833d
TXN_4354,USR_271,2023-06-28,4363,Other Income,CREDIT,Completed,10d846de-1d27-42ef-846c-ff466208833d
TXN_4355,USR_271,2023-06-19,759,Shopping,DEBIT,Completed,10d846de-1d27-42ef-846c-ff466208833d
TXN_4356,USR_271,2023-06-04,3774,Other Income,CREDIT,Completed,10d846de-1d27-42ef-846c-ff466208833d
TXN_4357,USR_271,2023-04-04,6235,Rent,DEBIT,Completed,10d846de-1d27-42ef-846c-ff466208833d
TXN_4358,USR_271,2023-06-26,11906,Rent,DEBIT,Completed,10d846de-1d27-42ef-846c-ff466208833d
TXN_4359,USR_271,2023-06-27,1720,Utility Bill,DEBIT,Completed,10d846de-1d27-42ef-846c-ff466208833d
TXN_4360,USR_271,2023-05-01,686,Utility Bill,DEBIT,Completed,10d846de-1d27-42ef-846c-ff466208833d
TXN_4361,USR_272,2023-05-31,4470,Other Income,CREDIT,Completed,68fa543e-63b0-40d2-a726-de87d0d98b5c
TXN_4362,USR_272,2023-06-09,9172,Rent,DEBIT,Completed,68fa543e-63b0-40d2-a726-de87d0d98b5c
TXN_4363,USR_272,2023-06-23,2415,Other Income,CREDIT,Completed,68fa543e-63b0-40d2-a726-de87d0d98b5c
TXN_4364,USR_272,2023-05-26,2122,Utility Bill,DEBIT,Completed,68fa543e-63b0-40d2-a726-de87d0d98b5c
TXN_4365,USR_272,2023-04-02,1849,Utility Bill,DEBIT,Completed,68fa543e-63b0-40d2-a726-de87d0d98b5c
TXN_4366,USR_272,2023-06-14,2898,Shopping,DEBIT,Completed,68fa543e-63b0-40d2-a726-de87d0d98b5c
TXN_4367,USR_272,2023-05-20,3989,Savings,DEBIT,Completed,68fa543e-63b0-40d2-a726-de87d0d98b5c
TXN_4368,USR_272,2023-05-27,7129,Rent,DEBIT,Completed,68fa543e-63b0-40d2-a726-de87d0d98b5c
TXN_4369,USR_272,2023-04-17,113,Food,DEBIT,Completed,68fa543e-63b0-40d2-a726-de87d0d98b5c
TXN_4370,USR_272,2023-05-04,8134,Rent,DEBIT,Completed,68fa543e-63b0-40d2-a726-de87d0d98b5c
TXN_4371,USR_272,2023-06-11,731,Food,DEBIT,Completed,68fa543e-63b0-40d2-a726-de87d0d98b5c
TXN_4372,USR_272,2023-06-13,812,Utility Bill,DEBIT,Completed,68fa543e-63b0-40d2-a726-de87d0d98b5c
TXN_4373,USR_272,2023-06-19,2143,Shopping,DEBIT,Completed,68fa543e-63b0-40d2-a726-de87d0d98b5c
TXN_4374,USR_272,2023-06-26,11694,Rent,DEBIT,Completed,68fa543e-63b0-40d2-a726-de87d0d98b5c
TXN_4375,USR_273,2023-04-29,8825,Rent,DEBIT,Completed,dbff27ac-67b4-48ea-8b64-3c6604544a0e
TXN_4376,USR_273,2023-06-30,231,Food,DEBIT,Completed,dbff27ac-67b4-48ea-8b64-3c6604544a0e
TXN_4377,USR_273,2023-04-12,11304,Rent,DEBIT,Completed,dbff27ac-67b4-48ea-8b64-3c6604544a0e
TXN_4378,USR_273,2023-06-10,2993,Shopping,DEBIT,Completed,dbff27ac-67b4-48ea-8b64-3c6604544a0e
TXN_4379,USR_273,2023-06-26,757,Transport,DEBIT,Completed,dbff27ac-67b4-48ea-8b64-3c6604544a0e
TXN_4380,USR_273,2023-04-26,2516,Transport,DEBIT,Completed,dbff27ac-67b4-48ea-8b64-3c6604544a0e
TXN_4381,USR_273,2023-04-08,2203,Savings,DEBIT,Completed,dbff27ac-67b4-48ea-8b64-3c6604544a0e
TXN_4382,USR_273,2023-05-24,10085,Rent,DEBIT,Completed,dbff27ac-67b4-48ea-8b64-3c6604544a0e
TXN_4383,USR_273,2023-05-09,953,Food,DEBIT,Completed,dbff27ac-67b4-48ea-8b64-3c6604544a0e
TXN_4384,USR_273,2023-04-26,1570,Utility Bill,DEBIT,Completed,dbff27ac-67b4-48ea-8b64-3c6604544a0e
TXN_4385,USR_273,2023-05-12,1287,Food,DEBIT,Completed,dbff27ac-67b4-48ea-8b64-3c6604544a0e
TXN_4386,USR_274,2023-06-30,1929,Transport,DEBIT,Completed,9f15743c-e84a-47ec-b4ee-dd69eadd6cda
TXN_4387,USR_274,2023-04-09,460,Transport,DEBIT,Completed,9f15743c-e84a-47ec-b4ee-dd69eadd6cda
TXN_4388,USR_274,2023-06-06,2471,Other Income,CREDIT,Completed,9f15743c-e84a-47ec-b4ee-dd69eadd6cda
TXN_4389,USR_274,2023-06-21,2925,Other Income,CREDIT,Completed,9f15743c-e84a-47ec-b4ee-dd69eadd6cda
TXN_4390,USR_274,2023-05-05,277,Shopping,DEBIT,Completed,9f15743c-e84a-47ec-b4ee-dd69eadd6cda
TXN_4391,USR_274,2023-05-09,2893,Food,DEBIT,Completed,9f15743c-e84a-47ec-b4ee-dd69eadd6cda
TXN_4392,USR_274,2023-04-26,1313,Other Income,CREDIT,Completed,9f15743c-e84a-47ec-b4ee-dd69eadd6cda
TXN_4393,USR_274,2023-06-06,901,Transport,DEBIT,Completed,9f15743c-e84a-47ec-b4ee-dd69eadd6cda
TXN_4394,USR_274,2023-05-05,839,Transport,DEBIT,Completed,9f15743c-e84a-47ec-b4ee-dd69eadd6cda
TXN_4395,USR_274,2023-04-13,1360,Savings,DEBIT,Completed,9f15743c-e84a-47ec-b4ee-dd69eadd6cda
TXN_4396,USR_274,2023-06-03,1733,Transport,DEBIT,Completed,9f15743c-e84a-47ec-b4ee-dd69eadd6cda
TXN_4397,USR_274,2023-04-28,1021,Food,DEBIT,Completed,9f15743c-e84a-47ec-b4ee-dd69eadd6cda
TXN_4398,USR_274,2023-04-29,598,Shopping,DEBIT,Completed,9f15743c-e84a-47ec-b4ee-dd69eadd6cda
TXN_4399,USR_275,2023-04-09,10374,Rent,DEBIT,Completed,d8b30ffa-a27e-490b-9b1a-44e92c44bc8b
TXN_4400,USR_275,2023-04-19,11583,Rent,DEBIT,Completed,d8b30ffa-a27e-490b-9b1a-44e92c44bc8b
TXN_4401,USR_275,2023-04-24,4513,Savings,DEBIT,Completed,d8b30ffa-a27e-490b-9b1a-44e92c44bc8b
TXN_4402,USR_275,2023-05-07,3096,Other Income,CREDIT,Completed,d8b30ffa-a27e-490b-9b1a-44e92c44bc8b
TXN_4403,USR_275,2023-04-28,2133,Shopping,DEBIT,Completed,d8b30ffa-a27e-490b-9b1a-44e92c44bc8b
TXN_4404,USR_275,2023-05-17,2052,Shopping,DEBIT,Completed,d8b30ffa-a27e-490b-9b1a-44e92c44bc8b
TXN_4405,USR_275,2023-06-22,2462,Utility Bill,DEBIT,Completed,d8b30ffa-a27e-490b-9b1a-44e92c44bc8b
TXN_4406,USR_275,2023-04-05,2038,Transport,DEBIT,Completed,d8b30ffa-a27e-490b-9b1a-44e92c44bc8b
TXN_4407,USR_275,2023-04-01,1594,Transport,DEBIT,Completed,d8b30ffa-a27e-490b-9b1a-44e92c44bc8b
TXN_4408,USR_275,2023-06-11,2033,Other Income,CREDIT,Completed,d8b30ffa-a27e-490b-9b1a-44e92c44bc8b
TXN_4409,USR_275,2023-06-27,1117,Transport,DEBIT,Completed,d8b30ffa-a27e-490b-9b1a-44e92c44bc8b
TXN_4410,USR_276,2023-04-07,1467,Utility Bill,DEBIT,Completed,dce33928-8e6a-429d-b3ae-1eca6b838cc0
TXN_4411,USR_276,2023-06-09,3007,Savings,DEBIT,Completed,dce33928-8e6a-429d-b3ae-1eca6b838cc0
TXN_4412,USR_276,2023-05-14,2790,Shopping,DEBIT,Completed,dce33928-8e6a-429d-b3ae-1eca6b838cc0
TXN_4413,USR_276,2023-06-15,1739,Other Income,CREDIT,Completed,dce33928-8e6a-429d-b3ae-1eca6b838cc0
TXN_4414,USR_276,2023-06-20,2797,Transport,DEBIT,Completed,dce33928-8e6a-429d-b3ae-1eca6b838cc0
TXN_4415,USR_276,2023-06-29,2083,Food,DEBIT,Completed,dce33928-8e6a-429d-b3ae-1eca6b838cc0
TXN_4416,USR_276,2023-05-22,2988,Other Income,CREDIT,Completed,dce33928-8e6a-429d-b3ae-1eca6b838cc0
TXN_4417,USR_276,2023-04-30,2005,Food,DEBIT,Completed,dce33928-8e6a-429d-b3ae-1eca6b838cc0
TXN_4418,USR_276,2023-06-02,9140,Rent,DEBIT,Late,dce33928-8e6a-429d-b3ae-1eca6b838cc0
TXN_4419,USR_276,2023-06-01,3870,Savings,DEBIT,Completed,dce33928-8e6a-429d-b3ae-1eca6b838cc0
TXN_4420,USR_276,2023-05-03,596,Shopping,DEBIT,Completed,dce33928-8e6a-429d-b3ae-1eca6b838cc0
TXN_4421,USR_276,2023-04-16,2831,Shopping,DEBIT,Completed,dce33928-8e6a-429d-b3ae-1eca6b838cc0
TXN_4422,USR_276,2023-06-19,1457,Transport,DEBIT,Completed,dce33928-8e6a-429d-b3ae-1eca6b838cc0
TXN_4423,USR_277,2023-06-18,573,Transport,DEBIT,Completed,189d580c-85d4-44df-bb06-ebf0e29e56e6
TXN_4424,USR_277,2023-06-14,2094,Utility Bill,DEBIT,Completed,189d580c-85d4-44df-bb06-ebf0e29e56e6
TXN_4425,USR_277,2023-06-08,1367,Utility Bill,DEBIT,Completed,189d580c-85d4-44df-bb06-ebf0e29e56e6
TXN_4426,USR_277,2023-06-23,11870,Rent,DEBIT,Completed,189d580c-85d4-44df-bb06-ebf0e29e56e6
TXN_4427,USR_277,2023-04-25,2229,Transport,DEBIT,Completed,189d580c-85d4-44df-bb06-ebf0e29e56e6
TXN_4428,USR_277,2023-05-20,3593,Savings,DEBIT,Completed,189d580c-85d4-44df-bb06-ebf0e29e56e6
TXN_4429,USR_277,2023-06-10,2903,Transport,DEBIT,Completed,189d580c-85d4-44df-bb06-ebf0e29e56e6
TXN_4430,USR_277,2023-06-10,2219,Savings,DEBIT,Completed,189d580c-85d4-44df-bb06-ebf0e29e56e6
TXN_4431,USR_277,2023-04-07,1773,Utility Bill,DEBIT,Completed,189d580c-85d4-44df-bb06-ebf0e29e56e6
TXN_4432,USR_277,2023-06-06,152,Shopping,DEBIT,Completed,189d580c-85d4-44df-bb06-ebf0e29e56e6
TXN_4433,USR_277,2023-04-17,3255,Savings,DEBIT,Completed,189d580c-85d4-44df-bb06-ebf0e29e56e6
TXN_4434,USR_277,2023-04-09,730,Food,DEBIT,Completed,189d580c-85d4-44df-bb06-ebf0e29e56e6
TXN_4435,USR_278,2023-04-17,3354,Other Income,CREDIT,Completed,361c5453-c5a9-48c7-b009-481978ad3a1b
TXN_4436,USR_278,2023-04-04,5692,Rent,DEBIT,Completed,361c5453-c5a9-48c7-b009-481978ad3a1b
TXN_4437,USR_278,2023-04-02,2299,Savings,DEBIT,Completed,361c5453-c5a9-48c7-b009-481978ad3a1b
TXN_4438,USR_278,2023-05-15,314,Food,DEBIT,Completed,361c5453-c5a9-48c7-b009-481978ad3a1b
TXN_4439,USR_278,2023-06-11,5088,Rent,DEBIT,Completed,361c5453-c5a9-48c7-b009-481978ad3a1b
TXN_4440,USR_278,2023-05-14,1085,Savings,DEBIT,Completed,361c5453-c5a9-48c7-b009-481978ad3a1b
TXN_4441,USR_278,2023-04-04,1804,Savings,DEBIT,Completed,361c5453-c5a9-48c7-b009-481978ad3a1b
TXN_4442,USR_278,2023-05-23,10088,Rent,DEBIT,Completed,361c5453-c5a9-48c7-b009-481978ad3a1b
TXN_4443,USR_278,2023-05-27,1684,Food,DEBIT,Completed,361c5453-c5a9-48c7-b009-481978ad3a1b
TXN_4444,USR_278,2023-04-13,2016,Utility Bill,DEBIT,Completed,361c5453-c5a9-48c7-b009-481978ad3a1b
TXN_4445,USR_278,2023-05-13,1758,Shopping,DEBIT,Completed,361c5453-c5a9-48c7-b009-481978ad3a1b
TXN_4446,USR_278,2023-04-26,2827,Transport,DEBIT,Completed,361c5453-c5a9-48c7-b009-481978ad3a1b
TXN_4447,USR_279,2023-04-14,2869,Food,DEBIT,Completed,4855410d-614b-44f5-a73c-95797ca66674
TXN_4448,USR_279,2023-06-05,1459,Food,DEBIT,Completed,4855410d-614b-44f5-a73c-95797ca66674
TXN_4449,USR_279,2023-04-07,2443,Transport,DEBIT,Completed,4855410d-614b-44f5-a73c-95797ca66674
TXN_4450,USR_279,2023-06-24,721,Transport,DEBIT,Completed,4855410d-614b-44f5-a73c-95797ca66674
TXN_4451,USR_279,2023-06-14,5845,Rent,DEBIT,Completed,4855410d-614b-44f5-a73c-95797ca66674
TXN_4452,USR_279,2023-06-13,2632,Shopping,DEBIT,Completed,4855410d-614b-44f5-a73c-95797ca66674
TXN_4453,USR_279,2023-05-29,11433,Rent,DEBIT,Completed,4855410d-614b-44f5-a73c-95797ca66674
TXN_4454,USR_279,2023-05-28,1772,Other Income,CREDIT,Completed,4855410d-614b-44f5-a73c-95797ca66674
TXN_4455,USR_279,2023-05-16,274,Shopping,DEBIT,Completed,4855410d-614b-44f5-a73c-95797ca66674
TXN_4456,USR_279,2023-06-18,2666,Food,DEBIT,Completed,4855410d-614b-44f5-a73c-95797ca66674
TXN_4457,USR_280,2023-05-01,831,Food,DEBIT,Completed,115fb8a1-a18d-461a-94da-7f204dc56b71
TXN_4458,USR_280,2023-06-27,2312,Transport,DEBIT,Completed,115fb8a1-a18d-461a-94da-7f204dc56b71
TXN_4459,USR_280,2023-05-05,3995,Other Income,CREDIT,Completed,115fb8a1-a18d-461a-94da-7f204dc56b71
TXN_4460,USR_280,2023-06-28,9336,Rent,DEBIT,Completed,115fb8a1-a18d-461a-94da-7f204dc56b71
TXN_4461,USR_280,2023-04-24,479,Food,DEBIT,Completed,115fb8a1-a18d-461a-94da-7f204dc56b71
TXN_4462,USR_280,2023-06-25,9860,Rent,DEBIT,Completed,115fb8a1-a18d-461a-94da-7f204dc56b71
TXN_4463,USR_280,2023-06-02,384,Transport,DEBIT,Completed,115fb8a1-a18d-461a-94da-7f204dc56b71
TXN_4464,USR_280,2023-06-02,2048,Savings,DEBIT,Completed,115fb8a1-a18d-461a-94da-7f204dc56b71
TXN_4465,USR_280,2023-05-02,2332,Shopping,DEBIT,Completed,115fb8a1-a18d-461a-94da-7f204dc56b71
TXN_4466,USR_280,2023-05-01,50647,Salary,CREDIT,Completed,115fb8a1-a18d-461a-94da-7f204dc56b71
TXN_4467,USR_280,2023-06-28,1195,Utility Bill,DEBIT,Completed,115fb8a1-a18d-461a-94da-7f204dc56b71
TXN_4468,USR_280,2023-05-18,1628,Food,DEBIT,Completed,115fb8a1-a18d-461a-94da-7f204dc56b71
TXN_4469,USR_280,2023-04-14,1541,Shopping,DEBIT,Completed,115fb8a1-a18d-461a-94da-7f204dc56b71
TXN_4470,USR_280,2023-06-08,1906,Utility Bill,DEBIT,Completed,115fb8a1-a18d-461a-94da-7f204dc56b71
TXN_4471,USR_281,2023-04-20,407,Food,DEBIT,Completed,62531a1b-15d8-4e63-83f9-ceaa1d3d6647
TXN_4472,USR_281,2023-05-29,4138,Salary,CREDIT,Completed,62531a1b-15d8-4e63-83f9-ceaa1d3d6647
TXN_4473,USR_281,2023-04-20,3130,Salary,CREDIT,Completed,62531a1b-15d8-4e63-83f9-ceaa1d3d6647
TXN_4474,USR_281,2023-04-26,1761,Utility Bill,DEBIT,Completed,62531a1b-15d8-4e63-83f9-ceaa1d3d6647
TXN_4475,USR_281,2023-04-20,1393,Shopping,DEBIT,Completed,62531a1b-15d8-4e63-83f9-ceaa1d3d6647
TXN_4476,USR_281,2023-06-25,2352,Savings,DEBIT,Completed,62531a1b-15d8-4e63-83f9-ceaa1d3d6647
TXN_4477,USR_281,2023-06-07,1484,Shopping,DEBIT,Completed,62531a1b-15d8-4e63-83f9-ceaa1d3d6647
TXN_4478,USR_281,2023-06-01,1140,Transport,DEBIT,Completed,62531a1b-15d8-4e63-83f9-ceaa1d3d6647
TXN_4479,USR_281,2023-05-24,701,Transport,DEBIT,Completed,62531a1b-15d8-4e63-83f9-ceaa1d3d6647
TXN_4480,USR_281,2023-06-04,2689,Salary,CREDIT,Completed,62531a1b-15d8-4e63-83f9-ceaa1d3d6647
TXN_4481,USR_281,2023-06-24,2218,Salary,CREDIT,Completed,62531a1b-15d8-4e63-83f9-ceaa1d3d6647
TXN_4482,USR_282,2023-04-01,1735,Other Income,CREDIT,Completed,7a1b8c4c-b77f-4bae-8589-8c8b2a9d0b8c
TXN_4483,USR_282,2023-05-15,205,Shopping,DEBIT,Completed,7a1b8c4c-b77f-4bae-8589-8c8b2a9d0b8c
TXN_4484,USR_282,2023-04-12,1497,Transport,DEBIT,Completed,7a1b8c4c-b77f-4bae-8589-8c8b2a9d0b8c
TXN_4485,USR_282,2023-06-28,1733,Other Income,CREDIT,Completed,7a1b8c4c-b77f-4bae-8589-8c8b2a9d0b8c
TXN_4486,USR_282,2023-05-12,10636,Rent,DEBIT,Completed,7a1b8c4c-b77f-4bae-8589-8c8b2a9d0b8c
TXN_4487,USR_282,2023-04-21,1560,Shopping,DEBIT,Completed,7a1b8c4c-b77f-4bae-8589-8c8b2a9d0b8c
TXN_4488,USR_282,2023-06-18,1714,Food,DEBIT,Completed,7a1b8c4c-b77f-4bae-8589-8c8b2a9d0b8c
TXN_4489,USR_282,2023-05-13,39981,Salary,CREDIT,Completed,7a1b8c4c-b77f-4bae-8589-8c8b2a9d0b8c
TXN_4490,USR_282,2023-05-24,2071,Other Income,CREDIT,Completed,7a1b8c4c-b77f-4bae-8589-8c8b2a9d0b8c
TXN_4491,USR_282,2023-05-01,8001,Rent,DEBIT,Completed,7a1b8c4c-b77f-4bae-8589-8c8b2a9d0b8c
TXN_4492,USR_282,2023-04-27,4329,Savings,DEBIT,Completed,7a1b8c4c-b77f-4bae-8589-8c8b2a9d0b8c
TXN_4493,USR_283,2023-04-23,3988,Savings,DEBIT,Completed,f97f365c-765c-4e2c-8f21-99c40a04c4c2
TXN_4494,USR_283,2023-05-20,1211,Transport,DEBIT,Completed,f97f365c-765c-4e2c-8f21-99c40a04c4c2
TXN_4495,USR_283,2023-05-31,689,Food,DEBIT,Completed,f97f365c-765c-4e2c-8f21-99c40a04c4c2
TXN_4496,USR_283,2023-04-02,1789,Shopping,DEBIT,Completed,f97f365c-765c-4e2c-8f21-99c40a04c4c2
TXN_4497,USR_283,2023-05-23,1414,Utility Bill,DEBIT,Completed,f97f365c-765c-4e2c-8f21-99c40a04c4c2
TXN_4498,USR_283,2023-06-15,1469,Other Income,CREDIT,Completed,f97f365c-765c-4e2c-8f21-99c40a04c4c2
TXN_4499,USR_283,2023-04-10,4857,Other Income,CREDIT,Completed,f97f365c-765c-4e2c-8f21-99c40a04c4c2
TXN_4500,USR_283,2023-04-18,1543,Shopping,DEBIT,Completed,f97f365c-765c-4e2c-8f21-99c40a04c4c2
TXN_4501,USR_283,2023-04-09,135,Food,DEBIT,Completed,f97f365c-765c-4e2c-8f21-99c40a04c4c2
TXN_4502,USR_283,2023-04-10,209,Shopping,DEBIT,Completed,f97f365c-765c-4e2c-8f21-99c40a04c4c2
TXN_4503,USR_283,2023-04-08,1474,Utility Bill,DEBIT,Late,f97f365c-765c-4e2c-8f21-99c40a04c4c2
TXN_4504,USR_284,2023-06-23,1790,Utility Bill,DEBIT,Completed,f293d9e6-d61a-4f33-ba8c-13789e621e8b
TXN_4505,USR_284,2023-05-27,524,Shopping,DEBIT,Completed,f293d9e6-d61a-4f33-ba8c-13789e621e8b
TXN_4506,USR_284,2023-04-29,1332,Transport,DEBIT,Completed,f293d9e6-d61a-4f33-ba8c-13789e621e8b
TXN_4507,USR_284,2023-06-01,1128,Savings,DEBIT,Completed,f293d9e6-d61a-4f33-ba8c-13789e621e8b
TXN_4508,USR_284,2023-06-11,1029,Food,DEBIT,Completed,f293d9e6-d61a-4f33-ba8c-13789e621e8b
TXN_4509,USR_284,2023-04-22,1531,Utility Bill,DEBIT,Completed,f293d9e6-d61a-4f33-ba8c-13789e621e8b
TXN_4510,USR_284,2023-05-21,1912,Utility Bill,DEBIT,Completed,f293d9e6-d61a-4f33-ba8c-13789e621e8b
TXN_4511,USR_284,2023-05-05,1864,Salary,CREDIT,Completed,f293d9e6-d61a-4f33-ba8c-13789e621e8b
TXN_4512,USR_284,2023-04-19,8725,Rent,DEBIT,Completed,f293d9e6-d61a-4f33-ba8c-13789e621e8b
TXN_4513,USR_284,2023-04-29,788,Shopping,DEBIT,Completed,f293d9e6-d61a-4f33-ba8c-13789e621e8b
TXN_4514,USR_284,2023-06-16,4132,Salary,CREDIT,Completed,f293d9e6-d61a-4f33-ba8c-13789e621e8b
TXN_4515,USR_284,2023-04-24,4842,Salary,CREDIT,Completed,f293d9e6-d61a-4f33-ba8c-13789e621e8b
TXN_4516,USR_284,2023-04-23,9871,Rent,DEBIT,Completed,f293d9e6-d61a-4f33-ba8c-13789e621e8b
TXN_4517,USR_284,2023-05-29,2242,Salary,CREDIT,Completed,f293d9e6-d61a-4f33-ba8c-13789e621e8b
TXN_4518,USR_284,2023-05-23,4080,Salary,CREDIT,Completed,f293d9e6-d61a-4f33-ba8c-13789e621e8b
TXN_4519,USR_285,2023-05-20,4486,Other Income,CREDIT,Completed,b1cc7b9e-3af7-4522-a8ac-30573c882739
TXN_4520,USR_285,2023-05-02,586,Shopping,DEBIT,Completed,b1cc7b9e-3af7-4522-a8ac-30573c882739
TXN_4521,USR_285,2023-04-13,2791,Transport,DEBIT,Completed,b1cc7b9e-3af7-4522-a8ac-30573c882739
TXN_4522,USR_285,2023-05-25,2300,Transport,DEBIT,Completed,b1cc7b9e-3af7-4522-a8ac-30573c882739
TXN_4523,USR_285,2023-05-04,556,Other Income,CREDIT,Completed,b1cc7b9e-3af7-4522-a8ac-30573c882739
TXN_4524,USR_285,2023-04-20,4913,Other Income,CREDIT,Completed,b1cc7b9e-3af7-4522-a8ac-30573c882739
TXN_4525,USR_285,2023-04-05,670,Shopping,DEBIT,Completed,b1cc7b9e-3af7-4522-a8ac-30573c882739
TXN_4526,USR_285,2023-05-02,3380,Other Income,CREDIT,Completed,b1cc7b9e-3af7-4522-a8ac-30573c882739
TXN_4527,USR_285,2023-06-18,4725,Savings,DEBIT,Completed,b1cc7b9e-3af7-4522-a8ac-30573c882739
TXN_4528,USR_285,2023-05-28,2673,Shopping,DEBIT,Completed,b1cc7b9e-3af7-4522-a8ac-30573c882739
TXN_4529,USR_286,2023-04-17,1832,Utility Bill,DEBIT,Completed,5c1c009c-d5aa-4aca-86dd-1fb9423b775b
TXN_4530,USR_286,2023-05-31,2889,Other Income,CREDIT,Completed,5c1c009c-d5aa-4aca-86dd-1fb9423b775b
TXN_4531,USR_286,2023-05-27,4755,Savings,DEBIT,Completed,5c1c009c-d5aa-4aca-86dd-1fb9423b775b
TXN_4532,USR_286,2023-04-12,1532,Savings,DEBIT,Completed,5c1c009c-d5aa-4aca-86dd-1fb9423b775b
TXN_4533,USR_286,2023-05-10,2255,Utility Bill,DEBIT,Completed,5c1c009c-d5aa-4aca-86dd-1fb9423b775b
TXN_4534,USR_286,2023-04-12,2006,Transport,DEBIT,Completed,5c1c009c-d5aa-4aca-86dd-1fb9423b775b
TXN_4535,USR_286,2023-05-21,231,Food,DEBIT,Completed,5c1c009c-d5aa-4aca-86dd-1fb9423b775b
TXN_4536,USR_286,2023-05-22,2071,Transport,DEBIT,Completed,5c1c009c-d5aa-4aca-86dd-1fb9423b775b
TXN_4537,USR_286,2023-04-16,2377,Utility Bill,DEBIT,Completed,5c1c009c-d5aa-4aca-86dd-1fb9423b775b
TXN_4538,USR_286,2023-05-16,979,Utility Bill,DEBIT,Completed,5c1c009c-d5aa-4aca-86dd-1fb9423b775b
TXN_4539,USR_286,2023-06-14,28353,Salary,CREDIT,Completed,5c1c009c-d5aa-4aca-86dd-1fb9423b775b
TXN_4540,USR_286,2023-06-08,2207,Other Income,CREDIT,Completed,5c1c009c-d5aa-4aca-86dd-1fb9423b775b
TXN_4541,USR_287,2023-06-02,7221,Rent,DEBIT,Late,7b874882-299b-4e54-860d-9dec653a8310
TXN_4542,USR_287,2023-05-07,1525,Transport,DEBIT,Completed,7b874882-299b-4e54-860d-9dec653a8310
TXN_4543,USR_287,2023-06-05,11589,Rent,DEBIT,Completed,7b874882-299b-4e54-860d-9dec653a8310
TXN_4544,USR_287,2023-05-07,1070,Other Income,CREDIT,Completed,7b874882-299b-4e54-860d-9dec653a8310
TXN_4545,USR_287,2023-05-18,3873,Savings,DEBIT,Completed,7b874882-299b-4e54-860d-9dec653a8310
TXN_4546,USR_287,2023-05-03,2255,Food,DEBIT,Completed,7b874882-299b-4e54-860d-9dec653a8310
TXN_4547,USR_287,2023-04-16,446,Food,DEBIT,Completed,7b874882-299b-4e54-860d-9dec653a8310
TXN_4548,USR_287,2023-04-28,1116,Savings,DEBIT,Completed,7b874882-299b-4e54-860d-9dec653a8310
TXN_4549,USR_287,2023-05-18,9838,Rent,DEBIT,Late,7b874882-299b-4e54-860d-9dec653a8310
TXN_4550,USR_287,2023-04-04,1017,Transport,DEBIT,Completed,7b874882-299b-4e54-860d-9dec653a8310
TXN_4551,USR_287,2023-06-09,2271,Shopping,DEBIT,Completed,7b874882-299b-4e54-860d-9dec653a8310
TXN_4552,USR_288,2023-04-19,687,Transport,DEBIT,Completed,20211843-0514-4f7f-ac93-9fdaa4fee8c7
TXN_4553,USR_288,2023-06-05,1785,Transport,DEBIT,Completed,20211843-0514-4f7f-ac93-9fdaa4fee8c7
TXN_4554,USR_288,2023-05-10,1621,Savings,DEBIT,Completed,20211843-0514-4f7f-ac93-9fdaa4fee8c7
TXN_4555,USR_288,2023-04-26,2506,Transport,DEBIT,Completed,20211843-0514-4f7f-ac93-9fdaa4fee8c7
TXN_4556,USR_288,2023-05-31,4009,Savings,DEBIT,Completed,20211843-0514-4f7f-ac93-9fdaa4fee8c7
TXN_4557,USR_288,2023-06-03,1968,Transport,DEBIT,Completed,20211843-0514-4f7f-ac93-9fdaa4fee8c7
TXN_4558,USR_288,2023-05-10,852,Utility Bill,DEBIT,Completed,20211843-0514-4f7f-ac93-9fdaa4fee8c7
TXN_4559,USR_288,2023-04-04,8025,Rent,DEBIT,Completed,20211843-0514-4f7f-ac93-9fdaa4fee8c7
TXN_4560,USR_288,2023-06-20,1368,Other Income,CREDIT,Completed,20211843-0514-4f7f-ac93-9fdaa4fee8c7
TXN_4561,USR_288,2023-05-01,2104,Other Income,CREDIT,Completed,20211843-0514-4f7f-ac93-9fdaa4fee8c7
TXN_4562,USR_288,2023-06-11,4549,Other Income,CREDIT,Completed,20211843-0514-4f7f-ac93-9fdaa4fee8c7
TXN_4563,USR_289,2023-04-05,1840,Shopping,DEBIT,Completed,a3251274-7e14-4181-a5ae-f9d9940f87b1
TXN_4564,USR_289,2023-06-08,1015,Shopping,DEBIT,Completed,a3251274-7e14-4181-a5ae-f9d9940f87b1
TXN_4565,USR_289,2023-06-02,2393,Food,DEBIT,Completed,a3251274-7e14-4181-a5ae-f9d9940f87b1
TXN_4566,USR_289,2023-04-29,879,Transport,DEBIT,Completed,a3251274-7e14-4181-a5ae-f9d9940f87b1
TXN_4567,USR_289,2023-04-07,1165,Utility Bill,DEBIT,Late,a3251274-7e14-4181-a5ae-f9d9940f87b1
TXN_4568,USR_289,2023-06-22,2934,Food,DEBIT,Completed,a3251274-7e14-4181-a5ae-f9d9940f87b1
TXN_4569,USR_289,2023-04-06,2226,Other Income,CREDIT,Completed,a3251274-7e14-4181-a5ae-f9d9940f87b1
TXN_4570,USR_289,2023-05-05,2363,Utility Bill,DEBIT,Completed,a3251274-7e14-4181-a5ae-f9d9940f87b1
TXN_4571,USR_289,2023-05-06,486,Transport,DEBIT,Completed,a3251274-7e14-4181-a5ae-f9d9940f87b1
TXN_4572,USR_289,2023-05-03,10297,Rent,DEBIT,Completed,a3251274-7e14-4181-a5ae-f9d9940f87b1
TXN_4573,USR_289,2023-06-11,50875,Salary,CREDIT,Completed,a3251274-7e14-4181-a5ae-f9d9940f87b1
TXN_4574,USR_289,2023-04-29,765,Utility Bill,DEBIT,Late,a3251274-7e14-4181-a5ae-f9d9940f87b1
TXN_4575,USR_289,2023-05-02,4332,Other Income,CREDIT,Completed,a3251274-7e14-4181-a5ae-f9d9940f87b1
TXN_4576,USR_289,2023-05-19,2420,Shopping,DEBIT,Completed,a3251274-7e14-4181-a5ae-f9d9940f87b1
TXN_4577,USR_290,2023-05-25,8016,Rent,DEBIT,Completed,e6e39118-3aeb-43ce-95e8-a477021a6198
TXN_4578,USR_290,2023-06-22,1090,Utility Bill,DEBIT,Completed,e6e39118-3aeb-43ce-95e8-a477021a6198
TXN_4579,USR_290,2023-06-19,1343,Shopping,DEBIT,Completed,e6e39118-3aeb-43ce-95e8-a477021a6198
TXN_4580,USR_290,2023-04-15,11445,Rent,DEBIT,Completed,e6e39118-3aeb-43ce-95e8-a477021a6198
TXN_4581,USR_290,2023-06-29,1044,Shopping,DEBIT,Completed,e6e39118-3aeb-43ce-95e8-a477021a6198
TXN_4582,USR_290,2023-06-05,1831,Transport,DEBIT,Completed,e6e39118-3aeb-43ce-95e8-a477021a6198
TXN_4583,USR_290,2023-06-02,10090,Rent,DEBIT,Completed,e6e39118-3aeb-43ce-95e8-a477021a6198
TXN_4584,USR_290,2023-06-12,4950,Savings,DEBIT,Completed,e6e39118-3aeb-43ce-95e8-a477021a6198
TXN_4585,USR_290,2023-04-03,2494,Transport,DEBIT,Completed,e6e39118-3aeb-43ce-95e8-a477021a6198
TXN_4586,USR_290,2023-05-21,6813,Rent,DEBIT,Completed,e6e39118-3aeb-43ce-95e8-a477021a6198
TXN_4587,USR_290,2023-06-04,2808,Savings,DEBIT,Completed,e6e39118-3aeb-43ce-95e8-a477021a6198
TXN_4588,USR_291,2023-04-27,11674,Rent,DEBIT,Completed,c88a9dff-2f52-4ae7-b428-fe442a99c1f6
TXN_4589,USR_291,2023-04-24,7291,Rent,DEBIT,Completed,c88a9dff-2f52-4ae7-b428-fe442a99c1f6
TXN_4590,USR_291,2023-04-15,2458,Savings,DEBIT,Completed,c88a9dff-2f52-4ae7-b428-fe442a99c1f6
TXN_4591,USR_291,2023-04-05,1720,Utility Bill,DEBIT,Completed,c88a9dff-2f52-4ae7-b428-fe442a99c1f6
TXN_4592,USR_291,2023-04-17,2245,Salary,CREDIT,Completed,c88a9dff-2f52-4ae7-b428-fe442a99c1f6
TXN_4593,USR_291,2023-06-04,2295,Transport,DEBIT,Completed,c88a9dff-2f52-4ae7-b428-fe442a99c1f6
TXN_4594,USR_291,2023-05-11,423,Shopping,DEBIT,Completed,c88a9dff-2f52-4ae7-b428-fe442a99c1f6
TXN_4595,USR_291,2023-06-12,639,Salary,CREDIT,Completed,c88a9dff-2f52-4ae7-b428-fe442a99c1f6
TXN_4596,USR_291,2023-05-13,2307,Transport,DEBIT,Completed,c88a9dff-2f52-4ae7-b428-fe442a99c1f6
TXN_4597,USR_291,2023-04-12,2264,Food,DEBIT,Completed,c88a9dff-2f52-4ae7-b428-fe442a99c1f6
TXN_4598,USR_292,2023-04-20,1201,Utility Bill,DEBIT,Completed,dcae897f-8528-4a7a-b34b-31771635d60a
TXN_4599,USR_292,2023-06-18,2325,Food,DEBIT,Completed,dcae897f-8528-4a7a-b34b-31771635d60a
TXN_4600,USR_292,2023-05-17,8502,Rent,DEBIT,Completed,dcae897f-8528-4a7a-b34b-31771635d60a
TXN_4601,USR_292,2023-06-03,9786,Rent,DEBIT,Completed,dcae897f-8528-4a7a-b34b-31771635d60a
TXN_4602,USR_292,2023-06-29,46494,Salary,CREDIT,Completed,dcae897f-8528-4a7a-b34b-31771635d60a
TXN_4603,USR_292,2023-05-01,2905,Transport,DEBIT,Completed,dcae897f-8528-4a7a-b34b-31771635d60a
TXN_4604,USR_292,2023-06-21,2036,Shopping,DEBIT,Completed,dcae897f-8528-4a7a-b34b-31771635d60a
TXN_4605,USR_292,2023-04-08,1047,Food,DEBIT,Completed,dcae897f-8528-4a7a-b34b-31771635d60a
TXN_4606,USR_292,2023-05-24,1585,Food,DEBIT,Completed,dcae897f-8528-4a7a-b34b-31771635d60a
TXN_4607,USR_292,2023-05-13,1759,Transport,DEBIT,Completed,dcae897f-8528-4a7a-b34b-31771635d60a
TXN_4608,USR_292,2023-05-26,1520,Food,DEBIT,Completed,dcae897f-8528-4a7a-b34b-31771635d60a
TXN_4609,USR_293,2023-05-10,2578,Savings,DEBIT,Completed,bb5c77e0-1d28-4cf8-963a-34358dd4c0e0
TXN_4610,USR_293,2023-05-14,9988,Rent,DEBIT,Completed,bb5c77e0-1d28-4cf8-963a-34358dd4c0e0
TXN_4611,USR_293,2023-06-16,1666,Shopping,DEBIT,Completed,bb5c77e0-1d28-4cf8-963a-34358dd4c0e0
TXN_4612,USR_293,2023-06-23,103,Shopping,DEBIT,Completed,bb5c77e0-1d28-4cf8-963a-34358dd4c0e0
TXN_4613,USR_293,2023-05-16,4291,Other Income,CREDIT,Completed,bb5c77e0-1d28-4cf8-963a-34358dd4c0e0
TXN_4614,USR_293,2023-05-13,1345,Transport,DEBIT,Completed,bb5c77e0-1d28-4cf8-963a-34358dd4c0e0
TXN_4615,USR_293,2023-06-14,3057,Other Income,CREDIT,Completed,bb5c77e0-1d28-4cf8-963a-34358dd4c0e0
TXN_4616,USR_293,2023-04-11,1765,Utility Bill,DEBIT,Completed,bb5c77e0-1d28-4cf8-963a-34358dd4c0e0
TXN_4617,USR_293,2023-05-12,1090,Savings,DEBIT,Completed,bb5c77e0-1d28-4cf8-963a-34358dd4c0e0
TXN_4618,USR_293,2023-06-30,2203,Utility Bill,DEBIT,Completed,bb5c77e0-1d28-4cf8-963a-34358dd4c0e0
TXN_4619,USR_293,2023-04-21,1066,Shopping,DEBIT,Completed,bb5c77e0-1d28-4cf8-963a-34358dd4c0e0
TXN_4620,USR_294,2023-04-17,1480,Shopping,DEBIT,Completed,70458923-f07e-45b5-8d75-80078b076ecb
TXN_4621,USR_294,2023-04-19,1933,Utility Bill,DEBIT,Completed,70458923-f07e-45b5-8d75-80078b076ecb
TXN_4622,USR_294,2023-05-24,4231,Savings,DEBIT,Completed,70458923-f07e-45b5-8d75-80078b076ecb
TXN_4623,USR_294,2023-04-08,1335,Shopping,DEBIT,Completed,70458923-f07e-45b5-8d75-80078b076ecb
TXN_4624,USR_294,2023-05-25,1958,Food,DEBIT,Completed,70458923-f07e-45b5-8d75-80078b076ecb
TXN_4625,USR_294,2023-04-11,2716,Food,DEBIT,Completed,70458923-f07e-45b5-8d75-80078b076ecb
TXN_4626,USR_294,2023-04-24,2177,Utility Bill,DEBIT,Completed,70458923-f07e-45b5-8d75-80078b076ecb
TXN_4627,USR_294,2023-06-06,2799,Savings,DEBIT,Completed,70458923-f07e-45b5-8d75-80078b076ecb
TXN_4628,USR_294,2023-06-21,5790,Rent,DEBIT,Completed,70458923-f07e-45b5-8d75-80078b076ecb
TXN_4629,USR_294,2023-04-18,235,Shopping,DEBIT,Completed,70458923-f07e-45b5-8d75-80078b076ecb
TXN_4630,USR_294,2023-04-01,585,Food,DEBIT,Completed,70458923-f07e-45b5-8d75-80078b076ecb
TXN_4631,USR_294,2023-04-01,2398,Transport,DEBIT,Completed,70458923-f07e-45b5-8d75-80078b076ecb
TXN_4632,USR_294,2023-05-22,1338,Transport,DEBIT,Completed,70458923-f07e-45b5-8d75-80078b076ecb
TXN_4633,USR_294,2023-06-29,1681,Utility Bill,DEBIT,Completed,70458923-f07e-45b5-8d75-80078b076ecb
TXN_4634,USR_294,2023-06-28,1346,Shopping,DEBIT,Completed,70458923-f07e-45b5-8d75-80078b076ecb
TXN_4635,USR_295,2023-06-29,4985,Other Income,CREDIT,Completed,23e64637-44b5-4b66-abd6-6a1c9217fa08
TXN_4636,USR_295,2023-06-23,1649,Other Income,CREDIT,Completed,23e64637-44b5-4b66-abd6-6a1c9217fa08
TXN_4637,USR_295,2023-06-02,368,Transport,DEBIT,Completed,23e64637-44b5-4b66-abd6-6a1c9217fa08
TXN_4638,USR_295,2023-04-12,716,Utility Bill,DEBIT,Completed,23e64637-44b5-4b66-abd6-6a1c9217fa08
TXN_4639,USR_295,2023-04-19,707,Utility Bill,DEBIT,Completed,23e64637-44b5-4b66-abd6-6a1c9217fa08
TXN_4640,USR_295,2023-04-28,2009,Savings,DEBIT,Completed,23e64637-44b5-4b66-abd6-6a1c9217fa08
TXN_4641,USR_295,2023-04-09,1697,Transport,DEBIT,Completed,23e64637-44b5-4b66-abd6-6a1c9217fa08
TXN_4642,USR_295,2023-05-17,1206,Utility Bill,DEBIT,Completed,23e64637-44b5-4b66-abd6-6a1c9217fa08
TXN_4643,USR_295,2023-05-05,2274,Utility Bill,DEBIT,Late,23e64637-44b5-4b66-abd6-6a1c9217fa08
TXN_4644,USR_295,2023-06-14,3578,Other Income,CREDIT,Completed,23e64637-44b5-4b66-abd6-6a1c9217fa08
TXN_4645,USR_295,2023-06-21,2023,Utility Bill,DEBIT,Completed,23e64637-44b5-4b66-abd6-6a1c9217fa08
TXN_4646,USR_295,2023-06-24,966,Utility Bill,DEBIT,Late,23e64637-44b5-4b66-abd6-6a1c9217fa08
TXN_4647,USR_295,2023-06-05,1098,Utility Bill,DEBIT,Late,23e64637-44b5-4b66-abd6-6a1c9217fa08
TXN_4648,USR_295,2023-05-17,3459,Other Income,CREDIT,Completed,23e64637-44b5-4b66-abd6-6a1c9217fa08
TXN_4649,USR_296,2023-04-05,10716,Rent,DEBIT,Completed,bf0080e2-7d65-4978-950f-dec98541ad88
TXN_4650,USR_296,2023-04-18,10752,Rent,DEBIT,Completed,bf0080e2-7d65-4978-950f-dec98541ad88
TXN_4651,USR_296,2023-05-05,1712,Savings,DEBIT,Completed,bf0080e2-7d65-4978-950f-dec98541ad88
TXN_4652,USR_296,2023-05-11,1384,Utility Bill,DEBIT,Completed,bf0080e2-7d65-4978-950f-dec98541ad88
TXN_4653,USR_296,2023-05-20,2037,Other Income,CREDIT,Completed,bf0080e2-7d65-4978-950f-dec98541ad88
TXN_4654,USR_296,2023-05-20,2017,Other Income,CREDIT,Completed,bf0080e2-7d65-4978-950f-dec98541ad88
TXN_4655,USR_296,2023-04-15,1507,Utility Bill,DEBIT,Completed,bf0080e2-7d65-4978-950f-dec98541ad88
TXN_4656,USR_296,2023-04-08,1308,Food,DEBIT,Completed,bf0080e2-7d65-4978-950f-dec98541ad88
TXN_4657,USR_296,2023-04-22,2233,Other Income,CREDIT,Completed,bf0080e2-7d65-4978-950f-dec98541ad88
TXN_4658,USR_296,2023-05-16,1273,Shopping,DEBIT,Completed,bf0080e2-7d65-4978-950f-dec98541ad88
TXN_4659,USR_296,2023-06-19,52531,Salary,CREDIT,Completed,bf0080e2-7d65-4978-950f-dec98541ad88
TXN_4660,USR_297,2023-06-02,822,Transport,DEBIT,Completed,a8387101-4422-4865-a20e-f24b0f1f9195
TXN_4661,USR_297,2023-06-19,1073,Shopping,DEBIT,Completed,a8387101-4422-4865-a20e-f24b0f1f9195
TXN_4662,USR_297,2023-06-22,1610,Transport,DEBIT,Completed,a8387101-4422-4865-a20e-f24b0f1f9195
TXN_4663,USR_297,2023-06-23,2441,Savings,DEBIT,Completed,a8387101-4422-4865-a20e-f24b0f1f9195
TXN_4664,USR_297,2023-04-09,1144,Utility Bill,DEBIT,Completed,a8387101-4422-4865-a20e-f24b0f1f9195
TXN_4665,USR_297,2023-05-26,1818,Food,DEBIT,Completed,a8387101-4422-4865-a20e-f24b0f1f9195
TXN_4666,USR_297,2023-06-27,582,Utility Bill,DEBIT,Completed,a8387101-4422-4865-a20e-f24b0f1f9195
TXN_4667,USR_297,2023-05-07,1006,Other Income,CREDIT,Completed,a8387101-4422-4865-a20e-f24b0f1f9195
TXN_4668,USR_297,2023-04-16,2371,Food,DEBIT,Completed,a8387101-4422-4865-a20e-f24b0f1f9195
TXN_4669,USR_297,2023-04-19,7609,Rent,DEBIT,Completed,a8387101-4422-4865-a20e-f24b0f1f9195
TXN_4670,USR_297,2023-05-19,2035,Savings,DEBIT,Completed,a8387101-4422-4865-a20e-f24b0f1f9195
TXN_4671,USR_297,2023-04-26,780,Transport,DEBIT,Completed,a8387101-4422-4865-a20e-f24b0f1f9195
TXN_4672,USR_297,2023-06-27,2293,Food,DEBIT,Completed,a8387101-4422-4865-a20e-f24b0f1f9195
TXN_4673,USR_297,2023-04-15,1833,Food,DEBIT,Completed,a8387101-4422-4865-a20e-f24b0f1f9195
TXN_4674,USR_297,2023-04-04,9828,Rent,DEBIT,Completed,a8387101-4422-4865-a20e-f24b0f1f9195
TXN_4675,USR_298,2023-04-25,1021,Utility Bill,DEBIT,Completed,dd32d490-7a9c-498f-9b8c-5498225ae680
TXN_4676,USR_298,2023-06-03,2523,Food,DEBIT,Completed,dd32d490-7a9c-498f-9b8c-5498225ae680
TXN_4677,USR_298,2023-05-06,1885,Other Income,CREDIT,Completed,dd32d490-7a9c-498f-9b8c-5498225ae680
TXN_4678,USR_298,2023-04-29,2361,Other Income,CREDIT,Completed,dd32d490-7a9c-498f-9b8c-5498225ae680
TXN_4679,USR_298,2023-04-08,9888,Rent,DEBIT,Completed,dd32d490-7a9c-498f-9b8c-5498225ae680
TXN_4680,USR_298,2023-04-18,953,Shopping,DEBIT,Completed,dd32d490-7a9c-498f-9b8c-5498225ae680
TXN_4681,USR_298,2023-05-31,2318,Transport,DEBIT,Completed,dd32d490-7a9c-498f-9b8c-5498225ae680
TXN_4682,USR_298,2023-04-17,2344,Shopping,DEBIT,Completed,dd32d490-7a9c-498f-9b8c-5498225ae680
TXN_4683,USR_298,2023-04-26,2423,Transport,DEBIT,Completed,dd32d490-7a9c-498f-9b8c-5498225ae680
TXN_4684,USR_298,2023-04-28,4746,Other Income,CREDIT,Completed,dd32d490-7a9c-498f-9b8c-5498225ae680
TXN_4685,USR_298,2023-04-14,2060,Utility Bill,DEBIT,Completed,dd32d490-7a9c-498f-9b8c-5498225ae680
TXN_4686,USR_298,2023-06-28,893,Shopping,DEBIT,Completed,dd32d490-7a9c-498f-9b8c-5498225ae680
TXN_4687,USR_298,2023-06-17,656,Utility Bill,DEBIT,Completed,dd32d490-7a9c-498f-9b8c-5498225ae680
TXN_4688,USR_298,2023-06-16,2310,Shopping,DEBIT,Completed,dd32d490-7a9c-498f-9b8c-5498225ae680
TXN_4689,USR_298,2023-06-16,290,Shopping,DEBIT,Completed,dd32d490-7a9c-498f-9b8c-5498225ae680
TXN_4690,USR_299,2023-04-05,2345,Utility Bill,DEBIT,Completed,a6df8b97-496a-43d4-98f7-3a84495e6faa
TXN_4691,USR_299,2023-05-09,2550,Shopping,DEBIT,Completed,a6df8b97-496a-43d4-98f7-3a84495e6faa
TXN_4692,USR_299,2023-05-17,1336,Shopping,DEBIT,Completed,a6df8b97-496a-43d4-98f7-3a84495e6faa
TXN_4693,USR_299,2023-04-17,1360,Utility Bill,DEBIT,Completed,a6df8b97-496a-43d4-98f7-3a84495e6faa
TXN_4694,USR_299,2023-04-08,406,Food,DEBIT,Completed,a6df8b97-496a-43d4-98f7-3a84495e6faa
TXN_4695,USR_299,2023-05-28,1482,Utility Bill,DEBIT,Completed,a6df8b97-496a-43d4-98f7-3a84495e6faa
TXN_4696,USR_299,2023-06-25,1245,Shopping,DEBIT,Completed,a6df8b97-496a-43d4-98f7-3a84495e6faa
TXN_4697,USR_299,2023-04-23,951,Other Income,CREDIT,Completed,a6df8b97-496a-43d4-98f7-3a84495e6faa
TXN_4698,USR_299,2023-05-31,628,Transport,DEBIT,Completed,a6df8b97-496a-43d4-98f7-3a84495e6faa
TXN_4699,USR_299,2023-04-12,7297,Rent,DEBIT,Completed,a6df8b97-496a-43d4-98f7-3a84495e6faa
TXN_4700,USR_299,2023-06-13,802,Shopping,DEBIT,Completed,a6df8b97-496a-43d4-98f7-3a84495e6faa
TXN_4701,USR_299,2023-05-05,1814,Food,DEBIT,Completed,a6df8b97-496a-43d4-98f7-3a84495e6faa
TXN_4702,USR_299,2023-04-09,2666,Transport,DEBIT,Completed,a6df8b97-496a-43d4-98f7-3a84495e6faa
TXN_4703,USR_299,2023-06-19,221,Transport,DEBIT,Completed,a6df8b97-496a-43d4-98f7-3a84495e6faa
TXN_4704,USR_299,2023-04-02,2707,Other Income,CREDIT,Completed,a6df8b97-496a-43d4-98f7-3a84495e6faa
TXN_4705,USR_300,2023-04-24,1234,Utility Bill,DEBIT,Completed,b5fc9ac3-2860-44ca-acfb-67a959df8ef4
TXN_4706,USR_300,2023-05-13,2978,Food,DEBIT,Completed,b5fc9ac3-2860-44ca-acfb-67a959df8ef4
TXN_4707,USR_300,2023-05-27,9136,Rent,DEBIT,Completed,b5fc9ac3-2860-44ca-acfb-67a959df8ef4
TXN_4708,USR_300,2023-05-11,43044,Salary,CREDIT,Completed,b5fc9ac3-2860-44ca-acfb-67a959df8ef4
TXN_4709,USR_300,2023-04-24,882,Transport,DEBIT,Completed,b5fc9ac3-2860-44ca-acfb-67a959df8ef4
TXN_4710,USR_300,2023-06-12,916,Shopping,DEBIT,Completed,b5fc9ac3-2860-44ca-acfb-67a959df8ef4
TXN_4711,USR_300,2023-06-30,11939,Rent,DEBIT,Completed,b5fc9ac3-2860-44ca-acfb-67a959df8ef4
TXN_4712,USR_300,2023-04-02,841,Transport,DEBIT,Completed,b5fc9ac3-2860-44ca-acfb-67a959df8ef4
TXN_4713,USR_300,2023-04-24,1718,Food,DEBIT,Completed,b5fc9ac3-2860-44ca-acfb-67a959df8ef4
TXN_4714,USR_300,2023-04-10,497,Transport,DEBIT,Completed,b5fc9ac3-2860-44ca-acfb-67a959df8ef4
TXN_4715,USR_300,2023-05-12,608,Shopping,DEBIT,Completed,b5fc9ac3-2860-44ca-acfb-67a959df8ef4
TXN_4716,USR_301,2023-06-05,1885,Shopping,DEBIT,Completed,e4b8f3fd-fc8a-4414-ad30-c47670bd774e
TXN_4717,USR_301,2023-06-13,6251,Rent,DEBIT,Completed,e4b8f3fd-fc8a-4414-ad30-c47670bd774e
TXN_4718,USR_301,2023-05-07,1109,Utility Bill,DEBIT,Completed,e4b8f3fd-fc8a-4414-ad30-c47670bd774e
TXN_4719,USR_301,2023-04-24,4401,Other Income,CREDIT,Completed,e4b8f3fd-fc8a-4414-ad30-c47670bd774e
TXN_4720,USR_301,2023-04-26,2436,Transport,DEBIT,Completed,e4b8f3fd-fc8a-4414-ad30-c47670bd774e
TXN_4721,USR_301,2023-05-29,1019,Utility Bill,DEBIT,Completed,e4b8f3fd-fc8a-4414-ad30-c47670bd774e
TXN_4722,USR_301,2023-05-13,1869,Shopping,DEBIT,Completed,e4b8f3fd-fc8a-4414-ad30-c47670bd774e
TXN_4723,USR_301,2023-06-23,10860,Rent,DEBIT,Completed,e4b8f3fd-fc8a-4414-ad30-c47670bd774e
TXN_4724,USR_301,2023-06-14,623,Shopping,DEBIT,Completed,e4b8f3fd-fc8a-4414-ad30-c47670bd774e
TXN_4725,USR_301,2023-06-04,2578,Transport,DEBIT,Completed,e4b8f3fd-fc8a-4414-ad30-c47670bd774e
TXN_4726,USR_301,2023-04-23,7236,Rent,DEBIT,Completed,e4b8f3fd-fc8a-4414-ad30-c47670bd774e
TXN_4727,USR_301,2023-04-24,620,Shopping,DEBIT,Completed,e4b8f3fd-fc8a-4414-ad30-c47670bd774e
TXN_4728,USR_301,2023-05-08,523,Other Income,CREDIT,Completed,e4b8f3fd-fc8a-4414-ad30-c47670bd774e
TXN_4729,USR_301,2023-05-03,1637,Transport,DEBIT,Completed,e4b8f3fd-fc8a-4414-ad30-c47670bd774e
TXN_4730,USR_302,2023-06-06,1403,Transport,DEBIT,Completed,91bc720e-49db-465c-ab93-bc4d75b74306
TXN_4731,USR_302,2023-06-02,1303,Shopping,DEBIT,Completed,91bc720e-49db-465c-ab93-bc4d75b74306
TXN_4732,USR_302,2023-04-10,1454,Transport,DEBIT,Completed,91bc720e-49db-465c-ab93-bc4d75b74306
TXN_4733,USR_302,2023-05-29,1461,Utility Bill,DEBIT,Completed,91bc720e-49db-465c-ab93-bc4d75b74306
TXN_4734,USR_302,2023-04-12,10049,Rent,DEBIT,Completed,91bc720e-49db-465c-ab93-bc4d75b74306
TXN_4735,USR_302,2023-04-10,1541,Food,DEBIT,Completed,91bc720e-49db-465c-ab93-bc4d75b74306
TXN_4736,USR_302,2023-05-29,875,Transport,DEBIT,Completed,91bc720e-49db-465c-ab93-bc4d75b74306
TXN_4737,USR_302,2023-06-11,1975,Shopping,DEBIT,Completed,91bc720e-49db-465c-ab93-bc4d75b74306
TXN_4738,USR_302,2023-04-29,711,Transport,DEBIT,Completed,91bc720e-49db-465c-ab93-bc4d75b74306
TXN_4739,USR_302,2023-05-03,834,Other Income,CREDIT,Completed,91bc720e-49db-465c-ab93-bc4d75b74306
TXN_4740,USR_302,2023-04-21,130,Food,DEBIT,Completed,91bc720e-49db-465c-ab93-bc4d75b74306
TXN_4741,USR_302,2023-06-09,5944,Rent,DEBIT,Completed,91bc720e-49db-465c-ab93-bc4d75b74306
TXN_4742,USR_303,2023-05-07,2560,Savings,DEBIT,Completed,0ffb6f26-d0a5-4499-8ae3-5e59042b4b90
TXN_4743,USR_303,2023-05-01,226,Food,DEBIT,Completed,0ffb6f26-d0a5-4499-8ae3-5e59042b4b90
TXN_4744,USR_303,2023-05-28,9902,Rent,DEBIT,Completed,0ffb6f26-d0a5-4499-8ae3-5e59042b4b90
TXN_4745,USR_303,2023-04-07,5002,Salary,CREDIT,Completed,0ffb6f26-d0a5-4499-8ae3-5e59042b4b90
TXN_4746,USR_303,2023-06-28,4540,Salary,CREDIT,Completed,0ffb6f26-d0a5-4499-8ae3-5e59042b4b90
TXN_4747,USR_303,2023-05-08,2450,Transport,DEBIT,Completed,0ffb6f26-d0a5-4499-8ae3-5e59042b4b90
TXN_4748,USR_303,2023-04-17,1051,Utility Bill,DEBIT,Completed,0ffb6f26-d0a5-4499-8ae3-5e59042b4b90
TXN_4749,USR_303,2023-05-11,2063,Savings,DEBIT,Completed,0ffb6f26-d0a5-4499-8ae3-5e59042b4b90
TXN_4750,USR_303,2023-04-25,10565,Rent,DEBIT,Completed,0ffb6f26-d0a5-4499-8ae3-5e59042b4b90
TXN_4751,USR_303,2023-06-01,9134,Rent,DEBIT,Completed,0ffb6f26-d0a5-4499-8ae3-5e59042b4b90
TXN_4752,USR_304,2023-04-18,10367,Rent,DEBIT,Completed,34252c52-c1b5-41ae-b7b7-1aa0c80a357f
TXN_4753,USR_304,2023-04-05,1917,Transport,DEBIT,Completed,34252c52-c1b5-41ae-b7b7-1aa0c80a357f
TXN_4754,USR_304,2023-04-27,4274,Other Income,CREDIT,Completed,34252c52-c1b5-41ae-b7b7-1aa0c80a357f
TXN_4755,USR_304,2023-06-23,1133,Transport,DEBIT,Completed,34252c52-c1b5-41ae-b7b7-1aa0c80a357f
TXN_4756,USR_304,2023-06-24,1330,Transport,DEBIT,Completed,34252c52-c1b5-41ae-b7b7-1aa0c80a357f
TXN_4757,USR_304,2023-04-26,54349,Salary,CREDIT,Completed,34252c52-c1b5-41ae-b7b7-1aa0c80a357f
TXN_4758,USR_304,2023-05-05,579,Shopping,DEBIT,Completed,34252c52-c1b5-41ae-b7b7-1aa0c80a357f
TXN_4759,USR_304,2023-04-24,2077,Other Income,CREDIT,Completed,34252c52-c1b5-41ae-b7b7-1aa0c80a357f
TXN_4760,USR_304,2023-05-25,4415,Other Income,CREDIT,Completed,34252c52-c1b5-41ae-b7b7-1aa0c80a357f
TXN_4761,USR_304,2023-04-06,1315,Transport,DEBIT,Completed,34252c52-c1b5-41ae-b7b7-1aa0c80a357f
TXN_4762,USR_304,2023-05-21,1890,Other Income,CREDIT,Completed,34252c52-c1b5-41ae-b7b7-1aa0c80a357f
TXN_4763,USR_305,2023-05-18,1412,Shopping,DEBIT,Completed,2028a0bd-c717-4be5-8972-773227cdbfb6
TXN_4764,USR_305,2023-04-16,11339,Rent,DEBIT,Completed,2028a0bd-c717-4be5-8972-773227cdbfb6
TXN_4765,USR_305,2023-06-20,4038,Salary,CREDIT,Completed,2028a0bd-c717-4be5-8972-773227cdbfb6
TXN_4766,USR_305,2023-06-08,9810,Rent,DEBIT,Completed,2028a0bd-c717-4be5-8972-773227cdbfb6
TXN_4767,USR_305,2023-06-19,4724,Savings,DEBIT,Completed,2028a0bd-c717-4be5-8972-773227cdbfb6
TXN_4768,USR_305,2023-05-04,2987,Savings,DEBIT,Completed,2028a0bd-c717-4be5-8972-773227cdbfb6
TXN_4769,USR_305,2023-06-24,6522,Rent,DEBIT,Completed,2028a0bd-c717-4be5-8972-773227cdbfb6
TXN_4770,USR_305,2023-04-18,2556,Food,DEBIT,Completed,2028a0bd-c717-4be5-8972-773227cdbfb6
TXN_4771,USR_305,2023-06-01,1900,Shopping,DEBIT,Completed,2028a0bd-c717-4be5-8972-773227cdbfb6
TXN_4772,USR_305,2023-06-15,2844,Salary,CREDIT,Completed,2028a0bd-c717-4be5-8972-773227cdbfb6
TXN_4773,USR_305,2023-05-15,1209,Food,DEBIT,Completed,2028a0bd-c717-4be5-8972-773227cdbfb6
TXN_4774,USR_306,2023-05-01,549,Other Income,CREDIT,Completed,629e2a00-df19-4cc8-b428-6e72995ad891
TXN_4775,USR_306,2023-06-27,2206,Savings,DEBIT,Completed,629e2a00-df19-4cc8-b428-6e72995ad891
TXN_4776,USR_306,2023-04-14,725,Shopping,DEBIT,Completed,629e2a00-df19-4cc8-b428-6e72995ad891
TXN_4777,USR_306,2023-04-01,792,Other Income,CREDIT,Completed,629e2a00-df19-4cc8-b428-6e72995ad891
TXN_4778,USR_306,2023-05-17,2045,Shopping,DEBIT,Completed,629e2a00-df19-4cc8-b428-6e72995ad891
TXN_4779,USR_306,2023-04-24,1353,Food,DEBIT,Completed,629e2a00-df19-4cc8-b428-6e72995ad891
TXN_4780,USR_306,2023-04-01,915,Transport,DEBIT,Completed,629e2a00-df19-4cc8-b428-6e72995ad891
TXN_4781,USR_306,2023-05-28,10068,Rent,DEBIT,Completed,629e2a00-df19-4cc8-b428-6e72995ad891
TXN_4782,USR_306,2023-06-14,8670,Rent,DEBIT,Completed,629e2a00-df19-4cc8-b428-6e72995ad891
TXN_4783,USR_306,2023-05-14,3903,Savings,DEBIT,Completed,629e2a00-df19-4cc8-b428-6e72995ad891
TXN_4784,USR_306,2023-04-05,2515,Transport,DEBIT,Completed,629e2a00-df19-4cc8-b428-6e72995ad891
TXN_4785,USR_306,2023-04-03,1130,Shopping,DEBIT,Completed,629e2a00-df19-4cc8-b428-6e72995ad891
TXN_4786,USR_306,2023-06-27,1748,Utility Bill,DEBIT,Completed,629e2a00-df19-4cc8-b428-6e72995ad891
TXN_4787,USR_306,2023-05-13,2411,Shopping,DEBIT,Completed,629e2a00-df19-4cc8-b428-6e72995ad891
TXN_4788,USR_306,2023-05-10,502,Shopping,DEBIT,Completed,629e2a00-df19-4cc8-b428-6e72995ad891
TXN_4789,USR_307,2023-05-01,885,Transport,DEBIT,Completed,7e81f00c-03e4-47d7-899b-f6c284b4e5e1
TXN_4790,USR_307,2023-04-26,2697,Savings,DEBIT,Completed,7e81f00c-03e4-47d7-899b-f6c284b4e5e1
TXN_4791,USR_307,2023-06-02,615,Food,DEBIT,Completed,7e81f00c-03e4-47d7-899b-f6c284b4e5e1
TXN_4792,USR_307,2023-04-24,1322,Utility Bill,DEBIT,Completed,7e81f00c-03e4-47d7-899b-f6c284b4e5e1
TXN_4793,USR_307,2023-06-13,926,Shopping,DEBIT,Completed,7e81f00c-03e4-47d7-899b-f6c284b4e5e1
TXN_4794,USR_307,2023-05-23,1750,Transport,DEBIT,Completed,7e81f00c-03e4-47d7-899b-f6c284b4e5e1
TXN_4795,USR_307,2023-06-17,2900,Food,DEBIT,Completed,7e81f00c-03e4-47d7-899b-f6c284b4e5e1
TXN_4796,USR_307,2023-05-15,4296,Savings,DEBIT,Completed,7e81f00c-03e4-47d7-899b-f6c284b4e5e1
TXN_4797,USR_307,2023-05-31,1496,Food,DEBIT,Completed,7e81f00c-03e4-47d7-899b-f6c284b4e5e1
TXN_4798,USR_307,2023-05-22,436,Transport,DEBIT,Completed,7e81f00c-03e4-47d7-899b-f6c284b4e5e1
TXN_4799,USR_307,2023-04-06,7830,Rent,DEBIT,Completed,7e81f00c-03e4-47d7-899b-f6c284b4e5e1
TXN_4800,USR_307,2023-04-12,2397,Shopping,DEBIT,Completed,7e81f00c-03e4-47d7-899b-f6c284b4e5e1
TXN_4801,USR_307,2023-04-08,2416,Food,DEBIT,Completed,7e81f00c-03e4-47d7-899b-f6c284b4e5e1
TXN_4802,USR_307,2023-06-20,9570,Rent,DEBIT,Late,7e81f00c-03e4-47d7-899b-f6c284b4e5e1
TXN_4803,USR_307,2023-04-30,2497,Food,DEBIT,Completed,7e81f00c-03e4-47d7-899b-f6c284b4e5e1
TXN_4804,USR_308,2023-05-03,785,Shopping,DEBIT,Completed,43ec2fd0-d716-47a5-b910-cdc03fda7f89
TXN_4805,USR_308,2023-05-25,9675,Rent,DEBIT,Completed,43ec2fd0-d716-47a5-b910-cdc03fda7f89
TXN_4806,USR_308,2023-04-25,1709,Other Income,CREDIT,Completed,43ec2fd0-d716-47a5-b910-cdc03fda7f89
TXN_4807,USR_308,2023-06-08,4509,Other Income,CREDIT,Completed,43ec2fd0-d716-47a5-b910-cdc03fda7f89
TXN_4808,USR_308,2023-05-14,1921,Utility Bill,DEBIT,Completed,43ec2fd0-d716-47a5-b910-cdc03fda7f89
TXN_4809,USR_308,2023-05-16,571,Other Income,CREDIT,Completed,43ec2fd0-d716-47a5-b910-cdc03fda7f89
TXN_4810,USR_308,2023-05-04,1544,Food,DEBIT,Completed,43ec2fd0-d716-47a5-b910-cdc03fda7f89
TXN_4811,USR_308,2023-06-02,2411,Shopping,DEBIT,Completed,43ec2fd0-d716-47a5-b910-cdc03fda7f89
TXN_4812,USR_308,2023-06-07,681,Shopping,DEBIT,Completed,43ec2fd0-d716-47a5-b910-cdc03fda7f89
TXN_4813,USR_308,2023-06-23,10991,Rent,DEBIT,Completed,43ec2fd0-d716-47a5-b910-cdc03fda7f89
TXN_4814,USR_308,2023-06-03,1050,Other Income,CREDIT,Completed,43ec2fd0-d716-47a5-b910-cdc03fda7f89
TXN_4815,USR_308,2023-06-19,3480,Other Income,CREDIT,Completed,43ec2fd0-d716-47a5-b910-cdc03fda7f89
TXN_4816,USR_308,2023-05-17,480,Food,DEBIT,Completed,43ec2fd0-d716-47a5-b910-cdc03fda7f89
TXN_4817,USR_308,2023-06-21,1683,Food,DEBIT,Completed,43ec2fd0-d716-47a5-b910-cdc03fda7f89
TXN_4818,USR_309,2023-06-09,1421,Transport,DEBIT,Completed,0705f2a3-181c-4c71-a30f-8d1548976f78
TXN_4819,USR_309,2023-05-15,2628,Transport,DEBIT,Completed,0705f2a3-181c-4c71-a30f-8d1548976f78
TXN_4820,USR_309,2023-04-15,10346,Rent,DEBIT,Completed,0705f2a3-181c-4c71-a30f-8d1548976f78
TXN_4821,USR_309,2023-04-11,26388,Salary,CREDIT,Completed,0705f2a3-181c-4c71-a30f-8d1548976f78
TXN_4822,USR_309,2023-04-29,2805,Food,DEBIT,Completed,0705f2a3-181c-4c71-a30f-8d1548976f78
TXN_4823,USR_309,2023-06-17,26388,Salary,CREDIT,Completed,0705f2a3-181c-4c71-a30f-8d1548976f78
TXN_4824,USR_309,2023-06-10,2662,Shopping,DEBIT,Completed,0705f2a3-181c-4c71-a30f-8d1548976f78
TXN_4825,USR_309,2023-05-02,624,Utility Bill,DEBIT,Completed,0705f2a3-181c-4c71-a30f-8d1548976f78
TXN_4826,USR_309,2023-04-05,4464,Savings,DEBIT,Completed,0705f2a3-181c-4c71-a30f-8d1548976f78
TXN_4827,USR_309,2023-06-08,1294,Utility Bill,DEBIT,Completed,0705f2a3-181c-4c71-a30f-8d1548976f78
TXN_4828,USR_309,2023-05-08,3202,Savings,DEBIT,Completed,0705f2a3-181c-4c71-a30f-8d1548976f78
TXN_4829,USR_309,2023-05-25,2061,Shopping,DEBIT,Completed,0705f2a3-181c-4c71-a30f-8d1548976f78
TXN_4830,USR_310,2023-04-23,7286,Rent,DEBIT,Completed,0f6455c0-4a16-4327-92b9-1b53c09dfd64
TXN_4831,USR_310,2023-06-13,7602,Rent,DEBIT,Completed,0f6455c0-4a16-4327-92b9-1b53c09dfd64
TXN_4832,USR_310,2023-06-17,2375,Transport,DEBIT,Completed,0f6455c0-4a16-4327-92b9-1b53c09dfd64
TXN_4833,USR_310,2023-04-08,1574,Shopping,DEBIT,Completed,0f6455c0-4a16-4327-92b9-1b53c09dfd64
TXN_4834,USR_310,2023-04-15,6227,Rent,DEBIT,Completed,0f6455c0-4a16-4327-92b9-1b53c09dfd64
TXN_4835,USR_310,2023-05-04,2886,Savings,DEBIT,Completed,0f6455c0-4a16-4327-92b9-1b53c09dfd64
TXN_4836,USR_310,2023-06-21,11032,Rent,DEBIT,Completed,0f6455c0-4a16-4327-92b9-1b53c09dfd64
TXN_4837,USR_310,2023-06-15,1373,Other Income,CREDIT,Completed,0f6455c0-4a16-4327-92b9-1b53c09dfd64
TXN_4838,USR_310,2023-06-20,2583,Shopping,DEBIT,Completed,0f6455c0-4a16-4327-92b9-1b53c09dfd64
TXN_4839,USR_310,2023-05-20,2860,Transport,DEBIT,Completed,0f6455c0-4a16-4327-92b9-1b53c09dfd64
TXN_4840,USR_310,2023-06-01,2869,Shopping,DEBIT,Completed,0f6455c0-4a16-4327-92b9-1b53c09dfd64
TXN_4841,USR_310,2023-04-12,4158,Savings,DEBIT,Completed,0f6455c0-4a16-4327-92b9-1b53c09dfd64
TXN_4842,USR_311,2023-04-03,2340,Savings,DEBIT,Completed,7d84ba84-57c2-47dc-8597-39d33c4bf01d
TXN_4843,USR_311,2023-05-01,2454,Food,DEBIT,Completed,7d84ba84-57c2-47dc-8597-39d33c4bf01d
TXN_4844,USR_311,2023-04-10,1762,Utility Bill,DEBIT,Completed,7d84ba84-57c2-47dc-8597-39d33c4bf01d
TXN_4845,USR_311,2023-06-13,584,Shopping,DEBIT,Completed,7d84ba84-57c2-47dc-8597-39d33c4bf01d
TXN_4846,USR_311,2023-05-16,1862,Transport,DEBIT,Completed,7d84ba84-57c2-47dc-8597-39d33c4bf01d
TXN_4847,USR_311,2023-04-29,541,Shopping,DEBIT,Completed,7d84ba84-57c2-47dc-8597-39d33c4bf01d
TXN_4848,USR_311,2023-04-21,256,Food,DEBIT,Completed,7d84ba84-57c2-47dc-8597-39d33c4bf01d
TXN_4849,USR_311,2023-04-29,2600,Food,DEBIT,Completed,7d84ba84-57c2-47dc-8597-39d33c4bf01d
TXN_4850,USR_311,2023-05-11,1022,Savings,DEBIT,Completed,7d84ba84-57c2-47dc-8597-39d33c4bf01d
TXN_4851,USR_311,2023-05-08,7222,Rent,DEBIT,Late,7d84ba84-57c2-47dc-8597-39d33c4bf01d
TXN_4852,USR_311,2023-05-28,3580,Other Income,CREDIT,Completed,7d84ba84-57c2-47dc-8597-39d33c4bf01d
TXN_4853,USR_311,2023-06-12,2773,Transport,DEBIT,Completed,7d84ba84-57c2-47dc-8597-39d33c4bf01d
TXN_4854,USR_311,2023-04-19,2161,Utility Bill,DEBIT,Completed,7d84ba84-57c2-47dc-8597-39d33c4bf01d
TXN_4855,USR_312,2023-04-18,674,Other Income,CREDIT,Completed,1d082b51-0e7a-43ed-a9e7-c7d519201146
TXN_4856,USR_312,2023-06-16,1457,Shopping,DEBIT,Completed,1d082b51-0e7a-43ed-a9e7-c7d519201146
TXN_4857,USR_312,2023-06-29,1836,Other Income,CREDIT,Completed,1d082b51-0e7a-43ed-a9e7-c7d519201146
TXN_4858,USR_312,2023-04-30,2719,Food,DEBIT,Completed,1d082b51-0e7a-43ed-a9e7-c7d519201146
TXN_4859,USR_312,2023-06-15,6930,Rent,DEBIT,Completed,1d082b51-0e7a-43ed-a9e7-c7d519201146
TXN_4860,USR_312,2023-04-23,7085,Rent,DEBIT,Completed,1d082b51-0e7a-43ed-a9e7-c7d519201146
TXN_4861,USR_312,2023-04-11,9746,Rent,DEBIT,Late,1d082b51-0e7a-43ed-a9e7-c7d519201146
TXN_4862,USR_312,2023-05-25,1414,Utility Bill,DEBIT,Completed,1d082b51-0e7a-43ed-a9e7-c7d519201146
TXN_4863,USR_312,2023-04-05,1638,Savings,DEBIT,Completed,1d082b51-0e7a-43ed-a9e7-c7d519201146
TXN_4864,USR_312,2023-04-29,8926,Rent,DEBIT,Completed,1d082b51-0e7a-43ed-a9e7-c7d519201146
TXN_4865,USR_312,2023-05-06,1463,Other Income,CREDIT,Completed,1d082b51-0e7a-43ed-a9e7-c7d519201146
TXN_4866,USR_312,2023-04-29,2194,Savings,DEBIT,Completed,1d082b51-0e7a-43ed-a9e7-c7d519201146
TXN_4867,USR_313,2023-06-04,2264,Savings,DEBIT,Completed,018dda3a-a59e-43d5-a549-542f27583f75
TXN_4868,USR_313,2023-05-24,4845,Savings,DEBIT,Completed,018dda3a-a59e-43d5-a549-542f27583f75
TXN_4869,USR_313,2023-06-12,1485,Transport,DEBIT,Completed,018dda3a-a59e-43d5-a549-542f27583f75
TXN_4870,USR_313,2023-06-20,3883,Savings,DEBIT,Completed,018dda3a-a59e-43d5-a549-542f27583f75
TXN_4871,USR_313,2023-04-16,988,Transport,DEBIT,Completed,018dda3a-a59e-43d5-a549-542f27583f75
TXN_4872,USR_313,2023-06-11,7648,Rent,DEBIT,Completed,018dda3a-a59e-43d5-a549-542f27583f75
TXN_4873,USR_313,2023-06-12,3461,Savings,DEBIT,Completed,018dda3a-a59e-43d5-a549-542f27583f75
TXN_4874,USR_313,2023-05-06,1792,Savings,DEBIT,Completed,018dda3a-a59e-43d5-a549-542f27583f75
TXN_4875,USR_313,2023-04-26,1915,Transport,DEBIT,Completed,018dda3a-a59e-43d5-a549-542f27583f75
TXN_4876,USR_313,2023-04-06,2127,Food,DEBIT,Completed,018dda3a-a59e-43d5-a549-542f27583f75
TXN_4877,USR_313,2023-05-05,781,Transport,DEBIT,Completed,018dda3a-a59e-43d5-a549-542f27583f75
TXN_4878,USR_314,2023-04-30,10908,Rent,DEBIT,Completed,229a0300-991f-4747-90c6-099e1d0a7c03
TXN_4879,USR_314,2023-05-07,1760,Transport,DEBIT,Completed,229a0300-991f-4747-90c6-099e1d0a7c03
TXN_4880,USR_314,2023-06-23,3041,Other Income,CREDIT,Completed,229a0300-991f-4747-90c6-099e1d0a7c03
TXN_4881,USR_314,2023-04-06,9091,Rent,DEBIT,Completed,229a0300-991f-4747-90c6-099e1d0a7c03
TXN_4882,USR_314,2023-04-26,2154,Shopping,DEBIT,Completed,229a0300-991f-4747-90c6-099e1d0a7c03
TXN_4883,USR_314,2023-05-19,4006,Other Income,CREDIT,Completed,229a0300-991f-4747-90c6-099e1d0a7c03
TXN_4884,USR_314,2023-04-01,10931,Rent,DEBIT,Completed,229a0300-991f-4747-90c6-099e1d0a7c03
TXN_4885,USR_314,2023-06-01,3636,Savings,DEBIT,Completed,229a0300-991f-4747-90c6-099e1d0a7c03
TXN_4886,USR_314,2023-04-01,848,Transport,DEBIT,Completed,229a0300-991f-4747-90c6-099e1d0a7c03
TXN_4887,USR_314,2023-06-15,4895,Savings,DEBIT,Completed,229a0300-991f-4747-90c6-099e1d0a7c03
TXN_4888,USR_314,2023-06-06,1636,Utility Bill,DEBIT,Completed,229a0300-991f-4747-90c6-099e1d0a7c03
TXN_4889,USR_314,2023-04-27,2073,Other Income,CREDIT,Completed,229a0300-991f-4747-90c6-099e1d0a7c03
TXN_4890,USR_314,2023-04-13,1055,Savings,DEBIT,Completed,229a0300-991f-4747-90c6-099e1d0a7c03
TXN_4891,USR_314,2023-05-18,2461,Shopping,DEBIT,Completed,229a0300-991f-4747-90c6-099e1d0a7c03
TXN_4892,USR_315,2023-06-20,26778,Salary,CREDIT,Completed,4e211c20-25b7-43c1-a248-af6f0e1e548a
TXN_4893,USR_315,2023-05-15,2288,Shopping,DEBIT,Completed,4e211c20-25b7-43c1-a248-af6f0e1e548a
TXN_4894,USR_315,2023-06-09,4192,Other Income,CREDIT,Completed,4e211c20-25b7-43c1-a248-af6f0e1e548a
TXN_4895,USR_315,2023-04-07,385,Shopping,DEBIT,Completed,4e211c20-25b7-43c1-a248-af6f0e1e548a
TXN_4896,USR_315,2023-05-01,3999,Savings,DEBIT,Completed,4e211c20-25b7-43c1-a248-af6f0e1e548a
TXN_4897,USR_315,2023-05-24,739,Shopping,DEBIT,Completed,4e211c20-25b7-43c1-a248-af6f0e1e548a
TXN_4898,USR_315,2023-05-17,864,Food,DEBIT,Completed,4e211c20-25b7-43c1-a248-af6f0e1e548a
TXN_4899,USR_315,2023-06-01,666,Food,DEBIT,Completed,4e211c20-25b7-43c1-a248-af6f0e1e548a
TXN_4900,USR_315,2023-04-14,969,Other Income,CREDIT,Completed,4e211c20-25b7-43c1-a248-af6f0e1e548a
TXN_4901,USR_315,2023-06-09,2651,Food,DEBIT,Completed,4e211c20-25b7-43c1-a248-af6f0e1e548a
TXN_4902,USR_315,2023-06-08,2759,Transport,DEBIT,Completed,4e211c20-25b7-43c1-a248-af6f0e1e548a
TXN_4903,USR_315,2023-06-12,1534,Savings,DEBIT,Completed,4e211c20-25b7-43c1-a248-af6f0e1e548a
TXN_4904,USR_315,2023-04-12,992,Food,DEBIT,Completed,4e211c20-25b7-43c1-a248-af6f0e1e548a
TXN_4905,USR_315,2023-06-06,2965,Shopping,DEBIT,Completed,4e211c20-25b7-43c1-a248-af6f0e1e548a
TXN_4906,USR_315,2023-04-07,4055,Savings,DEBIT,Completed,4e211c20-25b7-43c1-a248-af6f0e1e548a
TXN_4907,USR_316,2023-05-08,3927,Other Income,CREDIT,Completed,5155ddbc-cbf1-4dca-9722-c342cca04cf4
TXN_4908,USR_316,2023-05-11,3289,Other Income,CREDIT,Completed,5155ddbc-cbf1-4dca-9722-c342cca04cf4
TXN_4909,USR_316,2023-05-29,1650,Transport,DEBIT,Completed,5155ddbc-cbf1-4dca-9722-c342cca04cf4
TXN_4910,USR_316,2023-05-30,234,Transport,DEBIT,Completed,5155ddbc-cbf1-4dca-9722-c342cca04cf4
TXN_4911,USR_316,2023-06-18,1695,Utility Bill,DEBIT,Completed,5155ddbc-cbf1-4dca-9722-c342cca04cf4
TXN_4912,USR_316,2023-04-19,36212,Salary,CREDIT,Completed,5155ddbc-cbf1-4dca-9722-c342cca04cf4
TXN_4913,USR_316,2023-05-01,518,Transport,DEBIT,Completed,5155ddbc-cbf1-4dca-9722-c342cca04cf4
TXN_4914,USR_316,2023-05-11,4633,Other Income,CREDIT,Completed,5155ddbc-cbf1-4dca-9722-c342cca04cf4
TXN_4915,USR_316,2023-05-08,2962,Savings,DEBIT,Completed,5155ddbc-cbf1-4dca-9722-c342cca04cf4
TXN_4916,USR_316,2023-04-01,3870,Savings,DEBIT,Completed,5155ddbc-cbf1-4dca-9722-c342cca04cf4
TXN_4917,USR_316,2023-05-01,2661,Transport,DEBIT,Completed,5155ddbc-cbf1-4dca-9722-c342cca04cf4
TXN_4918,USR_316,2023-05-17,2413,Transport,DEBIT,Completed,5155ddbc-cbf1-4dca-9722-c342cca04cf4
TXN_4919,USR_316,2023-04-16,3623,Savings,DEBIT,Completed,5155ddbc-cbf1-4dca-9722-c342cca04cf4
TXN_4920,USR_316,2023-06-05,1207,Shopping,DEBIT,Completed,5155ddbc-cbf1-4dca-9722-c342cca04cf4
TXN_4921,USR_316,2023-05-18,2196,Food,DEBIT,Completed,5155ddbc-cbf1-4dca-9722-c342cca04cf4
TXN_4922,USR_317,2023-04-16,1387,Transport,DEBIT,Completed,57af7111-5701-4278-9a2c-ae4533691605
TXN_4923,USR_317,2023-05-26,10997,Rent,DEBIT,Completed,57af7111-5701-4278-9a2c-ae4533691605
TXN_4924,USR_317,2023-06-11,7180,Rent,DEBIT,Completed,57af7111-5701-4278-9a2c-ae4533691605
TXN_4925,USR_317,2023-04-15,1569,Food,DEBIT,Completed,57af7111-5701-4278-9a2c-ae4533691605
TXN_4926,USR_317,2023-04-27,2769,Transport,DEBIT,Completed,57af7111-5701-4278-9a2c-ae4533691605
TXN_4927,USR_317,2023-04-30,1840,Utility Bill,DEBIT,Completed,57af7111-5701-4278-9a2c-ae4533691605
TXN_4928,USR_317,2023-06-04,2326,Shopping,DEBIT,Completed,57af7111-5701-4278-9a2c-ae4533691605
TXN_4929,USR_317,2023-04-12,11840,Rent,DEBIT,Completed,57af7111-5701-4278-9a2c-ae4533691605
TXN_4930,USR_317,2023-06-07,1792,Utility Bill,DEBIT,Completed,57af7111-5701-4278-9a2c-ae4533691605
TXN_4931,USR_317,2023-05-12,1538,Transport,DEBIT,Completed,57af7111-5701-4278-9a2c-ae4533691605
TXN_4932,USR_317,2023-05-06,1132,Other Income,CREDIT,Completed,57af7111-5701-4278-9a2c-ae4533691605
TXN_4933,USR_317,2023-04-09,2796,Transport,DEBIT,Completed,57af7111-5701-4278-9a2c-ae4533691605
TXN_4934,USR_318,2023-06-18,2997,Food,DEBIT,Completed,117c8f73-949b-4a8d-af16-eb4362bccf5c
TXN_4935,USR_318,2023-06-02,951,Other Income,CREDIT,Completed,117c8f73-949b-4a8d-af16-eb4362bccf5c
TXN_4936,USR_318,2023-06-13,1000,Utility Bill,DEBIT,Completed,117c8f73-949b-4a8d-af16-eb4362bccf5c
TXN_4937,USR_318,2023-04-04,3423,Savings,DEBIT,Completed,117c8f73-949b-4a8d-af16-eb4362bccf5c
TXN_4938,USR_318,2023-06-25,918,Food,DEBIT,Completed,117c8f73-949b-4a8d-af16-eb4362bccf5c
TXN_4939,USR_318,2023-06-18,267,Transport,DEBIT,Completed,117c8f73-949b-4a8d-af16-eb4362bccf5c
TXN_4940,USR_318,2023-05-11,2562,Shopping,DEBIT,Completed,117c8f73-949b-4a8d-af16-eb4362bccf5c
TXN_4941,USR_318,2023-06-06,2230,Shopping,DEBIT,Completed,117c8f73-949b-4a8d-af16-eb4362bccf5c
TXN_4942,USR_318,2023-05-15,4144,Other Income,CREDIT,Completed,117c8f73-949b-4a8d-af16-eb4362bccf5c
TXN_4943,USR_318,2023-04-04,2431,Transport,DEBIT,Completed,117c8f73-949b-4a8d-af16-eb4362bccf5c
TXN_4944,USR_318,2023-05-18,3131,Savings,DEBIT,Completed,117c8f73-949b-4a8d-af16-eb4362bccf5c
TXN_4945,USR_319,2023-05-31,649,Utility Bill,DEBIT,Completed,274764f6-cfe7-4393-9369-5315baf99564
TXN_4946,USR_319,2023-05-17,29279,Salary,CREDIT,Completed,274764f6-cfe7-4393-9369-5315baf99564
TXN_4947,USR_319,2023-05-30,4488,Other Income,CREDIT,Completed,274764f6-cfe7-4393-9369-5315baf99564
TXN_4948,USR_319,2023-04-07,1850,Transport,DEBIT,Completed,274764f6-cfe7-4393-9369-5315baf99564
TXN_4949,USR_319,2023-06-15,2270,Shopping,DEBIT,Completed,274764f6-cfe7-4393-9369-5315baf99564
TXN_4950,USR_319,2023-04-22,2130,Utility Bill,DEBIT,Completed,274764f6-cfe7-4393-9369-5315baf99564
TXN_4951,USR_319,2023-06-13,4223,Other Income,CREDIT,Completed,274764f6-cfe7-4393-9369-5315baf99564
TXN_4952,USR_319,2023-04-20,10401,Rent,DEBIT,Completed,274764f6-cfe7-4393-9369-5315baf99564
TXN_4953,USR_319,2023-06-20,1113,Transport,DEBIT,Completed,274764f6-cfe7-4393-9369-5315baf99564
TXN_4954,USR_319,2023-05-24,374,Shopping,DEBIT,Completed,274764f6-cfe7-4393-9369-5315baf99564
TXN_4955,USR_319,2023-04-19,11248,Rent,DEBIT,Completed,274764f6-cfe7-4393-9369-5315baf99564
TXN_4956,USR_319,2023-04-07,2523,Transport,DEBIT,Completed,274764f6-cfe7-4393-9369-5315baf99564
TXN_4957,USR_319,2023-04-25,2371,Utility Bill,DEBIT,Completed,274764f6-cfe7-4393-9369-5315baf99564
TXN_4958,USR_320,2023-06-11,6241,Rent,DEBIT,Completed,328100b6-a1c0-4dac-82d5-b46f87c34d2b
TXN_4959,USR_320,2023-04-03,831,Other Income,CREDIT,Completed,328100b6-a1c0-4dac-82d5-b46f87c34d2b
TXN_4960,USR_320,2023-04-05,2933,Other Income,CREDIT,Completed,328100b6-a1c0-4dac-82d5-b46f87c34d2b
TXN_4961,USR_320,2023-05-16,6145,Rent,DEBIT,Completed,328100b6-a1c0-4dac-82d5-b46f87c34d2b
TXN_4962,USR_320,2023-04-29,4955,Other Income,CREDIT,Completed,328100b6-a1c0-4dac-82d5-b46f87c34d2b
TXN_4963,USR_320,2023-05-12,1552,Transport,DEBIT,Completed,328100b6-a1c0-4dac-82d5-b46f87c34d2b
TXN_4964,USR_320,2023-06-29,6046,Rent,DEBIT,Completed,328100b6-a1c0-4dac-82d5-b46f87c34d2b
TXN_4965,USR_320,2023-04-10,2303,Utility Bill,DEBIT,Completed,328100b6-a1c0-4dac-82d5-b46f87c34d2b
TXN_4966,USR_320,2023-05-06,7003,Rent,DEBIT,Completed,328100b6-a1c0-4dac-82d5-b46f87c34d2b
TXN_4967,USR_320,2023-05-19,2228,Other Income,CREDIT,Completed,328100b6-a1c0-4dac-82d5-b46f87c34d2b
TXN_4968,USR_320,2023-04-18,254,Shopping,DEBIT,Completed,328100b6-a1c0-4dac-82d5-b46f87c34d2b
TXN_4969,USR_321,2023-05-25,1744,Utility Bill,DEBIT,Late,46be5203-8480-4eb4-84de-6616929bf7b4
TXN_4970,USR_321,2023-06-11,1973,Savings,DEBIT,Completed,46be5203-8480-4eb4-84de-6616929bf7b4
TXN_4971,USR_321,2023-05-19,2982,Transport,DEBIT,Completed,46be5203-8480-4eb4-84de-6616929bf7b4
TXN_4972,USR_321,2023-05-21,4570,Savings,DEBIT,Completed,46be5203-8480-4eb4-84de-6616929bf7b4
TXN_4973,USR_321,2023-06-06,3051,Salary,CREDIT,Completed,46be5203-8480-4eb4-84de-6616929bf7b4
TXN_4974,USR_321,2023-05-28,2076,Salary,CREDIT,Completed,46be5203-8480-4eb4-84de-6616929bf7b4
TXN_4975,USR_321,2023-04-03,2845,Transport,DEBIT,Completed,46be5203-8480-4eb4-84de-6616929bf7b4
TXN_4976,USR_321,2023-06-05,1261,Utility Bill,DEBIT,Completed,46be5203-8480-4eb4-84de-6616929bf7b4
TXN_4977,USR_321,2023-05-10,1749,Food,DEBIT,Completed,46be5203-8480-4eb4-84de-6616929bf7b4
TXN_4978,USR_321,2023-04-22,110,Food,DEBIT,Completed,46be5203-8480-4eb4-84de-6616929bf7b4
TXN_4979,USR_321,2023-05-03,7168,Rent,DEBIT,Completed,46be5203-8480-4eb4-84de-6616929bf7b4
TXN_4980,USR_321,2023-05-08,2091,Salary,CREDIT,Completed,46be5203-8480-4eb4-84de-6616929bf7b4
TXN_4981,USR_321,2023-05-04,6308,Rent,DEBIT,Completed,46be5203-8480-4eb4-84de-6616929bf7b4
TXN_4982,USR_321,2023-06-10,11657,Rent,DEBIT,Late,46be5203-8480-4eb4-84de-6616929bf7b4
TXN_4983,USR_322,2023-05-23,4955,Other Income,CREDIT,Completed,b4f7eb8e-3b7d-4422-bffb-8e0fc32037fc
TXN_4984,USR_322,2023-04-12,2298,Other Income,CREDIT,Completed,b4f7eb8e-3b7d-4422-bffb-8e0fc32037fc
TXN_4985,USR_322,2023-06-06,1177,Utility Bill,DEBIT,Completed,b4f7eb8e-3b7d-4422-bffb-8e0fc32037fc
TXN_4986,USR_322,2023-06-16,4074,Other Income,CREDIT,Completed,b4f7eb8e-3b7d-4422-bffb-8e0fc32037fc
TXN_4987,USR_322,2023-05-15,1463,Other Income,CREDIT,Completed,b4f7eb8e-3b7d-4422-bffb-8e0fc32037fc
TXN_4988,USR_322,2023-04-12,684,Utility Bill,DEBIT,Completed,b4f7eb8e-3b7d-4422-bffb-8e0fc32037fc
TXN_4989,USR_322,2023-04-25,2992,Shopping,DEBIT,Completed,b4f7eb8e-3b7d-4422-bffb-8e0fc32037fc
TXN_4990,USR_322,2023-04-13,2799,Shopping,DEBIT,Completed,b4f7eb8e-3b7d-4422-bffb-8e0fc32037fc
TXN_4991,USR_322,2023-04-22,1243,Utility Bill,DEBIT,Completed,b4f7eb8e-3b7d-4422-bffb-8e0fc32037fc
TXN_4992,USR_322,2023-04-18,864,Shopping,DEBIT,Completed,b4f7eb8e-3b7d-4422-bffb-8e0fc32037fc
TXN_4993,USR_323,2023-06-11,974,Utility Bill,DEBIT,Completed,6b129b81-3465-41f0-bd8b-607c532f640b
TXN_4994,USR_323,2023-05-13,3079,Savings,DEBIT,Completed,6b129b81-3465-41f0-bd8b-607c532f640b
TXN_4995,USR_323,2023-04-17,270,Transport,DEBIT,Completed,6b129b81-3465-41f0-bd8b-607c532f640b
TXN_4996,USR_323,2023-04-13,1412,Other Income,CREDIT,Completed,6b129b81-3465-41f0-bd8b-607c532f640b
TXN_4997,USR_323,2023-06-16,10407,Salary,CREDIT,Completed,6b129b81-3465-41f0-bd8b-607c532f640b
TXN_4998,USR_323,2023-05-30,1078,Utility Bill,DEBIT,Completed,6b129b81-3465-41f0-bd8b-607c532f640b
TXN_4999,USR_323,2023-04-20,2653,Savings,DEBIT,Completed,6b129b81-3465-41f0-bd8b-607c532f640b
TXN_5000,USR_323,2023-04-08,1227,Food,DEBIT,Completed,6b129b81-3465-41f0-bd8b-607c532f640b
TXN_5001,USR_323,2023-05-10,2262,Utility Bill,DEBIT,Completed,6b129b81-3465-41f0-bd8b-607c532f640b
TXN_5002,USR_323,2023-04-27,2528,Transport,DEBIT,Completed,6b129b81-3465-41f0-bd8b-607c532f640b
TXN_5003,USR_323,2023-05-13,8075,Rent,DEBIT,Completed,6b129b81-3465-41f0-bd8b-607c532f640b
TXN_5004,USR_323,2023-06-20,1025,Food,DEBIT,Completed,6b129b81-3465-41f0-bd8b-607c532f640b
TXN_5005,USR_323,2023-06-08,1170,Utility Bill,DEBIT,Completed,6b129b81-3465-41f0-bd8b-607c532f640b
TXN_5006,USR_323,2023-04-18,4955,Savings,DEBIT,Completed,6b129b81-3465-41f0-bd8b-607c532f640b
TXN_5007,USR_323,2023-04-03,2509,Transport,DEBIT,Completed,6b129b81-3465-41f0-bd8b-607c532f640b
TXN_5008,USR_324,2023-05-24,781,Food,DEBIT,Completed,807b5d61-2109-4e00-8eab-d3f73ba1c48f
TXN_5009,USR_324,2023-04-23,3678,Savings,DEBIT,Completed,807b5d61-2109-4e00-8eab-d3f73ba1c48f
TXN_5010,USR_324,2023-04-14,239,Transport,DEBIT,Completed,807b5d61-2109-4e00-8eab-d3f73ba1c48f
TXN_5011,USR_324,2023-04-20,2850,Transport,DEBIT,Completed,807b5d61-2109-4e00-8eab-d3f73ba1c48f
TXN_5012,USR_324,2023-05-23,1061,Transport,DEBIT,Completed,807b5d61-2109-4e00-8eab-d3f73ba1c48f
TXN_5013,USR_324,2023-05-20,1964,Shopping,DEBIT,Completed,807b5d61-2109-4e00-8eab-d3f73ba1c48f
TXN_5014,USR_324,2023-04-29,2694,Savings,DEBIT,Completed,807b5d61-2109-4e00-8eab-d3f73ba1c48f
TXN_5015,USR_324,2023-05-10,4174,Savings,DEBIT,Completed,807b5d61-2109-4e00-8eab-d3f73ba1c48f
TXN_5016,USR_324,2023-05-26,9075,Rent,DEBIT,Completed,807b5d61-2109-4e00-8eab-d3f73ba1c48f
TXN_5017,USR_324,2023-06-23,5393,Rent,DEBIT,Completed,807b5d61-2109-4e00-8eab-d3f73ba1c48f
TXN_5018,USR_324,2023-04-03,611,Transport,DEBIT,Completed,807b5d61-2109-4e00-8eab-d3f73ba1c48f
TXN_5019,USR_325,2023-04-11,2551,Food,DEBIT,Completed,21241bad-5747-4ca4-81cd-0cdb78ca706e
TXN_5020,USR_325,2023-05-17,2810,Food,DEBIT,Completed,21241bad-5747-4ca4-81cd-0cdb78ca706e
TXN_5021,USR_325,2023-05-26,1442,Shopping,DEBIT,Completed,21241bad-5747-4ca4-81cd-0cdb78ca706e
TXN_5022,USR_325,2023-06-03,1737,Food,DEBIT,Completed,21241bad-5747-4ca4-81cd-0cdb78ca706e
TXN_5023,USR_325,2023-04-23,6566,Rent,DEBIT,Completed,21241bad-5747-4ca4-81cd-0cdb78ca706e
TXN_5024,USR_325,2023-05-17,1952,Shopping,DEBIT,Completed,21241bad-5747-4ca4-81cd-0cdb78ca706e
TXN_5025,USR_325,2023-06-03,8191,Rent,DEBIT,Completed,21241bad-5747-4ca4-81cd-0cdb78ca706e
TXN_5026,USR_325,2023-05-18,1886,Shopping,DEBIT,Completed,21241bad-5747-4ca4-81cd-0cdb78ca706e
TXN_5027,USR_325,2023-05-12,4146,Other Income,CREDIT,Completed,21241bad-5747-4ca4-81cd-0cdb78ca706e
TXN_5028,USR_325,2023-04-01,4557,Other Income,CREDIT,Completed,21241bad-5747-4ca4-81cd-0cdb78ca706e
TXN_5029,USR_325,2023-06-02,1831,Shopping,DEBIT,Completed,21241bad-5747-4ca4-81cd-0cdb78ca706e
TXN_5030,USR_325,2023-05-22,11114,Rent,DEBIT,Completed,21241bad-5747-4ca4-81cd-0cdb78ca706e
TXN_5031,USR_325,2023-04-14,7223,Rent,DEBIT,Completed,21241bad-5747-4ca4-81cd-0cdb78ca706e
TXN_5032,USR_325,2023-05-22,740,Transport,DEBIT,Completed,21241bad-5747-4ca4-81cd-0cdb78ca706e
TXN_5033,USR_326,2023-04-18,4052,Other Income,CREDIT,Completed,fa6316ad-b7dd-482a-8ee9-4ea9fe0035c1
TXN_5034,USR_326,2023-05-02,2940,Savings,DEBIT,Completed,fa6316ad-b7dd-482a-8ee9-4ea9fe0035c1
TXN_5035,USR_326,2023-06-11,2797,Other Income,CREDIT,Completed,fa6316ad-b7dd-482a-8ee9-4ea9fe0035c1
TXN_5036,USR_326,2023-04-02,2247,Utility Bill,DEBIT,Late,fa6316ad-b7dd-482a-8ee9-4ea9fe0035c1
TXN_5037,USR_326,2023-05-14,2565,Shopping,DEBIT,Completed,fa6316ad-b7dd-482a-8ee9-4ea9fe0035c1
TXN_5038,USR_326,2023-04-21,384,Transport,DEBIT,Completed,fa6316ad-b7dd-482a-8ee9-4ea9fe0035c1
TXN_5039,USR_326,2023-06-10,11738,Rent,DEBIT,Late,fa6316ad-b7dd-482a-8ee9-4ea9fe0035c1
TXN_5040,USR_326,2023-05-02,2697,Savings,DEBIT,Completed,fa6316ad-b7dd-482a-8ee9-4ea9fe0035c1
TXN_5041,USR_326,2023-06-15,2201,Utility Bill,DEBIT,Late,fa6316ad-b7dd-482a-8ee9-4ea9fe0035c1
TXN_5042,USR_326,2023-06-22,1565,Food,DEBIT,Completed,fa6316ad-b7dd-482a-8ee9-4ea9fe0035c1
TXN_5043,USR_326,2023-05-14,7675,Rent,DEBIT,Completed,fa6316ad-b7dd-482a-8ee9-4ea9fe0035c1
TXN_5044,USR_326,2023-06-06,2696,Transport,DEBIT,Completed,fa6316ad-b7dd-482a-8ee9-4ea9fe0035c1
TXN_5045,USR_326,2023-04-02,1479,Utility Bill,DEBIT,Late,fa6316ad-b7dd-482a-8ee9-4ea9fe0035c1
TXN_5046,USR_327,2023-06-02,2975,Other Income,CREDIT,Completed,1bad773b-3f8b-4d30-920a-00bc6e8da69a
TXN_5047,USR_327,2023-05-19,1697,Food,DEBIT,Completed,1bad773b-3f8b-4d30-920a-00bc6e8da69a
TXN_5048,USR_327,2023-06-13,9723,Rent,DEBIT,Completed,1bad773b-3f8b-4d30-920a-00bc6e8da69a
TXN_5049,USR_327,2023-04-16,4515,Other Income,CREDIT,Completed,1bad773b-3f8b-4d30-920a-00bc6e8da69a
TXN_5050,USR_327,2023-05-26,1709,Savings,DEBIT,Completed,1bad773b-3f8b-4d30-920a-00bc6e8da69a
TXN_5051,USR_327,2023-04-18,324,Food,DEBIT,Completed,1bad773b-3f8b-4d30-920a-00bc6e8da69a
TXN_5052,USR_327,2023-05-25,569,Food,DEBIT,Completed,1bad773b-3f8b-4d30-920a-00bc6e8da69a
TXN_5053,USR_327,2023-05-18,6331,Rent,DEBIT,Completed,1bad773b-3f8b-4d30-920a-00bc6e8da69a
TXN_5054,USR_327,2023-05-22,2894,Transport,DEBIT,Completed,1bad773b-3f8b-4d30-920a-00bc6e8da69a
TXN_5055,USR_327,2023-05-18,1992,Utility Bill,DEBIT,Completed,1bad773b-3f8b-4d30-920a-00bc6e8da69a
TXN_5056,USR_327,2023-04-07,14576,Salary,CREDIT,Completed,1bad773b-3f8b-4d30-920a-00bc6e8da69a
TXN_5057,USR_327,2023-04-13,2446,Savings,DEBIT,Completed,1bad773b-3f8b-4d30-920a-00bc6e8da69a
TXN_5058,USR_327,2023-04-26,3423,Other Income,CREDIT,Completed,1bad773b-3f8b-4d30-920a-00bc6e8da69a
TXN_5059,USR_327,2023-04-12,3659,Savings,DEBIT,Completed,1bad773b-3f8b-4d30-920a-00bc6e8da69a
TXN_5060,USR_328,2023-05-15,329,Shopping,DEBIT,Completed,55a2b7e1-4e2a-4ace-82be-155ec0e8f0f3
TXN_5061,USR_328,2023-06-28,2746,Food,DEBIT,Completed,55a2b7e1-4e2a-4ace-82be-155ec0e8f0f3
TXN_5062,USR_328,2023-06-01,9827,Rent,DEBIT,Completed,55a2b7e1-4e2a-4ace-82be-155ec0e8f0f3
TXN_5063,USR_328,2023-06-15,1305,Other Income,CREDIT,Completed,55a2b7e1-4e2a-4ace-82be-155ec0e8f0f3
TXN_5064,USR_328,2023-06-18,4108,Other Income,CREDIT,Completed,55a2b7e1-4e2a-4ace-82be-155ec0e8f0f3
TXN_5065,USR_328,2023-05-26,10226,Rent,DEBIT,Completed,55a2b7e1-4e2a-4ace-82be-155ec0e8f0f3
TXN_5066,USR_328,2023-06-14,2806,Other Income,CREDIT,Completed,55a2b7e1-4e2a-4ace-82be-155ec0e8f0f3
TXN_5067,USR_328,2023-05-22,2378,Transport,DEBIT,Completed,55a2b7e1-4e2a-4ace-82be-155ec0e8f0f3
TXN_5068,USR_328,2023-06-25,4674,Savings,DEBIT,Completed,55a2b7e1-4e2a-4ace-82be-155ec0e8f0f3
TXN_5069,USR_328,2023-04-12,449,Shopping,DEBIT,Completed,55a2b7e1-4e2a-4ace-82be-155ec0e8f0f3
TXN_5070,USR_328,2023-04-17,1864,Savings,DEBIT,Completed,55a2b7e1-4e2a-4ace-82be-155ec0e8f0f3
TXN_5071,USR_328,2023-06-07,1313,Utility Bill,DEBIT,Completed,55a2b7e1-4e2a-4ace-82be-155ec0e8f0f3
TXN_5072,USR_328,2023-04-17,1946,Savings,DEBIT,Completed,55a2b7e1-4e2a-4ace-82be-155ec0e8f0f3
TXN_5073,USR_329,2023-06-04,3696,Savings,DEBIT,Completed,78fbd4ad-70e2-469a-99fd-2f35aca3bc9b
TXN_5074,USR_329,2023-05-28,4259,Savings,DEBIT,Completed,78fbd4ad-70e2-469a-99fd-2f35aca3bc9b
TXN_5075,USR_329,2023-05-10,4321,Other Income,CREDIT,Completed,78fbd4ad-70e2-469a-99fd-2f35aca3bc9b
TXN_5076,USR_329,2023-06-12,941,Other Income,CREDIT,Completed,78fbd4ad-70e2-469a-99fd-2f35aca3bc9b
TXN_5077,USR_329,2023-06-19,578,Shopping,DEBIT,Completed,78fbd4ad-70e2-469a-99fd-2f35aca3bc9b
TXN_5078,USR_329,2023-06-12,2682,Shopping,DEBIT,Completed,78fbd4ad-70e2-469a-99fd-2f35aca3bc9b
TXN_5079,USR_329,2023-04-21,2405,Utility Bill,DEBIT,Completed,78fbd4ad-70e2-469a-99fd-2f35aca3bc9b
TXN_5080,USR_329,2023-04-25,2768,Transport,DEBIT,Completed,78fbd4ad-70e2-469a-99fd-2f35aca3bc9b
TXN_5081,USR_329,2023-05-19,10242,Rent,DEBIT,Late,78fbd4ad-70e2-469a-99fd-2f35aca3bc9b
TXN_5082,USR_329,2023-04-29,1608,Utility Bill,DEBIT,Completed,78fbd4ad-70e2-469a-99fd-2f35aca3bc9b
TXN_5083,USR_329,2023-06-26,2480,Utility Bill,DEBIT,Late,78fbd4ad-70e2-469a-99fd-2f35aca3bc9b
TXN_5084,USR_330,2023-06-03,3296,Savings,DEBIT,Completed,7e4bb55a-c45d-4a89-a3a4-abb183387d51
TXN_5085,USR_330,2023-06-18,11012,Rent,DEBIT,Completed,7e4bb55a-c45d-4a89-a3a4-abb183387d51
TXN_5086,USR_330,2023-04-02,3280,Savings,DEBIT,Completed,7e4bb55a-c45d-4a89-a3a4-abb183387d51
TXN_5087,USR_330,2023-04-26,926,Other Income,CREDIT,Completed,7e4bb55a-c45d-4a89-a3a4-abb183387d51
TXN_5088,USR_330,2023-06-25,11292,Rent,DEBIT,Completed,7e4bb55a-c45d-4a89-a3a4-abb183387d51
TXN_5089,USR_330,2023-06-17,6744,Salary,CREDIT,Completed,7e4bb55a-c45d-4a89-a3a4-abb183387d51
TXN_5090,USR_330,2023-06-01,1760,Utility Bill,DEBIT,Completed,7e4bb55a-c45d-4a89-a3a4-abb183387d51
TXN_5091,USR_330,2023-04-21,775,Transport,DEBIT,Completed,7e4bb55a-c45d-4a89-a3a4-abb183387d51
TXN_5092,USR_330,2023-05-23,2776,Shopping,DEBIT,Completed,7e4bb55a-c45d-4a89-a3a4-abb183387d51
TXN_5093,USR_330,2023-04-19,4218,Other Income,CREDIT,Completed,7e4bb55a-c45d-4a89-a3a4-abb183387d51
TXN_5094,USR_330,2023-05-05,4950,Other Income,CREDIT,Completed,7e4bb55a-c45d-4a89-a3a4-abb183387d51
TXN_5095,USR_330,2023-04-28,1843,Transport,DEBIT,Completed,7e4bb55a-c45d-4a89-a3a4-abb183387d51
TXN_5096,USR_330,2023-04-17,9159,Rent,DEBIT,Completed,7e4bb55a-c45d-4a89-a3a4-abb183387d51
TXN_5097,USR_330,2023-06-18,1561,Food,DEBIT,Completed,7e4bb55a-c45d-4a89-a3a4-abb183387d51
TXN_5098,USR_331,2023-06-13,2392,Transport,DEBIT,Completed,3606bf2c-8f6a-4db1-80a6-7e2a3d996b74
TXN_5099,USR_331,2023-06-29,4819,Savings,DEBIT,Completed,3606bf2c-8f6a-4db1-80a6-7e2a3d996b74
TXN_5100,USR_331,2023-06-26,2125,Shopping,DEBIT,Completed,3606bf2c-8f6a-4db1-80a6-7e2a3d996b74
TXN_5101,USR_331,2023-05-25,1612,Other Income,CREDIT,Completed,3606bf2c-8f6a-4db1-80a6-7e2a3d996b74
TXN_5102,USR_331,2023-06-14,8074,Rent,DEBIT,Completed,3606bf2c-8f6a-4db1-80a6-7e2a3d996b74
TXN_5103,USR_331,2023-06-09,8234,Rent,DEBIT,Completed,3606bf2c-8f6a-4db1-80a6-7e2a3d996b74
TXN_5104,USR_331,2023-06-08,2891,Food,DEBIT,Completed,3606bf2c-8f6a-4db1-80a6-7e2a3d996b74
TXN_5105,USR_331,2023-06-12,2194,Utility Bill,DEBIT,Completed,3606bf2c-8f6a-4db1-80a6-7e2a3d996b74
TXN_5106,USR_331,2023-06-08,2894,Shopping,DEBIT,Completed,3606bf2c-8f6a-4db1-80a6-7e2a3d996b74
TXN_5107,USR_331,2023-04-18,4944,Savings,DEBIT,Completed,3606bf2c-8f6a-4db1-80a6-7e2a3d996b74
TXN_5108,USR_331,2023-05-18,2180,Other Income,CREDIT,Completed,3606bf2c-8f6a-4db1-80a6-7e2a3d996b74
TXN_5109,USR_331,2023-06-11,1084,Other Income,CREDIT,Completed,3606bf2c-8f6a-4db1-80a6-7e2a3d996b74
TXN_5110,USR_332,2023-04-26,9863,Rent,DEBIT,Completed,c90d9f32-41aa-45d5-aff7-fde195a1b942
TXN_5111,USR_332,2023-05-27,10807,Rent,DEBIT,Completed,c90d9f32-41aa-45d5-aff7-fde195a1b942
TXN_5112,USR_332,2023-05-31,2611,Food,DEBIT,Completed,c90d9f32-41aa-45d5-aff7-fde195a1b942
TXN_5113,USR_332,2023-04-27,10648,Rent,DEBIT,Completed,c90d9f32-41aa-45d5-aff7-fde195a1b942
TXN_5114,USR_332,2023-06-04,9072,Rent,DEBIT,Completed,c90d9f32-41aa-45d5-aff7-fde195a1b942
TXN_5115,USR_332,2023-05-17,39477,Salary,CREDIT,Completed,c90d9f32-41aa-45d5-aff7-fde195a1b942
TXN_5116,USR_332,2023-06-08,1300,Food,DEBIT,Completed,c90d9f32-41aa-45d5-aff7-fde195a1b942
TXN_5117,USR_332,2023-05-08,8995,Rent,DEBIT,Completed,c90d9f32-41aa-45d5-aff7-fde195a1b942
TXN_5118,USR_332,2023-05-27,149,Transport,DEBIT,Completed,c90d9f32-41aa-45d5-aff7-fde195a1b942
TXN_5119,USR_332,2023-06-03,4856,Other Income,CREDIT,Completed,c90d9f32-41aa-45d5-aff7-fde195a1b942
TXN_5120,USR_332,2023-06-01,2339,Food,DEBIT,Completed,c90d9f32-41aa-45d5-aff7-fde195a1b942
TXN_5121,USR_332,2023-05-26,2119,Savings,DEBIT,Completed,c90d9f32-41aa-45d5-aff7-fde195a1b942
TXN_5122,USR_332,2023-05-16,7448,Rent,DEBIT,Completed,c90d9f32-41aa-45d5-aff7-fde195a1b942
TXN_5123,USR_332,2023-06-23,789,Utility Bill,DEBIT,Completed,c90d9f32-41aa-45d5-aff7-fde195a1b942
TXN_5124,USR_333,2023-05-17,2883,Food,DEBIT,Completed,4d761698-95cd-4ade-ba1b-74a8e3b20349
TXN_5125,USR_333,2023-04-30,1053,Transport,DEBIT,Completed,4d761698-95cd-4ade-ba1b-74a8e3b20349
TXN_5126,USR_333,2023-04-13,2040,Transport,DEBIT,Completed,4d761698-95cd-4ade-ba1b-74a8e3b20349
TXN_5127,USR_333,2023-05-08,1110,Utility Bill,DEBIT,Completed,4d761698-95cd-4ade-ba1b-74a8e3b20349
TXN_5128,USR_333,2023-05-19,1457,Shopping,DEBIT,Completed,4d761698-95cd-4ade-ba1b-74a8e3b20349
TXN_5129,USR_333,2023-06-18,2884,Other Income,CREDIT,Completed,4d761698-95cd-4ade-ba1b-74a8e3b20349
TXN_5130,USR_333,2023-06-07,4261,Savings,DEBIT,Completed,4d761698-95cd-4ade-ba1b-74a8e3b20349
TXN_5131,USR_333,2023-06-01,2285,Other Income,CREDIT,Completed,4d761698-95cd-4ade-ba1b-74a8e3b20349
TXN_5132,USR_333,2023-05-31,204,Transport,DEBIT,Completed,4d761698-95cd-4ade-ba1b-74a8e3b20349
TXN_5133,USR_333,2023-04-28,1901,Utility Bill,DEBIT,Completed,4d761698-95cd-4ade-ba1b-74a8e3b20349
TXN_5134,USR_333,2023-05-07,9852,Rent,DEBIT,Completed,4d761698-95cd-4ade-ba1b-74a8e3b20349
TXN_5135,USR_333,2023-04-20,3602,Savings,DEBIT,Completed,4d761698-95cd-4ade-ba1b-74a8e3b20349
TXN_5136,USR_333,2023-06-12,403,Shopping,DEBIT,Completed,4d761698-95cd-4ade-ba1b-74a8e3b20349
TXN_5137,USR_334,2023-06-27,7929,Rent,DEBIT,Completed,64710ba3-d150-4fc4-b966-c6aca5c0f46d
TXN_5138,USR_334,2023-06-25,54796,Salary,CREDIT,Completed,64710ba3-d150-4fc4-b966-c6aca5c0f46d
TXN_5139,USR_334,2023-06-19,2226,Savings,DEBIT,Completed,64710ba3-d150-4fc4-b966-c6aca5c0f46d
TXN_5140,USR_334,2023-04-27,1170,Savings,DEBIT,Completed,64710ba3-d150-4fc4-b966-c6aca5c0f46d
TXN_5141,USR_334,2023-05-19,4413,Other Income,CREDIT,Completed,64710ba3-d150-4fc4-b966-c6aca5c0f46d
TXN_5142,USR_334,2023-04-21,9472,Rent,DEBIT,Completed,64710ba3-d150-4fc4-b966-c6aca5c0f46d
TXN_5143,USR_334,2023-04-28,1145,Food,DEBIT,Completed,64710ba3-d150-4fc4-b966-c6aca5c0f46d
TXN_5144,USR_334,2023-06-03,4775,Savings,DEBIT,Completed,64710ba3-d150-4fc4-b966-c6aca5c0f46d
TXN_5145,USR_334,2023-06-16,54796,Salary,CREDIT,Completed,64710ba3-d150-4fc4-b966-c6aca5c0f46d
TXN_5146,USR_334,2023-06-04,673,Utility Bill,DEBIT,Completed,64710ba3-d150-4fc4-b966-c6aca5c0f46d
TXN_5147,USR_335,2023-06-16,993,Other Income,CREDIT,Completed,7c4526fa-736e-43fb-bdc0-fbde90f82050
TXN_5148,USR_335,2023-06-13,486,Food,DEBIT,Completed,7c4526fa-736e-43fb-bdc0-fbde90f82050
TXN_5149,USR_335,2023-05-22,622,Shopping,DEBIT,Completed,7c4526fa-736e-43fb-bdc0-fbde90f82050
TXN_5150,USR_335,2023-04-20,992,Utility Bill,DEBIT,Completed,7c4526fa-736e-43fb-bdc0-fbde90f82050
TXN_5151,USR_335,2023-05-14,1841,Other Income,CREDIT,Completed,7c4526fa-736e-43fb-bdc0-fbde90f82050
TXN_5152,USR_335,2023-05-19,1736,Utility Bill,DEBIT,Completed,7c4526fa-736e-43fb-bdc0-fbde90f82050
TXN_5153,USR_335,2023-06-25,1234,Transport,DEBIT,Completed,7c4526fa-736e-43fb-bdc0-fbde90f82050
TXN_5154,USR_335,2023-05-28,3819,Other Income,CREDIT,Completed,7c4526fa-736e-43fb-bdc0-fbde90f82050
TXN_5155,USR_335,2023-04-21,3494,Other Income,CREDIT,Completed,7c4526fa-736e-43fb-bdc0-fbde90f82050
TXN_5156,USR_335,2023-05-06,1752,Other Income,CREDIT,Completed,7c4526fa-736e-43fb-bdc0-fbde90f82050
TXN_5157,USR_335,2023-05-10,3441,Savings,DEBIT,Completed,7c4526fa-736e-43fb-bdc0-fbde90f82050
TXN_5158,USR_335,2023-05-09,3578,Savings,DEBIT,Completed,7c4526fa-736e-43fb-bdc0-fbde90f82050
TXN_5159,USR_336,2023-04-26,1175,Food,DEBIT,Completed,ef551d86-ea25-4e77-9538-037bf126c1d9
TXN_5160,USR_336,2023-05-08,539,Other Income,CREDIT,Completed,ef551d86-ea25-4e77-9538-037bf126c1d9
TXN_5161,USR_336,2023-05-12,1905,Utility Bill,DEBIT,Completed,ef551d86-ea25-4e77-9538-037bf126c1d9
TXN_5162,USR_336,2023-05-10,4687,Savings,DEBIT,Completed,ef551d86-ea25-4e77-9538-037bf126c1d9
TXN_5163,USR_336,2023-06-12,1534,Other Income,CREDIT,Completed,ef551d86-ea25-4e77-9538-037bf126c1d9
TXN_5164,USR_336,2023-05-10,7394,Rent,DEBIT,Completed,ef551d86-ea25-4e77-9538-037bf126c1d9
TXN_5165,USR_336,2023-06-26,775,Other Income,CREDIT,Completed,ef551d86-ea25-4e77-9538-037bf126c1d9
TXN_5166,USR_336,2023-06-19,7420,Rent,DEBIT,Completed,ef551d86-ea25-4e77-9538-037bf126c1d9
TXN_5167,USR_336,2023-04-26,2813,Food,DEBIT,Completed,ef551d86-ea25-4e77-9538-037bf126c1d9
TXN_5168,USR_336,2023-05-21,2134,Utility Bill,DEBIT,Completed,ef551d86-ea25-4e77-9538-037bf126c1d9
TXN_5169,USR_336,2023-06-02,669,Utility Bill,DEBIT,Completed,ef551d86-ea25-4e77-9538-037bf126c1d9
TXN_5170,USR_336,2023-06-20,594,Transport,DEBIT,Completed,ef551d86-ea25-4e77-9538-037bf126c1d9
TXN_5171,USR_336,2023-06-14,1102,Food,DEBIT,Completed,ef551d86-ea25-4e77-9538-037bf126c1d9
TXN_5172,USR_336,2023-04-22,1666,Transport,DEBIT,Completed,ef551d86-ea25-4e77-9538-037bf126c1d9
TXN_5173,USR_336,2023-05-19,9994,Rent,DEBIT,Completed,ef551d86-ea25-4e77-9538-037bf126c1d9
TXN_5174,USR_337,2023-05-27,4275,Other Income,CREDIT,Completed,5e14bacb-b396-408a-a926-dc64a8361d69
TXN_5175,USR_337,2023-04-26,2303,Utility Bill,DEBIT,Completed,5e14bacb-b396-408a-a926-dc64a8361d69
TXN_5176,USR_337,2023-06-30,1523,Food,DEBIT,Completed,5e14bacb-b396-408a-a926-dc64a8361d69
TXN_5177,USR_337,2023-05-30,321,Food,DEBIT,Completed,5e14bacb-b396-408a-a926-dc64a8361d69
TXN_5178,USR_337,2023-04-18,1117,Other Income,CREDIT,Completed,5e14bacb-b396-408a-a926-dc64a8361d69
TXN_5179,USR_337,2023-04-27,2002,Savings,DEBIT,Completed,5e14bacb-b396-408a-a926-dc64a8361d69
TXN_5180,USR_337,2023-06-26,945,Shopping,DEBIT,Completed,5e14bacb-b396-408a-a926-dc64a8361d69
TXN_5181,USR_337,2023-04-29,2767,Transport,DEBIT,Completed,5e14bacb-b396-408a-a926-dc64a8361d69
TXN_5182,USR_337,2023-06-03,3148,Savings,DEBIT,Completed,5e14bacb-b396-408a-a926-dc64a8361d69
TXN_5183,USR_337,2023-05-30,1941,Other Income,CREDIT,Completed,5e14bacb-b396-408a-a926-dc64a8361d69
TXN_5184,USR_337,2023-06-09,2145,Utility Bill,DEBIT,Completed,5e14bacb-b396-408a-a926-dc64a8361d69
TXN_5185,USR_338,2023-06-20,6336,Rent,DEBIT,Completed,c134b6f2-5448-4f09-bf2b-2d5da3f5ef3e
TXN_5186,USR_338,2023-06-24,3289,Other Income,CREDIT,Completed,c134b6f2-5448-4f09-bf2b-2d5da3f5ef3e
TXN_5187,USR_338,2023-04-05,2443,Savings,DEBIT,Completed,c134b6f2-5448-4f09-bf2b-2d5da3f5ef3e
TXN_5188,USR_338,2023-05-14,1324,Savings,DEBIT,Completed,c134b6f2-5448-4f09-bf2b-2d5da3f5ef3e
TXN_5189,USR_338,2023-06-18,2982,Shopping,DEBIT,Completed,c134b6f2-5448-4f09-bf2b-2d5da3f5ef3e
TXN_5190,USR_338,2023-06-02,3397,Other Income,CREDIT,Completed,c134b6f2-5448-4f09-bf2b-2d5da3f5ef3e
TXN_5191,USR_338,2023-05-22,2493,Savings,DEBIT,Completed,c134b6f2-5448-4f09-bf2b-2d5da3f5ef3e
TXN_5192,USR_338,2023-04-26,2041,Transport,DEBIT,Completed,c134b6f2-5448-4f09-bf2b-2d5da3f5ef3e
TXN_5193,USR_338,2023-04-07,2458,Utility Bill,DEBIT,Completed,c134b6f2-5448-4f09-bf2b-2d5da3f5ef3e
TXN_5194,USR_338,2023-04-16,1020,Savings,DEBIT,Completed,c134b6f2-5448-4f09-bf2b-2d5da3f5ef3e
TXN_5195,USR_339,2023-04-26,2561,Salary,CREDIT,Completed,28ba8d25-29ef-4a7c-9f25-31f6563a0e87
TXN_5196,USR_339,2023-06-02,2219,Salary,CREDIT,Completed,28ba8d25-29ef-4a7c-9f25-31f6563a0e87
TXN_5197,USR_339,2023-06-12,11968,Rent,DEBIT,Completed,28ba8d25-29ef-4a7c-9f25-31f6563a0e87
TXN_5198,USR_339,2023-04-26,3534,Savings,DEBIT,Completed,28ba8d25-29ef-4a7c-9f25-31f6563a0e87
TXN_5199,USR_339,2023-05-26,953,Food,DEBIT,Completed,28ba8d25-29ef-4a7c-9f25-31f6563a0e87
TXN_5200,USR_339,2023-04-07,3386,Savings,DEBIT,Completed,28ba8d25-29ef-4a7c-9f25-31f6563a0e87
TXN_5201,USR_339,2023-04-15,1623,Shopping,DEBIT,Completed,28ba8d25-29ef-4a7c-9f25-31f6563a0e87
TXN_5202,USR_339,2023-04-07,1478,Transport,DEBIT,Completed,28ba8d25-29ef-4a7c-9f25-31f6563a0e87
TXN_5203,USR_339,2023-06-09,576,Utility Bill,DEBIT,Completed,28ba8d25-29ef-4a7c-9f25-31f6563a0e87
TXN_5204,USR_339,2023-05-28,3716,Savings,DEBIT,Completed,28ba8d25-29ef-4a7c-9f25-31f6563a0e87
TXN_5205,USR_339,2023-05-31,1552,Utility Bill,DEBIT,Completed,28ba8d25-29ef-4a7c-9f25-31f6563a0e87
TXN_5206,USR_339,2023-04-10,2363,Salary,CREDIT,Completed,28ba8d25-29ef-4a7c-9f25-31f6563a0e87
TXN_5207,USR_340,2023-04-02,531,Food,DEBIT,Completed,04af1949-0edf-46c8-9128-5b3e0da5ce3e
TXN_5208,USR_340,2023-05-01,1070,Food,DEBIT,Completed,04af1949-0edf-46c8-9128-5b3e0da5ce3e
TXN_5209,USR_340,2023-05-05,2801,Savings,DEBIT,Completed,04af1949-0edf-46c8-9128-5b3e0da5ce3e
TXN_5210,USR_340,2023-05-05,600,Food,DEBIT,Completed,04af1949-0edf-46c8-9128-5b3e0da5ce3e
TXN_5211,USR_340,2023-04-11,993,Other Income,CREDIT,Completed,04af1949-0edf-46c8-9128-5b3e0da5ce3e
TXN_5212,USR_340,2023-04-12,825,Shopping,DEBIT,Completed,04af1949-0edf-46c8-9128-5b3e0da5ce3e
TXN_5213,USR_340,2023-04-09,2010,Shopping,DEBIT,Completed,04af1949-0edf-46c8-9128-5b3e0da5ce3e
TXN_5214,USR_340,2023-05-21,1160,Shopping,DEBIT,Completed,04af1949-0edf-46c8-9128-5b3e0da5ce3e
TXN_5215,USR_340,2023-05-01,2092,Savings,DEBIT,Completed,04af1949-0edf-46c8-9128-5b3e0da5ce3e
TXN_5216,USR_340,2023-06-03,2712,Transport,DEBIT,Completed,04af1949-0edf-46c8-9128-5b3e0da5ce3e
TXN_5217,USR_340,2023-06-16,761,Shopping,DEBIT,Completed,04af1949-0edf-46c8-9128-5b3e0da5ce3e
TXN_5218,USR_340,2023-06-12,1195,Transport,DEBIT,Completed,04af1949-0edf-46c8-9128-5b3e0da5ce3e
TXN_5219,USR_340,2023-05-07,2564,Transport,DEBIT,Completed,04af1949-0edf-46c8-9128-5b3e0da5ce3e
TXN_5220,USR_341,2023-06-11,7315,Rent,DEBIT,Completed,09fee15a-67bb-4cf5-9950-900ee715773d
TXN_5221,USR_341,2023-06-19,1464,Shopping,DEBIT,Completed,09fee15a-67bb-4cf5-9950-900ee715773d
TXN_5222,USR_341,2023-06-03,2872,Food,DEBIT,Completed,09fee15a-67bb-4cf5-9950-900ee715773d
TXN_5223,USR_341,2023-05-30,751,Shopping,DEBIT,Completed,09fee15a-67bb-4cf5-9950-900ee715773d
TXN_5224,USR_341,2023-04-04,4851,Other Income,CREDIT,Completed,09fee15a-67bb-4cf5-9950-900ee715773d
TXN_5225,USR_341,2023-04-12,2408,Other Income,CREDIT,Completed,09fee15a-67bb-4cf5-9950-900ee715773d
TXN_5226,USR_341,2023-04-27,10131,Rent,DEBIT,Completed,09fee15a-67bb-4cf5-9950-900ee715773d
TXN_5227,USR_341,2023-06-25,284,Shopping,DEBIT,Completed,09fee15a-67bb-4cf5-9950-900ee715773d
TXN_5228,USR_341,2023-05-26,871,Other Income,CREDIT,Completed,09fee15a-67bb-4cf5-9950-900ee715773d
TXN_5229,USR_341,2023-05-29,1456,Other Income,CREDIT,Completed,09fee15a-67bb-4cf5-9950-900ee715773d
TXN_5230,USR_341,2023-04-10,1826,Other Income,CREDIT,Completed,09fee15a-67bb-4cf5-9950-900ee715773d
TXN_5231,USR_341,2023-06-15,4451,Other Income,CREDIT,Completed,09fee15a-67bb-4cf5-9950-900ee715773d
TXN_5232,USR_341,2023-06-01,1491,Shopping,DEBIT,Completed,09fee15a-67bb-4cf5-9950-900ee715773d
TXN_5233,USR_342,2023-06-22,1410,Savings,DEBIT,Completed,827a4228-9e5b-4120-a9ac-ac4b6734e5b1
TXN_5234,USR_342,2023-05-03,1519,Shopping,DEBIT,Completed,827a4228-9e5b-4120-a9ac-ac4b6734e5b1
TXN_5235,USR_342,2023-04-22,4642,Other Income,CREDIT,Completed,827a4228-9e5b-4120-a9ac-ac4b6734e5b1
TXN_5236,USR_342,2023-04-30,2686,Savings,DEBIT,Completed,827a4228-9e5b-4120-a9ac-ac4b6734e5b1
TXN_5237,USR_342,2023-05-15,249,Transport,DEBIT,Completed,827a4228-9e5b-4120-a9ac-ac4b6734e5b1
TXN_5238,USR_342,2023-06-16,2698,Savings,DEBIT,Completed,827a4228-9e5b-4120-a9ac-ac4b6734e5b1
TXN_5239,USR_342,2023-05-19,2616,Shopping,DEBIT,Completed,827a4228-9e5b-4120-a9ac-ac4b6734e5b1
TXN_5240,USR_342,2023-04-20,2047,Utility Bill,DEBIT,Completed,827a4228-9e5b-4120-a9ac-ac4b6734e5b1
TXN_5241,USR_342,2023-05-13,2338,Utility Bill,DEBIT,Completed,827a4228-9e5b-4120-a9ac-ac4b6734e5b1
TXN_5242,USR_342,2023-04-22,1352,Utility Bill,DEBIT,Completed,827a4228-9e5b-4120-a9ac-ac4b6734e5b1
TXN_5243,USR_342,2023-05-20,1672,Shopping,DEBIT,Completed,827a4228-9e5b-4120-a9ac-ac4b6734e5b1
TXN_5244,USR_342,2023-06-14,1050,Utility Bill,DEBIT,Completed,827a4228-9e5b-4120-a9ac-ac4b6734e5b1
TXN_5245,USR_342,2023-05-11,2742,Shopping,DEBIT,Completed,827a4228-9e5b-4120-a9ac-ac4b6734e5b1
TXN_5246,USR_342,2023-06-17,4130,Savings,DEBIT,Completed,827a4228-9e5b-4120-a9ac-ac4b6734e5b1
TXN_5247,USR_342,2023-05-14,2002,Other Income,CREDIT,Completed,827a4228-9e5b-4120-a9ac-ac4b6734e5b1
TXN_5248,USR_343,2023-06-12,1396,Food,DEBIT,Completed,b1ad70ee-4b88-4af6-96e2-0dc1d2c714d0
TXN_5249,USR_343,2023-05-02,34390,Salary,CREDIT,Completed,b1ad70ee-4b88-4af6-96e2-0dc1d2c714d0
TXN_5250,USR_343,2023-05-27,2184,Food,DEBIT,Completed,b1ad70ee-4b88-4af6-96e2-0dc1d2c714d0
TXN_5251,USR_343,2023-04-22,2793,Shopping,DEBIT,Completed,b1ad70ee-4b88-4af6-96e2-0dc1d2c714d0
TXN_5252,USR_343,2023-05-02,2825,Shopping,DEBIT,Completed,b1ad70ee-4b88-4af6-96e2-0dc1d2c714d0
TXN_5253,USR_343,2023-04-10,4605,Savings,DEBIT,Completed,b1ad70ee-4b88-4af6-96e2-0dc1d2c714d0
TXN_5254,USR_343,2023-06-30,1228,Utility Bill,DEBIT,Completed,b1ad70ee-4b88-4af6-96e2-0dc1d2c714d0
TXN_5255,USR_343,2023-05-07,1257,Savings,DEBIT,Completed,b1ad70ee-4b88-4af6-96e2-0dc1d2c714d0
TXN_5256,USR_343,2023-05-12,2346,Food,DEBIT,Completed,b1ad70ee-4b88-4af6-96e2-0dc1d2c714d0
TXN_5257,USR_343,2023-04-04,1989,Shopping,DEBIT,Completed,b1ad70ee-4b88-4af6-96e2-0dc1d2c714d0
TXN_5258,USR_343,2023-06-05,1409,Utility Bill,DEBIT,Completed,b1ad70ee-4b88-4af6-96e2-0dc1d2c714d0
TXN_5259,USR_343,2023-04-13,2157,Other Income,CREDIT,Completed,b1ad70ee-4b88-4af6-96e2-0dc1d2c714d0
TXN_5260,USR_343,2023-06-12,2075,Utility Bill,DEBIT,Completed,b1ad70ee-4b88-4af6-96e2-0dc1d2c714d0
TXN_5261,USR_344,2023-05-11,2595,Transport,DEBIT,Completed,ed5679f8-748f-4cb4-9ab1-9d7620eed029
TXN_5262,USR_344,2023-06-21,6098,Rent,DEBIT,Completed,ed5679f8-748f-4cb4-9ab1-9d7620eed029
TXN_5263,USR_344,2023-05-03,1617,Transport,DEBIT,Completed,ed5679f8-748f-4cb4-9ab1-9d7620eed029
TXN_5264,USR_344,2023-04-20,307,Shopping,DEBIT,Completed,ed5679f8-748f-4cb4-9ab1-9d7620eed029
TXN_5265,USR_344,2023-06-16,2665,Savings,DEBIT,Completed,ed5679f8-748f-4cb4-9ab1-9d7620eed029
TXN_5266,USR_344,2023-06-12,25517,Salary,CREDIT,Completed,ed5679f8-748f-4cb4-9ab1-9d7620eed029
TXN_5267,USR_344,2023-06-28,1037,Other Income,CREDIT,Completed,ed5679f8-748f-4cb4-9ab1-9d7620eed029
TXN_5268,USR_344,2023-05-13,1294,Savings,DEBIT,Completed,ed5679f8-748f-4cb4-9ab1-9d7620eed029
TXN_5269,USR_344,2023-05-02,2635,Transport,DEBIT,Completed,ed5679f8-748f-4cb4-9ab1-9d7620eed029
TXN_5270,USR_344,2023-05-15,3077,Other Income,CREDIT,Completed,ed5679f8-748f-4cb4-9ab1-9d7620eed029
TXN_5271,USR_344,2023-04-16,1720,Other Income,CREDIT,Completed,ed5679f8-748f-4cb4-9ab1-9d7620eed029
TXN_5272,USR_344,2023-04-24,1372,Utility Bill,DEBIT,Late,ed5679f8-748f-4cb4-9ab1-9d7620eed029
TXN_5273,USR_345,2023-05-31,2859,Savings,DEBIT,Completed,f20f3140-68de-42b5-a5f8-fb0dc611618d
TXN_5274,USR_345,2023-06-30,1416,Shopping,DEBIT,Completed,f20f3140-68de-42b5-a5f8-fb0dc611618d
TXN_5275,USR_345,2023-05-05,2159,Other Income,CREDIT,Completed,f20f3140-68de-42b5-a5f8-fb0dc611618d
TXN_5276,USR_345,2023-04-27,413,Transport,DEBIT,Completed,f20f3140-68de-42b5-a5f8-fb0dc611618d
TXN_5277,USR_345,2023-06-24,38633,Salary,CREDIT,Completed,f20f3140-68de-42b5-a5f8-fb0dc611618d
TXN_5278,USR_345,2023-06-26,2197,Transport,DEBIT,Completed,f20f3140-68de-42b5-a5f8-fb0dc611618d
TXN_5279,USR_345,2023-05-22,1294,Transport,DEBIT,Completed,f20f3140-68de-42b5-a5f8-fb0dc611618d
TXN_5280,USR_345,2023-06-10,1350,Transport,DEBIT,Completed,f20f3140-68de-42b5-a5f8-fb0dc611618d
TXN_5281,USR_345,2023-04-29,2087,Food,DEBIT,Completed,f20f3140-68de-42b5-a5f8-fb0dc611618d
TXN_5282,USR_345,2023-04-15,4157,Other Income,CREDIT,Completed,f20f3140-68de-42b5-a5f8-fb0dc611618d
TXN_5283,USR_346,2023-06-09,2283,Food,DEBIT,Completed,ee063840-4248-4677-8363-593375f9d425
TXN_5284,USR_346,2023-05-18,2296,Utility Bill,DEBIT,Completed,ee063840-4248-4677-8363-593375f9d425
TXN_5285,USR_346,2023-05-22,1022,Utility Bill,DEBIT,Late,ee063840-4248-4677-8363-593375f9d425
TXN_5286,USR_346,2023-05-06,2266,Salary,CREDIT,Completed,ee063840-4248-4677-8363-593375f9d425
TXN_5287,USR_346,2023-04-19,1994,Utility Bill,DEBIT,Completed,ee063840-4248-4677-8363-593375f9d425
TXN_5288,USR_346,2023-05-05,2933,Shopping,DEBIT,Completed,ee063840-4248-4677-8363-593375f9d425
TXN_5289,USR_346,2023-06-21,8830,Rent,DEBIT,Completed,ee063840-4248-4677-8363-593375f9d425
TXN_5290,USR_346,2023-04-25,1433,Savings,DEBIT,Completed,ee063840-4248-4677-8363-593375f9d425
TXN_5291,USR_346,2023-05-27,2104,Utility Bill,DEBIT,Late,ee063840-4248-4677-8363-593375f9d425
TXN_5292,USR_346,2023-04-03,398,Transport,DEBIT,Completed,ee063840-4248-4677-8363-593375f9d425
TXN_5293,USR_346,2023-06-10,4075,Salary,CREDIT,Completed,ee063840-4248-4677-8363-593375f9d425
TXN_5294,USR_346,2023-05-24,3626,Salary,CREDIT,Completed,ee063840-4248-4677-8363-593375f9d425
TXN_5295,USR_347,2023-04-15,2863,Savings,DEBIT,Completed,8bb7c4d5-ee3d-4483-9fe1-0f955afbe407
TXN_5296,USR_347,2023-06-23,5786,Rent,DEBIT,Completed,8bb7c4d5-ee3d-4483-9fe1-0f955afbe407
TXN_5297,USR_347,2023-05-23,730,Shopping,DEBIT,Completed,8bb7c4d5-ee3d-4483-9fe1-0f955afbe407
TXN_5298,USR_347,2023-05-05,4819,Other Income,CREDIT,Completed,8bb7c4d5-ee3d-4483-9fe1-0f955afbe407
TXN_5299,USR_347,2023-05-11,1921,Utility Bill,DEBIT,Completed,8bb7c4d5-ee3d-4483-9fe1-0f955afbe407
TXN_5300,USR_347,2023-06-06,10385,Rent,DEBIT,Completed,8bb7c4d5-ee3d-4483-9fe1-0f955afbe407
TXN_5301,USR_347,2023-04-06,27387,Salary,CREDIT,Completed,8bb7c4d5-ee3d-4483-9fe1-0f955afbe407
TXN_5302,USR_347,2023-06-28,1175,Shopping,DEBIT,Completed,8bb7c4d5-ee3d-4483-9fe1-0f955afbe407
TXN_5303,USR_347,2023-04-20,2204,Utility Bill,DEBIT,Completed,8bb7c4d5-ee3d-4483-9fe1-0f955afbe407
TXN_5304,USR_347,2023-04-10,5055,Rent,DEBIT,Completed,8bb7c4d5-ee3d-4483-9fe1-0f955afbe407
TXN_5305,USR_347,2023-04-03,10731,Rent,DEBIT,Completed,8bb7c4d5-ee3d-4483-9fe1-0f955afbe407
TXN_5306,USR_347,2023-05-19,10302,Rent,DEBIT,Completed,8bb7c4d5-ee3d-4483-9fe1-0f955afbe407
TXN_5307,USR_347,2023-04-10,4692,Other Income,CREDIT,Completed,8bb7c4d5-ee3d-4483-9fe1-0f955afbe407
TXN_5308,USR_348,2023-04-30,2929,Savings,DEBIT,Completed,6e4ae8c5-a4fb-424c-a849-1c065e927e28
TXN_5309,USR_348,2023-04-06,10334,Rent,DEBIT,Completed,6e4ae8c5-a4fb-424c-a849-1c065e927e28
TXN_5310,USR_348,2023-05-26,3898,Savings,DEBIT,Completed,6e4ae8c5-a4fb-424c-a849-1c065e927e28
TXN_5311,USR_348,2023-04-21,3696,Other Income,CREDIT,Completed,6e4ae8c5-a4fb-424c-a849-1c065e927e28
TXN_5312,USR_348,2023-06-27,1417,Other Income,CREDIT,Completed,6e4ae8c5-a4fb-424c-a849-1c065e927e28
TXN_5313,USR_348,2023-05-30,643,Transport,DEBIT,Completed,6e4ae8c5-a4fb-424c-a849-1c065e927e28
TXN_5314,USR_348,2023-04-01,3983,Other Income,CREDIT,Completed,6e4ae8c5-a4fb-424c-a849-1c065e927e28
TXN_5315,USR_348,2023-05-24,1130,Utility Bill,DEBIT,Late,6e4ae8c5-a4fb-424c-a849-1c065e927e28
TXN_5316,USR_348,2023-06-16,2172,Food,DEBIT,Completed,6e4ae8c5-a4fb-424c-a849-1c065e927e28
TXN_5317,USR_348,2023-05-05,1569,Utility Bill,DEBIT,Completed,6e4ae8c5-a4fb-424c-a849-1c065e927e28
TXN_5318,USR_348,2023-06-06,11565,Rent,DEBIT,Completed,6e4ae8c5-a4fb-424c-a849-1c065e927e28
TXN_5319,USR_348,2023-06-08,471,Transport,DEBIT,Completed,6e4ae8c5-a4fb-424c-a849-1c065e927e28
TXN_5320,USR_348,2023-05-15,4599,Other Income,CREDIT,Completed,6e4ae8c5-a4fb-424c-a849-1c065e927e28
TXN_5321,USR_348,2023-05-05,1302,Savings,DEBIT,Completed,6e4ae8c5-a4fb-424c-a849-1c065e927e28
TXN_5322,USR_349,2023-06-02,919,Utility Bill,DEBIT,Completed,07e0ec85-87d1-4418-ae5c-cee4be57da87
TXN_5323,USR_349,2023-06-26,7965,Rent,DEBIT,Completed,07e0ec85-87d1-4418-ae5c-cee4be57da87
TXN_5324,USR_349,2023-05-17,301,Food,DEBIT,Completed,07e0ec85-87d1-4418-ae5c-cee4be57da87
TXN_5325,USR_349,2023-04-11,4359,Savings,DEBIT,Completed,07e0ec85-87d1-4418-ae5c-cee4be57da87
TXN_5326,USR_349,2023-06-04,3321,Savings,DEBIT,Completed,07e0ec85-87d1-4418-ae5c-cee4be57da87
TXN_5327,USR_349,2023-04-23,11868,Rent,DEBIT,Completed,07e0ec85-87d1-4418-ae5c-cee4be57da87
TXN_5328,USR_349,2023-04-29,2199,Other Income,CREDIT,Completed,07e0ec85-87d1-4418-ae5c-cee4be57da87
TXN_5329,USR_349,2023-05-19,1314,Food,DEBIT,Completed,07e0ec85-87d1-4418-ae5c-cee4be57da87
TXN_5330,USR_349,2023-04-10,1605,Other Income,CREDIT,Completed,07e0ec85-87d1-4418-ae5c-cee4be57da87
TXN_5331,USR_349,2023-05-15,1608,Utility Bill,DEBIT,Completed,07e0ec85-87d1-4418-ae5c-cee4be57da87
TXN_5332,USR_349,2023-04-07,1359,Transport,DEBIT,Completed,07e0ec85-87d1-4418-ae5c-cee4be57da87
TXN_5333,USR_349,2023-05-20,785,Utility Bill,DEBIT,Completed,07e0ec85-87d1-4418-ae5c-cee4be57da87
TXN_5334,USR_349,2023-04-23,5830,Rent,DEBIT,Completed,07e0ec85-87d1-4418-ae5c-cee4be57da87
TXN_5335,USR_349,2023-04-11,11541,Rent,DEBIT,Completed,07e0ec85-87d1-4418-ae5c-cee4be57da87
TXN_5336,USR_349,2023-04-01,2688,Food,DEBIT,Completed,07e0ec85-87d1-4418-ae5c-cee4be57da87
TXN_5337,USR_350,2023-06-18,3168,Other Income,CREDIT,Completed,a17ee3c7-c4a4-4be8-9b7c-6a7b7fca7c06
TXN_5338,USR_350,2023-04-25,2538,Savings,DEBIT,Completed,a17ee3c7-c4a4-4be8-9b7c-6a7b7fca7c06
TXN_5339,USR_350,2023-04-13,1683,Other Income,CREDIT,Completed,a17ee3c7-c4a4-4be8-9b7c-6a7b7fca7c06
TXN_5340,USR_350,2023-05-06,1547,Utility Bill,DEBIT,Completed,a17ee3c7-c4a4-4be8-9b7c-6a7b7fca7c06
TXN_5341,USR_350,2023-04-01,2166,Food,DEBIT,Completed,a17ee3c7-c4a4-4be8-9b7c-6a7b7fca7c06
TXN_5342,USR_350,2023-04-19,941,Transport,DEBIT,Completed,a17ee3c7-c4a4-4be8-9b7c-6a7b7fca7c06
TXN_5343,USR_350,2023-06-24,1107,Other Income,CREDIT,Completed,a17ee3c7-c4a4-4be8-9b7c-6a7b7fca7c06
TXN_5344,USR_350,2023-06-25,1992,Shopping,DEBIT,Completed,a17ee3c7-c4a4-4be8-9b7c-6a7b7fca7c06
TXN_5345,USR_350,2023-05-25,4159,Savings,DEBIT,Completed,a17ee3c7-c4a4-4be8-9b7c-6a7b7fca7c06
TXN_5346,USR_350,2023-04-13,4938,Savings,DEBIT,Completed,a17ee3c7-c4a4-4be8-9b7c-6a7b7fca7c06
TXN_5347,USR_350,2023-05-30,123,Food,DEBIT,Completed,a17ee3c7-c4a4-4be8-9b7c-6a7b7fca7c06
TXN_5348,USR_350,2023-04-13,912,Transport,DEBIT,Completed,a17ee3c7-c4a4-4be8-9b7c-6a7b7fca7c06
TXN_5349,USR_350,2023-04-01,1727,Food,DEBIT,Completed,a17ee3c7-c4a4-4be8-9b7c-6a7b7fca7c06
TXN_5350,USR_351,2023-06-02,1588,Savings,DEBIT,Completed,a3cf371f-3527-4906-a06a-17e795b977c8
TXN_5351,USR_351,2023-05-26,840,Utility Bill,DEBIT,Completed,a3cf371f-3527-4906-a06a-17e795b977c8
TXN_5352,USR_351,2023-05-03,2508,Other Income,CREDIT,Completed,a3cf371f-3527-4906-a06a-17e795b977c8
TXN_5353,USR_351,2023-05-19,1810,Savings,DEBIT,Completed,a3cf371f-3527-4906-a06a-17e795b977c8
TXN_5354,USR_351,2023-05-30,1228,Food,DEBIT,Completed,a3cf371f-3527-4906-a06a-17e795b977c8
TXN_5355,USR_351,2023-04-16,2939,Other Income,CREDIT,Completed,a3cf371f-3527-4906-a06a-17e795b977c8
TXN_5356,USR_351,2023-05-09,2968,Other Income,CREDIT,Completed,a3cf371f-3527-4906-a06a-17e795b977c8
TXN_5357,USR_351,2023-04-12,1258,Food,DEBIT,Completed,a3cf371f-3527-4906-a06a-17e795b977c8
TXN_5358,USR_351,2023-05-23,2900,Food,DEBIT,Completed,a3cf371f-3527-4906-a06a-17e795b977c8
TXN_5359,USR_351,2023-04-18,1800,Transport,DEBIT,Completed,a3cf371f-3527-4906-a06a-17e795b977c8
TXN_5360,USR_351,2023-04-14,4027,Other Income,CREDIT,Completed,a3cf371f-3527-4906-a06a-17e795b977c8
TXN_5361,USR_351,2023-04-04,2638,Savings,DEBIT,Completed,a3cf371f-3527-4906-a06a-17e795b977c8
TXN_5362,USR_351,2023-05-06,745,Utility Bill,DEBIT,Completed,a3cf371f-3527-4906-a06a-17e795b977c8
TXN_5363,USR_351,2023-05-17,3893,Other Income,CREDIT,Completed,a3cf371f-3527-4906-a06a-17e795b977c8
TXN_5364,USR_351,2023-06-18,184,Transport,DEBIT,Completed,a3cf371f-3527-4906-a06a-17e795b977c8
TXN_5365,USR_352,2023-05-09,1941,Food,DEBIT,Completed,e11c962b-fe7d-49e7-a9c9-f34251570824
TXN_5366,USR_352,2023-04-15,1227,Salary,CREDIT,Completed,e11c962b-fe7d-49e7-a9c9-f34251570824
TXN_5367,USR_352,2023-05-21,1368,Transport,DEBIT,Completed,e11c962b-fe7d-49e7-a9c9-f34251570824
TXN_5368,USR_352,2023-04-29,8440,Rent,DEBIT,Late,e11c962b-fe7d-49e7-a9c9-f34251570824
TXN_5369,USR_352,2023-06-06,849,Shopping,DEBIT,Completed,e11c962b-fe7d-49e7-a9c9-f34251570824
TXN_5370,USR_352,2023-04-08,214,Food,DEBIT,Completed,e11c962b-fe7d-49e7-a9c9-f34251570824
TXN_5371,USR_352,2023-04-28,479,Transport,DEBIT,Completed,e11c962b-fe7d-49e7-a9c9-f34251570824
TXN_5372,USR_352,2023-04-22,4956,Salary,CREDIT,Completed,e11c962b-fe7d-49e7-a9c9-f34251570824
TXN_5373,USR_352,2023-04-06,3120,Salary,CREDIT,Completed,e11c962b-fe7d-49e7-a9c9-f34251570824
TXN_5374,USR_352,2023-04-04,2090,Savings,DEBIT,Completed,e11c962b-fe7d-49e7-a9c9-f34251570824
TXN_5375,USR_352,2023-05-17,2315,Salary,CREDIT,Completed,e11c962b-fe7d-49e7-a9c9-f34251570824
TXN_5376,USR_352,2023-06-17,866,Salary,CREDIT,Completed,e11c962b-fe7d-49e7-a9c9-f34251570824
TXN_5377,USR_353,2023-05-26,2269,Transport,DEBIT,Completed,75ea74ee-a743-4b04-8cd4-10a787d986f7
TXN_5378,USR_353,2023-05-24,305,Shopping,DEBIT,Completed,75ea74ee-a743-4b04-8cd4-10a787d986f7
TXN_5379,USR_353,2023-05-28,2728,Food,DEBIT,Completed,75ea74ee-a743-4b04-8cd4-10a787d986f7
TXN_5380,USR_353,2023-05-29,3014,Other Income,CREDIT,Completed,75ea74ee-a743-4b04-8cd4-10a787d986f7
TXN_5381,USR_353,2023-04-23,560,Shopping,DEBIT,Completed,75ea74ee-a743-4b04-8cd4-10a787d986f7
TXN_5382,USR_353,2023-04-20,854,Shopping,DEBIT,Completed,75ea74ee-a743-4b04-8cd4-10a787d986f7
TXN_5383,USR_353,2023-05-28,9346,Rent,DEBIT,Completed,75ea74ee-a743-4b04-8cd4-10a787d986f7
TXN_5384,USR_353,2023-05-29,2796,Other Income,CREDIT,Completed,75ea74ee-a743-4b04-8cd4-10a787d986f7
TXN_5385,USR_353,2023-05-13,4190,Other Income,CREDIT,Completed,75ea74ee-a743-4b04-8cd4-10a787d986f7
TXN_5386,USR_353,2023-06-25,810,Food,DEBIT,Completed,75ea74ee-a743-4b04-8cd4-10a787d986f7
TXN_5387,USR_353,2023-06-18,2841,Transport,DEBIT,Completed,75ea74ee-a743-4b04-8cd4-10a787d986f7
TXN_5388,USR_353,2023-04-03,1599,Other Income,CREDIT,Completed,75ea74ee-a743-4b04-8cd4-10a787d986f7
TXN_5389,USR_353,2023-06-15,4793,Other Income,CREDIT,Completed,75ea74ee-a743-4b04-8cd4-10a787d986f7
TXN_5390,USR_353,2023-04-04,8233,Rent,DEBIT,Late,75ea74ee-a743-4b04-8cd4-10a787d986f7
TXN_5391,USR_354,2023-04-20,2161,Other Income,CREDIT,Completed,b4265c1c-bf17-424e-95d7-a66a701e08ae
TXN_5392,USR_354,2023-06-26,2483,Transport,DEBIT,Completed,b4265c1c-bf17-424e-95d7-a66a701e08ae
TXN_5393,USR_354,2023-04-14,2777,Transport,DEBIT,Completed,b4265c1c-bf17-424e-95d7-a66a701e08ae
TXN_5394,USR_354,2023-04-25,2653,Savings,DEBIT,Completed,b4265c1c-bf17-424e-95d7-a66a701e08ae
TXN_5395,USR_354,2023-05-12,2658,Savings,DEBIT,Completed,b4265c1c-bf17-424e-95d7-a66a701e08ae
TXN_5396,USR_354,2023-05-25,2168,Savings,DEBIT,Completed,b4265c1c-bf17-424e-95d7-a66a701e08ae
TXN_5397,USR_354,2023-06-23,5525,Rent,DEBIT,Completed,b4265c1c-bf17-424e-95d7-a66a701e08ae
TXN_5398,USR_354,2023-06-12,2177,Food,DEBIT,Completed,b4265c1c-bf17-424e-95d7-a66a701e08ae
TXN_5399,USR_354,2023-04-22,1388,Other Income,CREDIT,Completed,b4265c1c-bf17-424e-95d7-a66a701e08ae
TXN_5400,USR_354,2023-06-10,1430,Utility Bill,DEBIT,Completed,b4265c1c-bf17-424e-95d7-a66a701e08ae
TXN_5401,USR_355,2023-05-25,2066,Utility Bill,DEBIT,Completed,29724887-2734-4a0e-8053-6e5ac5f8f03c
TXN_5402,USR_355,2023-05-10,1278,Other Income,CREDIT,Completed,29724887-2734-4a0e-8053-6e5ac5f8f03c
TXN_5403,USR_355,2023-05-30,890,Utility Bill,DEBIT,Completed,29724887-2734-4a0e-8053-6e5ac5f8f03c
TXN_5404,USR_355,2023-06-27,2886,Other Income,CREDIT,Completed,29724887-2734-4a0e-8053-6e5ac5f8f03c
TXN_5405,USR_355,2023-04-03,2993,Other Income,CREDIT,Completed,29724887-2734-4a0e-8053-6e5ac5f8f03c
TXN_5406,USR_355,2023-04-26,1010,Food,DEBIT,Completed,29724887-2734-4a0e-8053-6e5ac5f8f03c
TXN_5407,USR_355,2023-04-13,551,Utility Bill,DEBIT,Completed,29724887-2734-4a0e-8053-6e5ac5f8f03c
TXN_5408,USR_355,2023-05-13,2267,Food,DEBIT,Completed,29724887-2734-4a0e-8053-6e5ac5f8f03c
TXN_5409,USR_355,2023-05-19,3667,Savings,DEBIT,Completed,29724887-2734-4a0e-8053-6e5ac5f8f03c
TXN_5410,USR_355,2023-06-17,1163,Shopping,DEBIT,Completed,29724887-2734-4a0e-8053-6e5ac5f8f03c
TXN_5411,USR_355,2023-05-12,2226,Other Income,CREDIT,Completed,29724887-2734-4a0e-8053-6e5ac5f8f03c
TXN_5412,USR_356,2023-05-23,1430,Utility Bill,DEBIT,Completed,f3440572-9151-4286-8be3-44c1473035c7
TXN_5413,USR_356,2023-05-31,2549,Other Income,CREDIT,Completed,f3440572-9151-4286-8be3-44c1473035c7
TXN_5414,USR_356,2023-05-31,1423,Transport,DEBIT,Completed,f3440572-9151-4286-8be3-44c1473035c7
TXN_5415,USR_356,2023-06-05,797,Transport,DEBIT,Completed,f3440572-9151-4286-8be3-44c1473035c7
TXN_5416,USR_356,2023-04-27,2919,Shopping,DEBIT,Completed,f3440572-9151-4286-8be3-44c1473035c7
TXN_5417,USR_356,2023-06-21,1385,Other Income,CREDIT,Completed,f3440572-9151-4286-8be3-44c1473035c7
TXN_5418,USR_356,2023-06-09,1697,Transport,DEBIT,Completed,f3440572-9151-4286-8be3-44c1473035c7
TXN_5419,USR_356,2023-05-18,4238,Other Income,CREDIT,Completed,f3440572-9151-4286-8be3-44c1473035c7
TXN_5420,USR_356,2023-04-09,2072,Other Income,CREDIT,Completed,f3440572-9151-4286-8be3-44c1473035c7
TXN_5421,USR_356,2023-05-24,4486,Other Income,CREDIT,Completed,f3440572-9151-4286-8be3-44c1473035c7
TXN_5422,USR_356,2023-05-26,2670,Other Income,CREDIT,Completed,f3440572-9151-4286-8be3-44c1473035c7
TXN_5423,USR_356,2023-05-03,526,Other Income,CREDIT,Completed,f3440572-9151-4286-8be3-44c1473035c7
TXN_5424,USR_356,2023-04-22,1954,Utility Bill,DEBIT,Completed,f3440572-9151-4286-8be3-44c1473035c7
TXN_5425,USR_357,2023-05-04,1514,Savings,DEBIT,Completed,ba85e629-2d50-4741-90c9-d2d0df8a07d0
TXN_5426,USR_357,2023-06-17,9764,Rent,DEBIT,Completed,ba85e629-2d50-4741-90c9-d2d0df8a07d0
TXN_5427,USR_357,2023-05-27,8411,Rent,DEBIT,Completed,ba85e629-2d50-4741-90c9-d2d0df8a07d0
TXN_5428,USR_357,2023-05-18,883,Transport,DEBIT,Completed,ba85e629-2d50-4741-90c9-d2d0df8a07d0
TXN_5429,USR_357,2023-05-17,2189,Shopping,DEBIT,Completed,ba85e629-2d50-4741-90c9-d2d0df8a07d0
TXN_5430,USR_357,2023-05-02,3671,Savings,DEBIT,Completed,ba85e629-2d50-4741-90c9-d2d0df8a07d0
TXN_5431,USR_357,2023-06-17,1262,Utility Bill,DEBIT,Completed,ba85e629-2d50-4741-90c9-d2d0df8a07d0
TXN_5432,USR_357,2023-04-25,4792,Savings,DEBIT,Completed,ba85e629-2d50-4741-90c9-d2d0df8a07d0
TXN_5433,USR_357,2023-04-10,195,Shopping,DEBIT,Completed,ba85e629-2d50-4741-90c9-d2d0df8a07d0
TXN_5434,USR_357,2023-04-30,996,Utility Bill,DEBIT,Completed,ba85e629-2d50-4741-90c9-d2d0df8a07d0
TXN_5435,USR_358,2023-06-09,2724,Food,DEBIT,Completed,bb1264ce-bcdd-47e9-9c74-f24cf8dfbd40
TXN_5436,USR_358,2023-06-02,1089,Shopping,DEBIT,Completed,bb1264ce-bcdd-47e9-9c74-f24cf8dfbd40
TXN_5437,USR_358,2023-06-11,7672,Rent,DEBIT,Completed,bb1264ce-bcdd-47e9-9c74-f24cf8dfbd40
TXN_5438,USR_358,2023-04-01,1801,Food,DEBIT,Completed,bb1264ce-bcdd-47e9-9c74-f24cf8dfbd40
TXN_5439,USR_358,2023-06-14,1093,Utility Bill,DEBIT,Completed,bb1264ce-bcdd-47e9-9c74-f24cf8dfbd40
TXN_5440,USR_358,2023-04-16,975,Other Income,CREDIT,Completed,bb1264ce-bcdd-47e9-9c74-f24cf8dfbd40
TXN_5441,USR_358,2023-06-28,2442,Other Income,CREDIT,Completed,bb1264ce-bcdd-47e9-9c74-f24cf8dfbd40
TXN_5442,USR_358,2023-06-18,1402,Savings,DEBIT,Completed,bb1264ce-bcdd-47e9-9c74-f24cf8dfbd40
TXN_5443,USR_358,2023-04-21,1952,Transport,DEBIT,Completed,bb1264ce-bcdd-47e9-9c74-f24cf8dfbd40
TXN_5444,USR_358,2023-04-13,3851,Savings,DEBIT,Completed,bb1264ce-bcdd-47e9-9c74-f24cf8dfbd40
TXN_5445,USR_358,2023-06-11,6927,Rent,DEBIT,Completed,bb1264ce-bcdd-47e9-9c74-f24cf8dfbd40
TXN_5446,USR_358,2023-05-03,4690,Savings,DEBIT,Completed,bb1264ce-bcdd-47e9-9c74-f24cf8dfbd40
TXN_5447,USR_359,2023-06-19,4456,Savings,DEBIT,Completed,a2d67809-5ae3-4741-b2ad-a76b08a1dd86
TXN_5448,USR_359,2023-05-30,2787,Food,DEBIT,Completed,a2d67809-5ae3-4741-b2ad-a76b08a1dd86
TXN_5449,USR_359,2023-06-16,1084,Shopping,DEBIT,Completed,a2d67809-5ae3-4741-b2ad-a76b08a1dd86
TXN_5450,USR_359,2023-06-20,2592,Shopping,DEBIT,Completed,a2d67809-5ae3-4741-b2ad-a76b08a1dd86
TXN_5451,USR_359,2023-06-13,4169,Other Income,CREDIT,Completed,a2d67809-5ae3-4741-b2ad-a76b08a1dd86
TXN_5452,USR_359,2023-04-18,6954,Rent,DEBIT,Completed,a2d67809-5ae3-4741-b2ad-a76b08a1dd86
TXN_5453,USR_359,2023-06-19,421,Transport,DEBIT,Completed,a2d67809-5ae3-4741-b2ad-a76b08a1dd86
TXN_5454,USR_359,2023-05-22,2728,Other Income,CREDIT,Completed,a2d67809-5ae3-4741-b2ad-a76b08a1dd86
TXN_5455,USR_359,2023-05-31,10728,Rent,DEBIT,Completed,a2d67809-5ae3-4741-b2ad-a76b08a1dd86
TXN_5456,USR_359,2023-05-09,1949,Shopping,DEBIT,Completed,a2d67809-5ae3-4741-b2ad-a76b08a1dd86
TXN_5457,USR_359,2023-06-26,672,Other Income,CREDIT,Completed,a2d67809-5ae3-4741-b2ad-a76b08a1dd86
TXN_5458,USR_359,2023-06-07,3884,Other Income,CREDIT,Completed,a2d67809-5ae3-4741-b2ad-a76b08a1dd86
TXN_5459,USR_359,2023-05-19,2473,Food,DEBIT,Completed,a2d67809-5ae3-4741-b2ad-a76b08a1dd86
TXN_5460,USR_359,2023-06-22,2107,Food,DEBIT,Completed,a2d67809-5ae3-4741-b2ad-a76b08a1dd86
TXN_5461,USR_360,2023-06-07,11581,Rent,DEBIT,Completed,e96ae63c-3229-4640-8084-6e2530e51e96
TXN_5462,USR_360,2023-05-01,564,Transport,DEBIT,Completed,e96ae63c-3229-4640-8084-6e2530e51e96
TXN_5463,USR_360,2023-04-15,2690,Food,DEBIT,Completed,e96ae63c-3229-4640-8084-6e2530e51e96
TXN_5464,USR_360,2023-04-19,4041,Salary,CREDIT,Completed,e96ae63c-3229-4640-8084-6e2530e51e96
TXN_5465,USR_360,2023-04-28,10626,Rent,DEBIT,Completed,e96ae63c-3229-4640-8084-6e2530e51e96
TXN_5466,USR_360,2023-06-15,2711,Food,DEBIT,Completed,e96ae63c-3229-4640-8084-6e2530e51e96
TXN_5467,USR_360,2023-04-15,613,Shopping,DEBIT,Completed,e96ae63c-3229-4640-8084-6e2530e51e96
TXN_5468,USR_360,2023-06-01,1643,Transport,DEBIT,Completed,e96ae63c-3229-4640-8084-6e2530e51e96
TXN_5469,USR_360,2023-04-07,1996,Shopping,DEBIT,Completed,e96ae63c-3229-4640-8084-6e2530e51e96
TXN_5470,USR_360,2023-05-20,2500,Savings,DEBIT,Completed,e96ae63c-3229-4640-8084-6e2530e51e96
TXN_5471,USR_360,2023-05-23,946,Utility Bill,DEBIT,Completed,e96ae63c-3229-4640-8084-6e2530e51e96
TXN_5472,USR_361,2023-06-21,4616,Other Income,CREDIT,Completed,bbb01373-8aec-4175-9a71-b00a1b8db442
TXN_5473,USR_361,2023-04-03,4134,Other Income,CREDIT,Completed,bbb01373-8aec-4175-9a71-b00a1b8db442
TXN_5474,USR_361,2023-05-13,50067,Salary,CREDIT,Completed,bbb01373-8aec-4175-9a71-b00a1b8db442
TXN_5475,USR_361,2023-05-18,1148,Shopping,DEBIT,Completed,bbb01373-8aec-4175-9a71-b00a1b8db442
TXN_5476,USR_361,2023-04-30,906,Utility Bill,DEBIT,Completed,bbb01373-8aec-4175-9a71-b00a1b8db442
TXN_5477,USR_361,2023-06-19,2314,Utility Bill,DEBIT,Completed,bbb01373-8aec-4175-9a71-b00a1b8db442
TXN_5478,USR_361,2023-06-30,841,Transport,DEBIT,Completed,bbb01373-8aec-4175-9a71-b00a1b8db442
TXN_5479,USR_361,2023-04-14,4412,Other Income,CREDIT,Completed,bbb01373-8aec-4175-9a71-b00a1b8db442
TXN_5480,USR_361,2023-04-20,546,Food,DEBIT,Completed,bbb01373-8aec-4175-9a71-b00a1b8db442
TXN_5481,USR_361,2023-04-08,2092,Food,DEBIT,Completed,bbb01373-8aec-4175-9a71-b00a1b8db442
TXN_5482,USR_361,2023-04-28,1788,Utility Bill,DEBIT,Completed,bbb01373-8aec-4175-9a71-b00a1b8db442
TXN_5483,USR_361,2023-06-11,11680,Rent,DEBIT,Completed,bbb01373-8aec-4175-9a71-b00a1b8db442
TXN_5484,USR_361,2023-06-13,2528,Food,DEBIT,Completed,bbb01373-8aec-4175-9a71-b00a1b8db442
TXN_5485,USR_361,2023-05-22,2375,Food,DEBIT,Completed,bbb01373-8aec-4175-9a71-b00a1b8db442
TXN_5486,USR_362,2023-06-11,771,Utility Bill,DEBIT,Late,9436eb1e-78e4-457a-b4a0-c41fe2a9ba2f
TXN_5487,USR_362,2023-04-24,626,Shopping,DEBIT,Completed,9436eb1e-78e4-457a-b4a0-c41fe2a9ba2f
TXN_5488,USR_362,2023-06-26,10314,Rent,DEBIT,Completed,9436eb1e-78e4-457a-b4a0-c41fe2a9ba2f
TXN_5489,USR_362,2023-06-18,2570,Shopping,DEBIT,Completed,9436eb1e-78e4-457a-b4a0-c41fe2a9ba2f
TXN_5490,USR_362,2023-05-25,1048,Utility Bill,DEBIT,Completed,9436eb1e-78e4-457a-b4a0-c41fe2a9ba2f
TXN_5491,USR_362,2023-05-29,996,Utility Bill,DEBIT,Late,9436eb1e-78e4-457a-b4a0-c41fe2a9ba2f
TXN_5492,USR_362,2023-06-04,181,Food,DEBIT,Completed,9436eb1e-78e4-457a-b4a0-c41fe2a9ba2f
TXN_5493,USR_362,2023-05-14,2781,Savings,DEBIT,Completed,9436eb1e-78e4-457a-b4a0-c41fe2a9ba2f
TXN_5494,USR_362,2023-04-29,516,Utility Bill,DEBIT,Late,9436eb1e-78e4-457a-b4a0-c41fe2a9ba2f
TXN_5495,USR_362,2023-04-24,227,Shopping,DEBIT,Completed,9436eb1e-78e4-457a-b4a0-c41fe2a9ba2f
TXN_5496,USR_362,2023-05-09,5567,Rent,DEBIT,Completed,9436eb1e-78e4-457a-b4a0-c41fe2a9ba2f
TXN_5497,USR_363,2023-06-20,2282,Shopping,DEBIT,Completed,841f0569-a0be-4e65-8a1d-b900538d20d0
TXN_5498,USR_363,2023-05-15,42172,Salary,CREDIT,Completed,841f0569-a0be-4e65-8a1d-b900538d20d0
TXN_5499,USR_363,2023-04-26,3978,Other Income,CREDIT,Completed,841f0569-a0be-4e65-8a1d-b900538d20d0
TXN_5500,USR_363,2023-04-06,6511,Rent,DEBIT,Completed,841f0569-a0be-4e65-8a1d-b900538d20d0
TXN_5501,USR_363,2023-04-27,1859,Food,DEBIT,Completed,841f0569-a0be-4e65-8a1d-b900538d20d0
TXN_5502,USR_363,2023-06-09,9860,Rent,DEBIT,Completed,841f0569-a0be-4e65-8a1d-b900538d20d0
TXN_5503,USR_363,2023-04-17,3023,Savings,DEBIT,Completed,841f0569-a0be-4e65-8a1d-b900538d20d0
TXN_5504,USR_363,2023-04-12,8423,Rent,DEBIT,Completed,841f0569-a0be-4e65-8a1d-b900538d20d0
TXN_5505,USR_363,2023-04-04,2327,Other Income,CREDIT,Completed,841f0569-a0be-4e65-8a1d-b900538d20d0
TXN_5506,USR_363,2023-04-18,2537,Other Income,CREDIT,Completed,841f0569-a0be-4e65-8a1d-b900538d20d0
TXN_5507,USR_363,2023-06-07,151,Food,DEBIT,Completed,841f0569-a0be-4e65-8a1d-b900538d20d0
TXN_5508,USR_363,2023-04-12,1412,Savings,DEBIT,Completed,841f0569-a0be-4e65-8a1d-b900538d20d0
TXN_5509,USR_363,2023-06-03,9887,Rent,DEBIT,Completed,841f0569-a0be-4e65-8a1d-b900538d20d0
TXN_5510,USR_364,2023-05-02,1260,Transport,DEBIT,Completed,9fd6b108-e6c1-4012-ba8c-b07bccd95b14
TXN_5511,USR_364,2023-04-25,1732,Utility Bill,DEBIT,Completed,9fd6b108-e6c1-4012-ba8c-b07bccd95b14
TXN_5512,USR_364,2023-05-12,11569,Rent,DEBIT,Completed,9fd6b108-e6c1-4012-ba8c-b07bccd95b14
TXN_5513,USR_364,2023-04-27,7039,Rent,DEBIT,Completed,9fd6b108-e6c1-4012-ba8c-b07bccd95b14
TXN_5514,USR_364,2023-06-22,2522,Transport,DEBIT,Completed,9fd6b108-e6c1-4012-ba8c-b07bccd95b14
TXN_5515,USR_364,2023-06-14,1010,Transport,DEBIT,Completed,9fd6b108-e6c1-4012-ba8c-b07bccd95b14
TXN_5516,USR_364,2023-04-26,13447,Salary,CREDIT,Completed,9fd6b108-e6c1-4012-ba8c-b07bccd95b14
TXN_5517,USR_364,2023-06-26,1962,Shopping,DEBIT,Completed,9fd6b108-e6c1-4012-ba8c-b07bccd95b14
TXN_5518,USR_364,2023-06-09,1398,Utility Bill,DEBIT,Completed,9fd6b108-e6c1-4012-ba8c-b07bccd95b14
TXN_5519,USR_364,2023-04-25,1762,Food,DEBIT,Completed,9fd6b108-e6c1-4012-ba8c-b07bccd95b14
TXN_5520,USR_364,2023-05-03,3081,Savings,DEBIT,Completed,9fd6b108-e6c1-4012-ba8c-b07bccd95b14
TXN_5521,USR_364,2023-06-22,2775,Transport,DEBIT,Completed,9fd6b108-e6c1-4012-ba8c-b07bccd95b14
TXN_5522,USR_364,2023-05-14,2364,Utility Bill,DEBIT,Completed,9fd6b108-e6c1-4012-ba8c-b07bccd95b14
TXN_5523,USR_364,2023-04-28,1295,Utility Bill,DEBIT,Late,9fd6b108-e6c1-4012-ba8c-b07bccd95b14
TXN_5524,USR_365,2023-05-27,1771,Utility Bill,DEBIT,Completed,d9896d93-4424-4b6b-aa64-6f3396ffea37
TXN_5525,USR_365,2023-06-13,4027,Savings,DEBIT,Completed,d9896d93-4424-4b6b-aa64-6f3396ffea37
TXN_5526,USR_365,2023-04-19,550,Food,DEBIT,Completed,d9896d93-4424-4b6b-aa64-6f3396ffea37
TXN_5527,USR_365,2023-05-20,963,Transport,DEBIT,Completed,d9896d93-4424-4b6b-aa64-6f3396ffea37
TXN_5528,USR_365,2023-05-13,184,Transport,DEBIT,Completed,d9896d93-4424-4b6b-aa64-6f3396ffea37
TXN_5529,USR_365,2023-05-14,1951,Utility Bill,DEBIT,Completed,d9896d93-4424-4b6b-aa64-6f3396ffea37
TXN_5530,USR_365,2023-04-04,2896,Transport,DEBIT,Completed,d9896d93-4424-4b6b-aa64-6f3396ffea37
TXN_5531,USR_365,2023-06-15,932,Food,DEBIT,Completed,d9896d93-4424-4b6b-aa64-6f3396ffea37
TXN_5532,USR_365,2023-05-23,1444,Salary,CREDIT,Completed,d9896d93-4424-4b6b-aa64-6f3396ffea37
TXN_5533,USR_365,2023-05-17,2398,Savings,DEBIT,Completed,d9896d93-4424-4b6b-aa64-6f3396ffea37
TXN_5534,USR_365,2023-06-14,655,Salary,CREDIT,Completed,d9896d93-4424-4b6b-aa64-6f3396ffea37
TXN_5535,USR_366,2023-04-17,2165,Shopping,DEBIT,Completed,49fa0b4b-4440-4455-a2de-04957e68977d
TXN_5536,USR_366,2023-05-24,810,Transport,DEBIT,Completed,49fa0b4b-4440-4455-a2de-04957e68977d
TXN_5537,USR_366,2023-05-14,1119,Other Income,CREDIT,Completed,49fa0b4b-4440-4455-a2de-04957e68977d
TXN_5538,USR_366,2023-04-08,4559,Other Income,CREDIT,Completed,49fa0b4b-4440-4455-a2de-04957e68977d
TXN_5539,USR_366,2023-06-23,11570,Rent,DEBIT,Completed,49fa0b4b-4440-4455-a2de-04957e68977d
TXN_5540,USR_366,2023-05-17,1427,Other Income,CREDIT,Completed,49fa0b4b-4440-4455-a2de-04957e68977d
TXN_5541,USR_366,2023-04-22,3984,Other Income,CREDIT,Completed,49fa0b4b-4440-4455-a2de-04957e68977d
TXN_5542,USR_366,2023-05-04,4388,Savings,DEBIT,Completed,49fa0b4b-4440-4455-a2de-04957e68977d
TXN_5543,USR_366,2023-04-12,1525,Transport,DEBIT,Completed,49fa0b4b-4440-4455-a2de-04957e68977d
TXN_5544,USR_366,2023-06-01,5226,Rent,DEBIT,Completed,49fa0b4b-4440-4455-a2de-04957e68977d
TXN_5545,USR_366,2023-05-31,5630,Rent,DEBIT,Completed,49fa0b4b-4440-4455-a2de-04957e68977d
TXN_5546,USR_366,2023-06-20,2828,Savings,DEBIT,Completed,49fa0b4b-4440-4455-a2de-04957e68977d
TXN_5547,USR_367,2023-04-20,830,Utility Bill,DEBIT,Completed,06a2aa6e-e61b-4693-8dd1-a41ae7d45787
TXN_5548,USR_367,2023-06-18,1453,Shopping,DEBIT,Completed,06a2aa6e-e61b-4693-8dd1-a41ae7d45787
TXN_5549,USR_367,2023-04-15,553,Transport,DEBIT,Completed,06a2aa6e-e61b-4693-8dd1-a41ae7d45787
TXN_5550,USR_367,2023-05-31,1183,Food,DEBIT,Completed,06a2aa6e-e61b-4693-8dd1-a41ae7d45787
TXN_5551,USR_367,2023-06-19,726,Shopping,DEBIT,Completed,06a2aa6e-e61b-4693-8dd1-a41ae7d45787
TXN_5552,USR_367,2023-06-19,3018,Savings,DEBIT,Completed,06a2aa6e-e61b-4693-8dd1-a41ae7d45787
TXN_5553,USR_367,2023-04-05,1341,Shopping,DEBIT,Completed,06a2aa6e-e61b-4693-8dd1-a41ae7d45787
TXN_5554,USR_367,2023-05-18,2740,Shopping,DEBIT,Completed,06a2aa6e-e61b-4693-8dd1-a41ae7d45787
TXN_5555,USR_367,2023-05-30,2939,Food,DEBIT,Completed,06a2aa6e-e61b-4693-8dd1-a41ae7d45787
TXN_5556,USR_367,2023-04-29,8417,Rent,DEBIT,Completed,06a2aa6e-e61b-4693-8dd1-a41ae7d45787
TXN_5557,USR_367,2023-04-23,1815,Other Income,CREDIT,Completed,06a2aa6e-e61b-4693-8dd1-a41ae7d45787
TXN_5558,USR_367,2023-06-03,1742,Food,DEBIT,Completed,06a2aa6e-e61b-4693-8dd1-a41ae7d45787
TXN_5559,USR_367,2023-04-28,2117,Food,DEBIT,Completed,06a2aa6e-e61b-4693-8dd1-a41ae7d45787
TXN_5560,USR_367,2023-04-15,1640,Food,DEBIT,Completed,06a2aa6e-e61b-4693-8dd1-a41ae7d45787
TXN_5561,USR_367,2023-05-16,1887,Utility Bill,DEBIT,Completed,06a2aa6e-e61b-4693-8dd1-a41ae7d45787
TXN_5562,USR_368,2023-04-23,854,Food,DEBIT,Completed,530a4b7c-8d93-4463-aeed-a86d6b639eac
TXN_5563,USR_368,2023-05-16,5364,Rent,DEBIT,Completed,530a4b7c-8d93-4463-aeed-a86d6b639eac
TXN_5564,USR_368,2023-05-30,189,Food,DEBIT,Completed,530a4b7c-8d93-4463-aeed-a86d6b639eac
TXN_5565,USR_368,2023-05-04,1254,Salary,CREDIT,Completed,530a4b7c-8d93-4463-aeed-a86d6b639eac
TXN_5566,USR_368,2023-06-02,1173,Utility Bill,DEBIT,Completed,530a4b7c-8d93-4463-aeed-a86d6b639eac
TXN_5567,USR_368,2023-04-30,1636,Savings,DEBIT,Completed,530a4b7c-8d93-4463-aeed-a86d6b639eac
TXN_5568,USR_368,2023-04-26,6040,Rent,DEBIT,Completed,530a4b7c-8d93-4463-aeed-a86d6b639eac
TXN_5569,USR_368,2023-05-24,1754,Shopping,DEBIT,Completed,530a4b7c-8d93-4463-aeed-a86d6b639eac
TXN_5570,USR_368,2023-06-26,2820,Salary,CREDIT,Completed,530a4b7c-8d93-4463-aeed-a86d6b639eac
TXN_5571,USR_368,2023-06-03,1288,Savings,DEBIT,Completed,530a4b7c-8d93-4463-aeed-a86d6b639eac
TXN_5572,USR_368,2023-04-21,558,Transport,DEBIT,Completed,530a4b7c-8d93-4463-aeed-a86d6b639eac
TXN_5573,USR_369,2023-06-12,1186,Savings,DEBIT,Completed,ac21024d-f81b-43b9-b27e-15d314cad797
TXN_5574,USR_369,2023-04-11,4703,Savings,DEBIT,Completed,ac21024d-f81b-43b9-b27e-15d314cad797
TXN_5575,USR_369,2023-06-18,7745,Rent,DEBIT,Completed,ac21024d-f81b-43b9-b27e-15d314cad797
TXN_5576,USR_369,2023-04-22,981,Transport,DEBIT,Completed,ac21024d-f81b-43b9-b27e-15d314cad797
TXN_5577,USR_369,2023-05-16,2257,Food,DEBIT,Completed,ac21024d-f81b-43b9-b27e-15d314cad797
TXN_5578,USR_369,2023-05-14,2801,Shopping,DEBIT,Completed,ac21024d-f81b-43b9-b27e-15d314cad797
TXN_5579,USR_369,2023-04-25,11223,Rent,DEBIT,Completed,ac21024d-f81b-43b9-b27e-15d314cad797
TXN_5580,USR_369,2023-05-17,3648,Other Income,CREDIT,Completed,ac21024d-f81b-43b9-b27e-15d314cad797
TXN_5581,USR_369,2023-06-27,863,Utility Bill,DEBIT,Completed,ac21024d-f81b-43b9-b27e-15d314cad797
TXN_5582,USR_369,2023-06-19,737,Transport,DEBIT,Completed,ac21024d-f81b-43b9-b27e-15d314cad797
TXN_5583,USR_369,2023-05-19,1356,Utility Bill,DEBIT,Completed,ac21024d-f81b-43b9-b27e-15d314cad797
TXN_5584,USR_369,2023-04-19,2126,Utility Bill,DEBIT,Completed,ac21024d-f81b-43b9-b27e-15d314cad797
TXN_5585,USR_370,2023-04-20,2526,Shopping,DEBIT,Completed,880dd0d8-776f-4f17-a5ed-5a5641e94865
TXN_5586,USR_370,2023-05-04,2965,Food,DEBIT,Completed,880dd0d8-776f-4f17-a5ed-5a5641e94865
TXN_5587,USR_370,2023-05-08,6153,Rent,DEBIT,Completed,880dd0d8-776f-4f17-a5ed-5a5641e94865
TXN_5588,USR_370,2023-06-28,7224,Rent,DEBIT,Completed,880dd0d8-776f-4f17-a5ed-5a5641e94865
TXN_5589,USR_370,2023-04-05,4798,Savings,DEBIT,Completed,880dd0d8-776f-4f17-a5ed-5a5641e94865
TXN_5590,USR_370,2023-05-09,2382,Food,DEBIT,Completed,880dd0d8-776f-4f17-a5ed-5a5641e94865
TXN_5591,USR_370,2023-06-12,1612,Utility Bill,DEBIT,Completed,880dd0d8-776f-4f17-a5ed-5a5641e94865
TXN_5592,USR_370,2023-06-29,1883,Shopping,DEBIT,Completed,880dd0d8-776f-4f17-a5ed-5a5641e94865
TXN_5593,USR_370,2023-05-20,830,Shopping,DEBIT,Completed,880dd0d8-776f-4f17-a5ed-5a5641e94865
TXN_5594,USR_370,2023-04-01,1315,Shopping,DEBIT,Completed,880dd0d8-776f-4f17-a5ed-5a5641e94865
TXN_5595,USR_370,2023-06-08,2347,Utility Bill,DEBIT,Completed,880dd0d8-776f-4f17-a5ed-5a5641e94865
TXN_5596,USR_371,2023-06-10,4180,Other Income,CREDIT,Completed,40fb1541-0d4e-4829-b574-afa05321d863
TXN_5597,USR_371,2023-05-29,1717,Food,DEBIT,Completed,40fb1541-0d4e-4829-b574-afa05321d863
TXN_5598,USR_371,2023-04-09,2576,Food,DEBIT,Completed,40fb1541-0d4e-4829-b574-afa05321d863
TXN_5599,USR_371,2023-04-08,3514,Savings,DEBIT,Completed,40fb1541-0d4e-4829-b574-afa05321d863
TXN_5600,USR_371,2023-04-24,4619,Savings,DEBIT,Completed,40fb1541-0d4e-4829-b574-afa05321d863
TXN_5601,USR_371,2023-06-03,2027,Savings,DEBIT,Completed,40fb1541-0d4e-4829-b574-afa05321d863
TXN_5602,USR_371,2023-06-14,10530,Rent,DEBIT,Completed,40fb1541-0d4e-4829-b574-afa05321d863
TXN_5603,USR_371,2023-05-16,48744,Salary,CREDIT,Completed,40fb1541-0d4e-4829-b574-afa05321d863
TXN_5604,USR_371,2023-04-13,8489,Rent,DEBIT,Completed,40fb1541-0d4e-4829-b574-afa05321d863
TXN_5605,USR_371,2023-06-07,2899,Food,DEBIT,Completed,40fb1541-0d4e-4829-b574-afa05321d863
TXN_5606,USR_371,2023-05-22,728,Transport,DEBIT,Completed,40fb1541-0d4e-4829-b574-afa05321d863
TXN_5607,USR_371,2023-04-30,9779,Rent,DEBIT,Completed,40fb1541-0d4e-4829-b574-afa05321d863
TXN_5608,USR_371,2023-04-26,782,Utility Bill,DEBIT,Completed,40fb1541-0d4e-4829-b574-afa05321d863
TXN_5609,USR_371,2023-05-18,627,Utility Bill,DEBIT,Completed,40fb1541-0d4e-4829-b574-afa05321d863
TXN_5610,USR_371,2023-05-13,48744,Salary,CREDIT,Completed,40fb1541-0d4e-4829-b574-afa05321d863
TXN_5611,USR_372,2023-04-23,1766,Other Income,CREDIT,Completed,f790daac-4840-40c3-9289-fd8c9c12a148
TXN_5612,USR_372,2023-06-08,1174,Utility Bill,DEBIT,Completed,f790daac-4840-40c3-9289-fd8c9c12a148
TXN_5613,USR_372,2023-04-23,1814,Other Income,CREDIT,Completed,f790daac-4840-40c3-9289-fd8c9c12a148
TXN_5614,USR_372,2023-06-18,2651,Shopping,DEBIT,Completed,f790daac-4840-40c3-9289-fd8c9c12a148
TXN_5615,USR_372,2023-06-22,717,Shopping,DEBIT,Completed,f790daac-4840-40c3-9289-fd8c9c12a148
TXN_5616,USR_372,2023-06-03,1890,Transport,DEBIT,Completed,f790daac-4840-40c3-9289-fd8c9c12a148
TXN_5617,USR_372,2023-05-26,2002,Food,DEBIT,Completed,f790daac-4840-40c3-9289-fd8c9c12a148
TXN_5618,USR_372,2023-05-31,2866,Savings,DEBIT,Completed,f790daac-4840-40c3-9289-fd8c9c12a148
TXN_5619,USR_372,2023-05-16,2546,Food,DEBIT,Completed,f790daac-4840-40c3-9289-fd8c9c12a148
TXN_5620,USR_372,2023-06-05,1978,Food,DEBIT,Completed,f790daac-4840-40c3-9289-fd8c9c12a148
TXN_5621,USR_372,2023-06-30,3073,Savings,DEBIT,Completed,f790daac-4840-40c3-9289-fd8c9c12a148
TXN_5622,USR_373,2023-05-15,3674,Other Income,CREDIT,Completed,78f085da-4bab-42fc-8991-011092ccb9b2
TXN_5623,USR_373,2023-06-10,1252,Utility Bill,DEBIT,Completed,78f085da-4bab-42fc-8991-011092ccb9b2
TXN_5624,USR_373,2023-05-27,1706,Other Income,CREDIT,Completed,78f085da-4bab-42fc-8991-011092ccb9b2
TXN_5625,USR_373,2023-04-05,1943,Other Income,CREDIT,Completed,78f085da-4bab-42fc-8991-011092ccb9b2
TXN_5626,USR_373,2023-04-04,2425,Utility Bill,DEBIT,Completed,78f085da-4bab-42fc-8991-011092ccb9b2
TXN_5627,USR_373,2023-04-05,2550,Transport,DEBIT,Completed,78f085da-4bab-42fc-8991-011092ccb9b2
TXN_5628,USR_373,2023-05-30,10013,Rent,DEBIT,Completed,78f085da-4bab-42fc-8991-011092ccb9b2
TXN_5629,USR_373,2023-05-14,479,Transport,DEBIT,Completed,78f085da-4bab-42fc-8991-011092ccb9b2
TXN_5630,USR_373,2023-06-25,2332,Transport,DEBIT,Completed,78f085da-4bab-42fc-8991-011092ccb9b2
TXN_5631,USR_373,2023-06-09,641,Other Income,CREDIT,Completed,78f085da-4bab-42fc-8991-011092ccb9b2
TXN_5632,USR_374,2023-04-19,4720,Other Income,CREDIT,Completed,c0addbbc-744a-4004-bf3b-7c470d6750e5
TXN_5633,USR_374,2023-04-08,2848,Food,DEBIT,Completed,c0addbbc-744a-4004-bf3b-7c470d6750e5
TXN_5634,USR_374,2023-05-20,7341,Rent,DEBIT,Completed,c0addbbc-744a-4004-bf3b-7c470d6750e5
TXN_5635,USR_374,2023-04-30,6628,Rent,DEBIT,Completed,c0addbbc-744a-4004-bf3b-7c470d6750e5
TXN_5636,USR_374,2023-04-04,810,Food,DEBIT,Completed,c0addbbc-744a-4004-bf3b-7c470d6750e5
TXN_5637,USR_374,2023-05-02,1994,Utility Bill,DEBIT,Completed,c0addbbc-744a-4004-bf3b-7c470d6750e5
TXN_5638,USR_374,2023-05-09,765,Transport,DEBIT,Completed,c0addbbc-744a-4004-bf3b-7c470d6750e5
TXN_5639,USR_374,2023-06-20,1650,Utility Bill,DEBIT,Completed,c0addbbc-744a-4004-bf3b-7c470d6750e5
TXN_5640,USR_374,2023-04-25,883,Utility Bill,DEBIT,Completed,c0addbbc-744a-4004-bf3b-7c470d6750e5
TXN_5641,USR_374,2023-06-15,736,Food,DEBIT,Completed,c0addbbc-744a-4004-bf3b-7c470d6750e5
TXN_5642,USR_374,2023-06-05,2911,Transport,DEBIT,Completed,c0addbbc-744a-4004-bf3b-7c470d6750e5
TXN_5643,USR_374,2023-06-11,2618,Savings,DEBIT,Completed,c0addbbc-744a-4004-bf3b-7c470d6750e5
TXN_5644,USR_374,2023-05-07,1520,Shopping,DEBIT,Completed,c0addbbc-744a-4004-bf3b-7c470d6750e5
TXN_5645,USR_374,2023-06-09,2011,Savings,DEBIT,Completed,c0addbbc-744a-4004-bf3b-7c470d6750e5
TXN_5646,USR_375,2023-06-20,561,Other Income,CREDIT,Completed,992b7c4f-30e2-407e-ae84-494dc605c0cd
TXN_5647,USR_375,2023-05-23,8992,Rent,DEBIT,Late,992b7c4f-30e2-407e-ae84-494dc605c0cd
TXN_5648,USR_375,2023-04-16,1050,Savings,DEBIT,Completed,992b7c4f-30e2-407e-ae84-494dc605c0cd
TXN_5649,USR_375,2023-04-18,2186,Shopping,DEBIT,Completed,992b7c4f-30e2-407e-ae84-494dc605c0cd
TXN_5650,USR_375,2023-06-04,672,Other Income,CREDIT,Completed,992b7c4f-30e2-407e-ae84-494dc605c0cd
TXN_5651,USR_375,2023-06-12,943,Food,DEBIT,Completed,992b7c4f-30e2-407e-ae84-494dc605c0cd
TXN_5652,USR_375,2023-04-04,2335,Food,DEBIT,Completed,992b7c4f-30e2-407e-ae84-494dc605c0cd
TXN_5653,USR_375,2023-05-28,905,Transport,DEBIT,Completed,992b7c4f-30e2-407e-ae84-494dc605c0cd
TXN_5654,USR_375,2023-05-12,3370,Savings,DEBIT,Completed,992b7c4f-30e2-407e-ae84-494dc605c0cd
TXN_5655,USR_375,2023-04-24,1609,Other Income,CREDIT,Completed,992b7c4f-30e2-407e-ae84-494dc605c0cd
TXN_5656,USR_376,2023-05-30,2057,Savings,DEBIT,Completed,05f698d6-bbd3-452a-9243-807a643059d3
TXN_5657,USR_376,2023-04-23,5582,Rent,DEBIT,Completed,05f698d6-bbd3-452a-9243-807a643059d3
TXN_5658,USR_376,2023-06-16,850,Utility Bill,DEBIT,Completed,05f698d6-bbd3-452a-9243-807a643059d3
TXN_5659,USR_376,2023-04-04,3851,Salary,CREDIT,Completed,05f698d6-bbd3-452a-9243-807a643059d3
TXN_5660,USR_376,2023-05-03,2213,Food,DEBIT,Completed,05f698d6-bbd3-452a-9243-807a643059d3
TXN_5661,USR_376,2023-06-25,1977,Food,DEBIT,Completed,05f698d6-bbd3-452a-9243-807a643059d3
TXN_5662,USR_376,2023-06-14,1201,Shopping,DEBIT,Completed,05f698d6-bbd3-452a-9243-807a643059d3
TXN_5663,USR_376,2023-05-02,2911,Savings,DEBIT,Completed,05f698d6-bbd3-452a-9243-807a643059d3
TXN_5664,USR_376,2023-04-23,2786,Salary,CREDIT,Completed,05f698d6-bbd3-452a-9243-807a643059d3
TXN_5665,USR_376,2023-05-01,2330,Utility Bill,DEBIT,Completed,05f698d6-bbd3-452a-9243-807a643059d3
TXN_5666,USR_376,2023-05-30,2321,Transport,DEBIT,Completed,05f698d6-bbd3-452a-9243-807a643059d3
TXN_5667,USR_376,2023-04-12,1746,Salary,CREDIT,Completed,05f698d6-bbd3-452a-9243-807a643059d3
TXN_5668,USR_376,2023-06-27,4791,Savings,DEBIT,Completed,05f698d6-bbd3-452a-9243-807a643059d3
TXN_5669,USR_377,2023-05-07,798,Other Income,CREDIT,Completed,dd7d3de0-55e5-4105-a484-85299e71a80b
TXN_5670,USR_377,2023-04-15,9509,Rent,DEBIT,Completed,dd7d3de0-55e5-4105-a484-85299e71a80b
TXN_5671,USR_377,2023-04-11,2259,Shopping,DEBIT,Completed,dd7d3de0-55e5-4105-a484-85299e71a80b
TXN_5672,USR_377,2023-04-15,1249,Transport,DEBIT,Completed,dd7d3de0-55e5-4105-a484-85299e71a80b
TXN_5673,USR_377,2023-06-10,4067,Savings,DEBIT,Completed,dd7d3de0-55e5-4105-a484-85299e71a80b
TXN_5674,USR_377,2023-04-01,10899,Rent,DEBIT,Completed,dd7d3de0-55e5-4105-a484-85299e71a80b
TXN_5675,USR_377,2023-06-24,4233,Other Income,CREDIT,Completed,dd7d3de0-55e5-4105-a484-85299e71a80b
TXN_5676,USR_377,2023-04-23,3771,Other Income,CREDIT,Completed,dd7d3de0-55e5-4105-a484-85299e71a80b
TXN_5677,USR_377,2023-05-18,1183,Transport,DEBIT,Completed,dd7d3de0-55e5-4105-a484-85299e71a80b
TXN_5678,USR_377,2023-06-14,2690,Other Income,CREDIT,Completed,dd7d3de0-55e5-4105-a484-85299e71a80b
TXN_5679,USR_377,2023-04-13,291,Shopping,DEBIT,Completed,dd7d3de0-55e5-4105-a484-85299e71a80b
TXN_5680,USR_378,2023-04-20,2596,Shopping,DEBIT,Completed,7aec8425-6272-4b58-8d67-a73b4cf49f8e
TXN_5681,USR_378,2023-05-03,1295,Utility Bill,DEBIT,Completed,7aec8425-6272-4b58-8d67-a73b4cf49f8e
TXN_5682,USR_378,2023-04-30,1322,Food,DEBIT,Completed,7aec8425-6272-4b58-8d67-a73b4cf49f8e
TXN_5683,USR_378,2023-04-29,1106,Food,DEBIT,Completed,7aec8425-6272-4b58-8d67-a73b4cf49f8e
TXN_5684,USR_378,2023-04-08,1319,Food,DEBIT,Completed,7aec8425-6272-4b58-8d67-a73b4cf49f8e
TXN_5685,USR_378,2023-05-15,5244,Rent,DEBIT,Completed,7aec8425-6272-4b58-8d67-a73b4cf49f8e
TXN_5686,USR_378,2023-05-15,761,Food,DEBIT,Completed,7aec8425-6272-4b58-8d67-a73b4cf49f8e
TXN_5687,USR_378,2023-06-25,1429,Other Income,CREDIT,Completed,7aec8425-6272-4b58-8d67-a73b4cf49f8e
TXN_5688,USR_378,2023-04-07,947,Utility Bill,DEBIT,Completed,7aec8425-6272-4b58-8d67-a73b4cf49f8e
TXN_5689,USR_378,2023-05-25,3658,Savings,DEBIT,Completed,7aec8425-6272-4b58-8d67-a73b4cf49f8e
TXN_5690,USR_378,2023-06-18,834,Shopping,DEBIT,Completed,7aec8425-6272-4b58-8d67-a73b4cf49f8e
TXN_5691,USR_378,2023-06-28,11102,Rent,DEBIT,Completed,7aec8425-6272-4b58-8d67-a73b4cf49f8e
TXN_5692,USR_378,2023-06-02,2614,Transport,DEBIT,Completed,7aec8425-6272-4b58-8d67-a73b4cf49f8e
TXN_5693,USR_378,2023-04-27,1519,Food,DEBIT,Completed,7aec8425-6272-4b58-8d67-a73b4cf49f8e
TXN_5694,USR_378,2023-05-27,1837,Shopping,DEBIT,Completed,7aec8425-6272-4b58-8d67-a73b4cf49f8e
TXN_5695,USR_379,2023-06-24,3009,Savings,DEBIT,Completed,f4e598ab-f9a2-4d10-8a64-dcc46302c253
TXN_5696,USR_379,2023-06-28,27288,Salary,CREDIT,Completed,f4e598ab-f9a2-4d10-8a64-dcc46302c253
TXN_5697,USR_379,2023-05-31,4696,Savings,DEBIT,Completed,f4e598ab-f9a2-4d10-8a64-dcc46302c253
TXN_5698,USR_379,2023-06-29,2226,Transport,DEBIT,Completed,f4e598ab-f9a2-4d10-8a64-dcc46302c253
TXN_5699,USR_379,2023-04-02,1761,Savings,DEBIT,Completed,f4e598ab-f9a2-4d10-8a64-dcc46302c253
TXN_5700,USR_379,2023-05-28,2972,Transport,DEBIT,Completed,f4e598ab-f9a2-4d10-8a64-dcc46302c253
TXN_5701,USR_379,2023-04-10,2851,Transport,DEBIT,Completed,f4e598ab-f9a2-4d10-8a64-dcc46302c253
TXN_5702,USR_379,2023-04-21,7465,Rent,DEBIT,Completed,f4e598ab-f9a2-4d10-8a64-dcc46302c253
TXN_5703,USR_379,2023-05-17,9497,Rent,DEBIT,Completed,f4e598ab-f9a2-4d10-8a64-dcc46302c253
TXN_5704,USR_379,2023-06-01,535,Food,DEBIT,Completed,f4e598ab-f9a2-4d10-8a64-dcc46302c253
TXN_5705,USR_379,2023-04-06,918,Other Income,CREDIT,Completed,f4e598ab-f9a2-4d10-8a64-dcc46302c253
TXN_5706,USR_379,2023-04-19,1147,Utility Bill,DEBIT,Completed,f4e598ab-f9a2-4d10-8a64-dcc46302c253
TXN_5707,USR_379,2023-05-18,1064,Utility Bill,DEBIT,Completed,f4e598ab-f9a2-4d10-8a64-dcc46302c253
TXN_5708,USR_380,2023-04-05,1225,Utility Bill,DEBIT,Completed,bacf7f5e-8b3b-4eb5-b9a1-c899660ea01f
TXN_5709,USR_380,2023-04-28,2571,Savings,DEBIT,Completed,bacf7f5e-8b3b-4eb5-b9a1-c899660ea01f
TXN_5710,USR_380,2023-06-30,5613,Rent,DEBIT,Completed,bacf7f5e-8b3b-4eb5-b9a1-c899660ea01f
TXN_5711,USR_380,2023-04-06,2669,Food,DEBIT,Completed,bacf7f5e-8b3b-4eb5-b9a1-c899660ea01f
TXN_5712,USR_380,2023-05-18,3652,Other Income,CREDIT,Completed,bacf7f5e-8b3b-4eb5-b9a1-c899660ea01f
TXN_5713,USR_380,2023-06-24,4025,Savings,DEBIT,Completed,bacf7f5e-8b3b-4eb5-b9a1-c899660ea01f
TXN_5714,USR_380,2023-06-22,669,Food,DEBIT,Completed,bacf7f5e-8b3b-4eb5-b9a1-c899660ea01f
TXN_5715,USR_380,2023-05-10,4925,Other Income,CREDIT,Completed,bacf7f5e-8b3b-4eb5-b9a1-c899660ea01f
TXN_5716,USR_380,2023-05-20,7210,Rent,DEBIT,Completed,bacf7f5e-8b3b-4eb5-b9a1-c899660ea01f
TXN_5717,USR_380,2023-05-07,1056,Other Income,CREDIT,Completed,bacf7f5e-8b3b-4eb5-b9a1-c899660ea01f
TXN_5718,USR_381,2023-06-30,1207,Other Income,CREDIT,Completed,b5f59963-139c-4140-8fc3-9224731c84ba
TXN_5719,USR_381,2023-06-16,4345,Other Income,CREDIT,Completed,b5f59963-139c-4140-8fc3-9224731c84ba
TXN_5720,USR_381,2023-05-09,1174,Shopping,DEBIT,Completed,b5f59963-139c-4140-8fc3-9224731c84ba
TXN_5721,USR_381,2023-04-25,948,Shopping,DEBIT,Completed,b5f59963-139c-4140-8fc3-9224731c84ba
TXN_5722,USR_381,2023-06-30,1199,Transport,DEBIT,Completed,b5f59963-139c-4140-8fc3-9224731c84ba
TXN_5723,USR_381,2023-06-04,2094,Food,DEBIT,Completed,b5f59963-139c-4140-8fc3-9224731c84ba
TXN_5724,USR_381,2023-06-06,1081,Shopping,DEBIT,Completed,b5f59963-139c-4140-8fc3-9224731c84ba
TXN_5725,USR_381,2023-05-11,1487,Other Income,CREDIT,Completed,b5f59963-139c-4140-8fc3-9224731c84ba
TXN_5726,USR_381,2023-04-24,1086,Utility Bill,DEBIT,Completed,b5f59963-139c-4140-8fc3-9224731c84ba
TXN_5727,USR_381,2023-06-01,2784,Other Income,CREDIT,Completed,b5f59963-139c-4140-8fc3-9224731c84ba
TXN_5728,USR_381,2023-05-27,1514,Transport,DEBIT,Completed,b5f59963-139c-4140-8fc3-9224731c84ba
TXN_5729,USR_381,2023-05-22,278,Transport,DEBIT,Completed,b5f59963-139c-4140-8fc3-9224731c84ba
TXN_5730,USR_381,2023-06-28,1820,Utility Bill,DEBIT,Completed,b5f59963-139c-4140-8fc3-9224731c84ba
TXN_5731,USR_381,2023-06-05,637,Food,DEBIT,Completed,b5f59963-139c-4140-8fc3-9224731c84ba
TXN_5732,USR_381,2023-04-01,43933,Salary,CREDIT,Completed,b5f59963-139c-4140-8fc3-9224731c84ba
TXN_5733,USR_382,2023-06-24,2929,Savings,DEBIT,Completed,5e5f8b33-9a33-41f8-9367-159e0dac67b1
TXN_5734,USR_382,2023-04-08,2190,Utility Bill,DEBIT,Completed,5e5f8b33-9a33-41f8-9367-159e0dac67b1
TXN_5735,USR_382,2023-06-23,2170,Transport,DEBIT,Completed,5e5f8b33-9a33-41f8-9367-159e0dac67b1
TXN_5736,USR_382,2023-05-08,1149,Shopping,DEBIT,Completed,5e5f8b33-9a33-41f8-9367-159e0dac67b1
TXN_5737,USR_382,2023-06-08,284,Food,DEBIT,Completed,5e5f8b33-9a33-41f8-9367-159e0dac67b1
TXN_5738,USR_382,2023-06-21,4856,Savings,DEBIT,Completed,5e5f8b33-9a33-41f8-9367-159e0dac67b1
TXN_5739,USR_382,2023-04-12,5153,Rent,DEBIT,Completed,5e5f8b33-9a33-41f8-9367-159e0dac67b1
TXN_5740,USR_382,2023-04-26,2610,Shopping,DEBIT,Completed,5e5f8b33-9a33-41f8-9367-159e0dac67b1
TXN_5741,USR_382,2023-05-27,9838,Rent,DEBIT,Completed,5e5f8b33-9a33-41f8-9367-159e0dac67b1
TXN_5742,USR_382,2023-04-27,1092,Utility Bill,DEBIT,Completed,5e5f8b33-9a33-41f8-9367-159e0dac67b1
TXN_5743,USR_382,2023-06-30,6937,Rent,DEBIT,Completed,5e5f8b33-9a33-41f8-9367-159e0dac67b1
TXN_5744,USR_382,2023-05-20,717,Other Income,CREDIT,Completed,5e5f8b33-9a33-41f8-9367-159e0dac67b1
TXN_5745,USR_382,2023-04-25,1031,Food,DEBIT,Completed,5e5f8b33-9a33-41f8-9367-159e0dac67b1
TXN_5746,USR_382,2023-05-25,2498,Transport,DEBIT,Completed,5e5f8b33-9a33-41f8-9367-159e0dac67b1
TXN_5747,USR_382,2023-06-24,2889,Shopping,DEBIT,Completed,5e5f8b33-9a33-41f8-9367-159e0dac67b1
TXN_5748,USR_383,2023-05-14,2000,Food,DEBIT,Completed,8cc9e4b7-fbc4-43ee-a371-43ac17793950
TXN_5749,USR_383,2023-06-08,965,Shopping,DEBIT,Completed,8cc9e4b7-fbc4-43ee-a371-43ac17793950
TXN_5750,USR_383,2023-05-21,595,Other Income,CREDIT,Completed,8cc9e4b7-fbc4-43ee-a371-43ac17793950
TXN_5751,USR_383,2023-06-03,1614,Utility Bill,DEBIT,Completed,8cc9e4b7-fbc4-43ee-a371-43ac17793950
TXN_5752,USR_383,2023-06-14,1871,Food,DEBIT,Completed,8cc9e4b7-fbc4-43ee-a371-43ac17793950
TXN_5753,USR_383,2023-06-12,26735,Salary,CREDIT,Completed,8cc9e4b7-fbc4-43ee-a371-43ac17793950
TXN_5754,USR_383,2023-06-12,1413,Food,DEBIT,Completed,8cc9e4b7-fbc4-43ee-a371-43ac17793950
TXN_5755,USR_383,2023-04-06,5410,Rent,DEBIT,Completed,8cc9e4b7-fbc4-43ee-a371-43ac17793950
TXN_5756,USR_383,2023-05-22,1041,Utility Bill,DEBIT,Completed,8cc9e4b7-fbc4-43ee-a371-43ac17793950
TXN_5757,USR_383,2023-04-28,11422,Rent,DEBIT,Completed,8cc9e4b7-fbc4-43ee-a371-43ac17793950
TXN_5758,USR_383,2023-06-20,2387,Other Income,CREDIT,Completed,8cc9e4b7-fbc4-43ee-a371-43ac17793950
TXN_5759,USR_383,2023-06-09,1847,Savings,DEBIT,Completed,8cc9e4b7-fbc4-43ee-a371-43ac17793950
TXN_5760,USR_384,2023-05-31,289,Shopping,DEBIT,Completed,229ad7fb-f2bc-4058-824d-7246689ba4f9
TXN_5761,USR_384,2023-05-16,2608,Food,DEBIT,Completed,229ad7fb-f2bc-4058-824d-7246689ba4f9
TXN_5762,USR_384,2023-04-06,2497,Savings,DEBIT,Completed,229ad7fb-f2bc-4058-824d-7246689ba4f9
TXN_5763,USR_384,2023-06-21,4112,Other Income,CREDIT,Completed,229ad7fb-f2bc-4058-824d-7246689ba4f9
TXN_5764,USR_384,2023-05-22,2272,Shopping,DEBIT,Completed,229ad7fb-f2bc-4058-824d-7246689ba4f9
TXN_5765,USR_384,2023-04-03,3605,Other Income,CREDIT,Completed,229ad7fb-f2bc-4058-824d-7246689ba4f9
TXN_5766,USR_384,2023-04-01,2256,Food,DEBIT,Completed,229ad7fb-f2bc-4058-824d-7246689ba4f9
TXN_5767,USR_384,2023-06-16,42520,Salary,CREDIT,Completed,229ad7fb-f2bc-4058-824d-7246689ba4f9
TXN_5768,USR_384,2023-06-15,6976,Rent,DEBIT,Completed,229ad7fb-f2bc-4058-824d-7246689ba4f9
TXN_5769,USR_384,2023-04-01,1297,Food,DEBIT,Completed,229ad7fb-f2bc-4058-824d-7246689ba4f9
TXN_5770,USR_384,2023-04-20,7847,Rent,DEBIT,Completed,229ad7fb-f2bc-4058-824d-7246689ba4f9
TXN_5771,USR_384,2023-06-09,6254,Rent,DEBIT,Completed,229ad7fb-f2bc-4058-824d-7246689ba4f9
TXN_5772,USR_384,2023-05-31,2684,Shopping,DEBIT,Completed,229ad7fb-f2bc-4058-824d-7246689ba4f9
TXN_5773,USR_384,2023-06-01,42520,Salary,CREDIT,Completed,229ad7fb-f2bc-4058-824d-7246689ba4f9
TXN_5774,USR_385,2023-04-21,513,Food,DEBIT,Completed,2994e9a5-f4f0-445f-ae2e-68c0adfc46b2
TXN_5775,USR_385,2023-06-19,2980,Transport,DEBIT,Completed,2994e9a5-f4f0-445f-ae2e-68c0adfc46b2
TXN_5776,USR_385,2023-04-26,2141,Other Income,CREDIT,Completed,2994e9a5-f4f0-445f-ae2e-68c0adfc46b2
TXN_5777,USR_385,2023-05-13,3807,Savings,DEBIT,Completed,2994e9a5-f4f0-445f-ae2e-68c0adfc46b2
TXN_5778,USR_385,2023-06-07,3955,Savings,DEBIT,Completed,2994e9a5-f4f0-445f-ae2e-68c0adfc46b2
TXN_5779,USR_385,2023-04-28,1600,Utility Bill,DEBIT,Completed,2994e9a5-f4f0-445f-ae2e-68c0adfc46b2
TXN_5780,USR_385,2023-05-30,339,Food,DEBIT,Completed,2994e9a5-f4f0-445f-ae2e-68c0adfc46b2
TXN_5781,USR_385,2023-05-25,448,Transport,DEBIT,Completed,2994e9a5-f4f0-445f-ae2e-68c0adfc46b2
TXN_5782,USR_385,2023-06-30,11667,Rent,DEBIT,Completed,2994e9a5-f4f0-445f-ae2e-68c0adfc46b2
TXN_5783,USR_385,2023-04-01,1851,Utility Bill,DEBIT,Completed,2994e9a5-f4f0-445f-ae2e-68c0adfc46b2
TXN_5784,USR_385,2023-06-07,10989,Rent,DEBIT,Completed,2994e9a5-f4f0-445f-ae2e-68c0adfc46b2
TXN_5785,USR_385,2023-05-17,1600,Food,DEBIT,Completed,2994e9a5-f4f0-445f-ae2e-68c0adfc46b2
TXN_5786,USR_386,2023-06-04,1034,Utility Bill,DEBIT,Completed,4405531f-21c0-437c-88c8-89833d487750
TXN_5787,USR_386,2023-06-18,1605,Food,DEBIT,Completed,4405531f-21c0-437c-88c8-89833d487750
TXN_5788,USR_386,2023-06-26,2765,Shopping,DEBIT,Completed,4405531f-21c0-437c-88c8-89833d487750
TXN_5789,USR_386,2023-06-15,4966,Savings,DEBIT,Completed,4405531f-21c0-437c-88c8-89833d487750
TXN_5790,USR_386,2023-04-14,2773,Food,DEBIT,Completed,4405531f-21c0-437c-88c8-89833d487750
TXN_5791,USR_386,2023-04-17,548,Shopping,DEBIT,Completed,4405531f-21c0-437c-88c8-89833d487750
TXN_5792,USR_386,2023-05-24,10534,Rent,DEBIT,Completed,4405531f-21c0-437c-88c8-89833d487750
TXN_5793,USR_386,2023-06-25,51395,Salary,CREDIT,Completed,4405531f-21c0-437c-88c8-89833d487750
TXN_5794,USR_386,2023-04-17,1621,Food,DEBIT,Completed,4405531f-21c0-437c-88c8-89833d487750
TXN_5795,USR_386,2023-04-13,1066,Utility Bill,DEBIT,Late,4405531f-21c0-437c-88c8-89833d487750
TXN_5796,USR_386,2023-05-28,2182,Food,DEBIT,Completed,4405531f-21c0-437c-88c8-89833d487750
TXN_5797,USR_386,2023-04-29,6756,Rent,DEBIT,Completed,4405531f-21c0-437c-88c8-89833d487750
TXN_5798,USR_386,2023-05-31,1810,Shopping,DEBIT,Completed,4405531f-21c0-437c-88c8-89833d487750
TXN_5799,USR_387,2023-05-03,666,Utility Bill,DEBIT,Completed,3e2ab3de-2bd3-4876-811f-f76469786c13
TXN_5800,USR_387,2023-05-07,918,Utility Bill,DEBIT,Completed,3e2ab3de-2bd3-4876-811f-f76469786c13
TXN_5801,USR_387,2023-06-17,5642,Rent,DEBIT,Completed,3e2ab3de-2bd3-4876-811f-f76469786c13
TXN_5802,USR_387,2023-05-05,542,Transport,DEBIT,Completed,3e2ab3de-2bd3-4876-811f-f76469786c13
TXN_5803,USR_387,2023-04-20,724,Shopping,DEBIT,Completed,3e2ab3de-2bd3-4876-811f-f76469786c13
TXN_5804,USR_387,2023-05-08,434,Transport,DEBIT,Completed,3e2ab3de-2bd3-4876-811f-f76469786c13
TXN_5805,USR_387,2023-05-11,2062,Utility Bill,DEBIT,Completed,3e2ab3de-2bd3-4876-811f-f76469786c13
TXN_5806,USR_387,2023-04-13,11170,Rent,DEBIT,Completed,3e2ab3de-2bd3-4876-811f-f76469786c13
TXN_5807,USR_387,2023-04-14,3769,Other Income,CREDIT,Completed,3e2ab3de-2bd3-4876-811f-f76469786c13
TXN_5808,USR_387,2023-06-27,2583,Shopping,DEBIT,Completed,3e2ab3de-2bd3-4876-811f-f76469786c13
TXN_5809,USR_387,2023-05-03,4697,Other Income,CREDIT,Completed,3e2ab3de-2bd3-4876-811f-f76469786c13
TXN_5810,USR_387,2023-06-06,8661,Rent,DEBIT,Completed,3e2ab3de-2bd3-4876-811f-f76469786c13
TXN_5811,USR_388,2023-05-14,839,Other Income,CREDIT,Completed,d1ef2342-5dee-4d95-8056-198098807620
TXN_5812,USR_388,2023-05-27,873,Transport,DEBIT,Completed,d1ef2342-5dee-4d95-8056-198098807620
TXN_5813,USR_388,2023-06-26,1838,Shopping,DEBIT,Completed,d1ef2342-5dee-4d95-8056-198098807620
TXN_5814,USR_388,2023-05-23,27055,Salary,CREDIT,Completed,d1ef2342-5dee-4d95-8056-198098807620
TXN_5815,USR_388,2023-05-23,437,Shopping,DEBIT,Completed,d1ef2342-5dee-4d95-8056-198098807620
TXN_5816,USR_388,2023-05-12,2240,Food,DEBIT,Completed,d1ef2342-5dee-4d95-8056-198098807620
TXN_5817,USR_388,2023-04-25,3439,Other Income,CREDIT,Completed,d1ef2342-5dee-4d95-8056-198098807620
TXN_5818,USR_388,2023-05-16,397,Food,DEBIT,Completed,d1ef2342-5dee-4d95-8056-198098807620
TXN_5819,USR_388,2023-06-21,11821,Rent,DEBIT,Completed,d1ef2342-5dee-4d95-8056-198098807620
TXN_5820,USR_388,2023-05-16,1067,Food,DEBIT,Completed,d1ef2342-5dee-4d95-8056-198098807620
TXN_5821,USR_388,2023-06-28,9105,Rent,DEBIT,Completed,d1ef2342-5dee-4d95-8056-198098807620
TXN_5822,USR_388,2023-06-15,1218,Food,DEBIT,Completed,d1ef2342-5dee-4d95-8056-198098807620
TXN_5823,USR_388,2023-05-30,9527,Rent,DEBIT,Completed,d1ef2342-5dee-4d95-8056-198098807620
TXN_5824,USR_389,2023-06-17,2729,Shopping,DEBIT,Completed,9f8f95b3-9e58-4f79-986f-4277911f866a
TXN_5825,USR_389,2023-05-04,10036,Rent,DEBIT,Completed,9f8f95b3-9e58-4f79-986f-4277911f866a
TXN_5826,USR_389,2023-05-05,2468,Savings,DEBIT,Completed,9f8f95b3-9e58-4f79-986f-4277911f866a
TXN_5827,USR_389,2023-05-06,716,Shopping,DEBIT,Completed,9f8f95b3-9e58-4f79-986f-4277911f866a
TXN_5828,USR_389,2023-05-29,1449,Utility Bill,DEBIT,Completed,9f8f95b3-9e58-4f79-986f-4277911f866a
TXN_5829,USR_389,2023-06-22,2316,Food,DEBIT,Completed,9f8f95b3-9e58-4f79-986f-4277911f866a
TXN_5830,USR_389,2023-06-27,1315,Transport,DEBIT,Completed,9f8f95b3-9e58-4f79-986f-4277911f866a
TXN_5831,USR_389,2023-05-03,2139,Food,DEBIT,Completed,9f8f95b3-9e58-4f79-986f-4277911f866a
TXN_5832,USR_389,2023-05-24,955,Food,DEBIT,Completed,9f8f95b3-9e58-4f79-986f-4277911f866a
TXN_5833,USR_389,2023-05-07,1561,Transport,DEBIT,Completed,9f8f95b3-9e58-4f79-986f-4277911f866a
TXN_5834,USR_389,2023-06-17,287,Transport,DEBIT,Completed,9f8f95b3-9e58-4f79-986f-4277911f866a
TXN_5835,USR_389,2023-05-24,4426,Savings,DEBIT,Completed,9f8f95b3-9e58-4f79-986f-4277911f866a
TXN_5836,USR_389,2023-06-26,10602,Rent,DEBIT,Completed,9f8f95b3-9e58-4f79-986f-4277911f866a
TXN_5837,USR_389,2023-06-01,1165,Other Income,CREDIT,Completed,9f8f95b3-9e58-4f79-986f-4277911f866a
TXN_5838,USR_389,2023-05-27,1189,Transport,DEBIT,Completed,9f8f95b3-9e58-4f79-986f-4277911f866a
TXN_5839,USR_390,2023-04-20,1482,Utility Bill,DEBIT,Completed,dffad2ac-afd3-46eb-bd86-1a556c619fb7
TXN_5840,USR_390,2023-05-28,1739,Transport,DEBIT,Completed,dffad2ac-afd3-46eb-bd86-1a556c619fb7
TXN_5841,USR_390,2023-04-08,1866,Utility Bill,DEBIT,Completed,dffad2ac-afd3-46eb-bd86-1a556c619fb7
TXN_5842,USR_390,2023-05-28,1606,Transport,DEBIT,Completed,dffad2ac-afd3-46eb-bd86-1a556c619fb7
TXN_5843,USR_390,2023-06-26,3581,Other Income,CREDIT,Completed,dffad2ac-afd3-46eb-bd86-1a556c619fb7
TXN_5844,USR_390,2023-05-11,1889,Transport,DEBIT,Completed,dffad2ac-afd3-46eb-bd86-1a556c619fb7
TXN_5845,USR_390,2023-06-21,1620,Transport,DEBIT,Completed,dffad2ac-afd3-46eb-bd86-1a556c619fb7
TXN_5846,USR_390,2023-05-24,1872,Transport,DEBIT,Completed,dffad2ac-afd3-46eb-bd86-1a556c619fb7
TXN_5847,USR_390,2023-06-16,2694,Shopping,DEBIT,Completed,dffad2ac-afd3-46eb-bd86-1a556c619fb7
TXN_5848,USR_390,2023-06-09,663,Food,DEBIT,Completed,dffad2ac-afd3-46eb-bd86-1a556c619fb7
TXN_5849,USR_390,2023-06-05,8911,Rent,DEBIT,Completed,dffad2ac-afd3-46eb-bd86-1a556c619fb7
TXN_5850,USR_390,2023-06-22,2446,Food,DEBIT,Completed,dffad2ac-afd3-46eb-bd86-1a556c619fb7
TXN_5851,USR_390,2023-06-27,3549,Other Income,CREDIT,Completed,dffad2ac-afd3-46eb-bd86-1a556c619fb7
TXN_5852,USR_390,2023-04-08,1086,Utility Bill,DEBIT,Completed,dffad2ac-afd3-46eb-bd86-1a556c619fb7
TXN_5853,USR_390,2023-04-08,8340,Rent,DEBIT,Completed,dffad2ac-afd3-46eb-bd86-1a556c619fb7
TXN_5854,USR_391,2023-05-07,1600,Other Income,CREDIT,Completed,f8679044-6654-4a3f-b470-cc1aa0680b22
TXN_5855,USR_391,2023-04-14,561,Shopping,DEBIT,Completed,f8679044-6654-4a3f-b470-cc1aa0680b22
TXN_5856,USR_391,2023-04-13,2885,Transport,DEBIT,Completed,f8679044-6654-4a3f-b470-cc1aa0680b22
TXN_5857,USR_391,2023-05-17,52259,Salary,CREDIT,Completed,f8679044-6654-4a3f-b470-cc1aa0680b22
TXN_5858,USR_391,2023-06-22,2588,Savings,DEBIT,Completed,f8679044-6654-4a3f-b470-cc1aa0680b22
TXN_5859,USR_391,2023-04-02,3256,Savings,DEBIT,Completed,f8679044-6654-4a3f-b470-cc1aa0680b22
TXN_5860,USR_391,2023-06-07,2424,Utility Bill,DEBIT,Completed,f8679044-6654-4a3f-b470-cc1aa0680b22
TXN_5861,USR_391,2023-06-24,2425,Shopping,DEBIT,Completed,f8679044-6654-4a3f-b470-cc1aa0680b22
TXN_5862,USR_391,2023-04-26,3140,Other Income,CREDIT,Completed,f8679044-6654-4a3f-b470-cc1aa0680b22
TXN_5863,USR_391,2023-04-18,9017,Rent,DEBIT,Completed,f8679044-6654-4a3f-b470-cc1aa0680b22
TXN_5864,USR_391,2023-05-12,52259,Salary,CREDIT,Completed,f8679044-6654-4a3f-b470-cc1aa0680b22
TXN_5865,USR_391,2023-04-23,1194,Utility Bill,DEBIT,Completed,f8679044-6654-4a3f-b470-cc1aa0680b22
TXN_5866,USR_391,2023-05-26,4302,Savings,DEBIT,Completed,f8679044-6654-4a3f-b470-cc1aa0680b22
TXN_5867,USR_391,2023-05-08,571,Transport,DEBIT,Completed,f8679044-6654-4a3f-b470-cc1aa0680b22
TXN_5868,USR_391,2023-05-02,2934,Shopping,DEBIT,Completed,f8679044-6654-4a3f-b470-cc1aa0680b22
TXN_5869,USR_392,2023-04-27,7658,Rent,DEBIT,Completed,20841cda-7ca5-41c3-84e2-46239b0c6833
TXN_5870,USR_392,2023-05-08,2821,Other Income,CREDIT,Completed,20841cda-7ca5-41c3-84e2-46239b0c6833
TXN_5871,USR_392,2023-06-07,3990,Savings,DEBIT,Completed,20841cda-7ca5-41c3-84e2-46239b0c6833
TXN_5872,USR_392,2023-06-12,1134,Food,DEBIT,Completed,20841cda-7ca5-41c3-84e2-46239b0c6833
TXN_5873,USR_392,2023-04-18,941,Shopping,DEBIT,Completed,20841cda-7ca5-41c3-84e2-46239b0c6833
TXN_5874,USR_392,2023-06-23,1292,Utility Bill,DEBIT,Completed,20841cda-7ca5-41c3-84e2-46239b0c6833
TXN_5875,USR_392,2023-05-24,1199,Utility Bill,DEBIT,Completed,20841cda-7ca5-41c3-84e2-46239b0c6833
TXN_5876,USR_392,2023-04-08,2089,Other Income,CREDIT,Completed,20841cda-7ca5-41c3-84e2-46239b0c6833
TXN_5877,USR_392,2023-06-19,2182,Savings,DEBIT,Completed,20841cda-7ca5-41c3-84e2-46239b0c6833
TXN_5878,USR_392,2023-05-13,2651,Food,DEBIT,Completed,20841cda-7ca5-41c3-84e2-46239b0c6833
TXN_5879,USR_392,2023-04-17,2317,Utility Bill,DEBIT,Completed,20841cda-7ca5-41c3-84e2-46239b0c6833
TXN_5880,USR_393,2023-05-30,4325,Other Income,CREDIT,Completed,c5b9cf2e-236a-4af5-be20-15bbea936d96
TXN_5881,USR_393,2023-04-18,1971,Utility Bill,DEBIT,Completed,c5b9cf2e-236a-4af5-be20-15bbea936d96
TXN_5882,USR_393,2023-05-12,1720,Other Income,CREDIT,Completed,c5b9cf2e-236a-4af5-be20-15bbea936d96
TXN_5883,USR_393,2023-06-02,1491,Other Income,CREDIT,Completed,c5b9cf2e-236a-4af5-be20-15bbea936d96
TXN_5884,USR_393,2023-06-24,8412,Rent,DEBIT,Completed,c5b9cf2e-236a-4af5-be20-15bbea936d96
TXN_5885,USR_393,2023-04-25,7314,Rent,DEBIT,Completed,c5b9cf2e-236a-4af5-be20-15bbea936d96
TXN_5886,USR_393,2023-05-29,2439,Food,DEBIT,Completed,c5b9cf2e-236a-4af5-be20-15bbea936d96
TXN_5887,USR_393,2023-05-27,3676,Other Income,CREDIT,Completed,c5b9cf2e-236a-4af5-be20-15bbea936d96
TXN_5888,USR_393,2023-06-23,10670,Rent,DEBIT,Completed,c5b9cf2e-236a-4af5-be20-15bbea936d96
TXN_5889,USR_393,2023-04-29,1746,Transport,DEBIT,Completed,c5b9cf2e-236a-4af5-be20-15bbea936d96
TXN_5890,USR_394,2023-06-28,2892,Other Income,CREDIT,Completed,79df3f43-233c-400f-84c8-46c57454cd57
TXN_5891,USR_394,2023-06-06,4153,Other Income,CREDIT,Completed,79df3f43-233c-400f-84c8-46c57454cd57
TXN_5892,USR_394,2023-05-16,2024,Food,DEBIT,Completed,79df3f43-233c-400f-84c8-46c57454cd57
TXN_5893,USR_394,2023-05-26,4376,Savings,DEBIT,Completed,79df3f43-233c-400f-84c8-46c57454cd57
TXN_5894,USR_394,2023-05-13,3621,Savings,DEBIT,Completed,79df3f43-233c-400f-84c8-46c57454cd57
TXN_5895,USR_394,2023-06-30,214,Food,DEBIT,Completed,79df3f43-233c-400f-84c8-46c57454cd57
TXN_5896,USR_394,2023-05-19,10268,Rent,DEBIT,Completed,79df3f43-233c-400f-84c8-46c57454cd57
TXN_5897,USR_394,2023-05-07,1209,Other Income,CREDIT,Completed,79df3f43-233c-400f-84c8-46c57454cd57
TXN_5898,USR_394,2023-06-11,1306,Utility Bill,DEBIT,Completed,79df3f43-233c-400f-84c8-46c57454cd57
TXN_5899,USR_394,2023-04-30,2188,Savings,DEBIT,Completed,79df3f43-233c-400f-84c8-46c57454cd57
TXN_5900,USR_394,2023-05-18,1802,Food,DEBIT,Completed,79df3f43-233c-400f-84c8-46c57454cd57
TXN_5901,USR_394,2023-05-13,586,Shopping,DEBIT,Completed,79df3f43-233c-400f-84c8-46c57454cd57
TXN_5902,USR_395,2023-05-20,973,Food,DEBIT,Completed,4c3ba91b-4108-4454-8a8f-a21d967054b6
TXN_5903,USR_395,2023-05-12,1483,Other Income,CREDIT,Completed,4c3ba91b-4108-4454-8a8f-a21d967054b6
TXN_5904,USR_395,2023-06-24,3350,Savings,DEBIT,Completed,4c3ba91b-4108-4454-8a8f-a21d967054b6
TXN_5905,USR_395,2023-05-04,3442,Savings,DEBIT,Completed,4c3ba91b-4108-4454-8a8f-a21d967054b6
TXN_5906,USR_395,2023-04-24,1855,Other Income,CREDIT,Completed,4c3ba91b-4108-4454-8a8f-a21d967054b6
TXN_5907,USR_395,2023-04-26,2395,Utility Bill,DEBIT,Completed,4c3ba91b-4108-4454-8a8f-a21d967054b6
TXN_5908,USR_395,2023-04-06,1486,Utility Bill,DEBIT,Completed,4c3ba91b-4108-4454-8a8f-a21d967054b6
TXN_5909,USR_395,2023-06-20,1406,Savings,DEBIT,Completed,4c3ba91b-4108-4454-8a8f-a21d967054b6
TXN_5910,USR_395,2023-05-16,3366,Savings,DEBIT,Completed,4c3ba91b-4108-4454-8a8f-a21d967054b6
TXN_5911,USR_395,2023-04-07,487,Shopping,DEBIT,Completed,4c3ba91b-4108-4454-8a8f-a21d967054b6
TXN_5912,USR_395,2023-05-28,3031,Other Income,CREDIT,Completed,4c3ba91b-4108-4454-8a8f-a21d967054b6
TXN_5913,USR_396,2023-06-07,1988,Savings,DEBIT,Completed,4dd93dda-4998-44ba-be0f-25a8726ea575
TXN_5914,USR_396,2023-04-10,11897,Rent,DEBIT,Completed,4dd93dda-4998-44ba-be0f-25a8726ea575
TXN_5915,USR_396,2023-06-11,4639,Other Income,CREDIT,Completed,4dd93dda-4998-44ba-be0f-25a8726ea575
TXN_5916,USR_396,2023-06-11,1705,Transport,DEBIT,Completed,4dd93dda-4998-44ba-be0f-25a8726ea575
TXN_5917,USR_396,2023-04-25,8959,Rent,DEBIT,Completed,4dd93dda-4998-44ba-be0f-25a8726ea575
TXN_5918,USR_396,2023-05-24,2959,Shopping,DEBIT,Completed,4dd93dda-4998-44ba-be0f-25a8726ea575
TXN_5919,USR_396,2023-04-13,2832,Savings,DEBIT,Completed,4dd93dda-4998-44ba-be0f-25a8726ea575
TXN_5920,USR_396,2023-04-16,2603,Savings,DEBIT,Completed,4dd93dda-4998-44ba-be0f-25a8726ea575
TXN_5921,USR_396,2023-06-17,184,Transport,DEBIT,Completed,4dd93dda-4998-44ba-be0f-25a8726ea575
TXN_5922,USR_396,2023-04-21,4117,Savings,DEBIT,Completed,4dd93dda-4998-44ba-be0f-25a8726ea575
TXN_5923,USR_397,2023-04-21,4651,Savings,DEBIT,Completed,284c1817-7649-4024-9123-6cb5fcbafc7b
TXN_5924,USR_397,2023-04-21,684,Transport,DEBIT,Completed,284c1817-7649-4024-9123-6cb5fcbafc7b
TXN_5925,USR_397,2023-05-28,1169,Other Income,CREDIT,Completed,284c1817-7649-4024-9123-6cb5fcbafc7b
TXN_5926,USR_397,2023-05-29,2218,Utility Bill,DEBIT,Late,284c1817-7649-4024-9123-6cb5fcbafc7b
TXN_5927,USR_397,2023-05-25,2663,Food,DEBIT,Completed,284c1817-7649-4024-9123-6cb5fcbafc7b
TXN_5928,USR_397,2023-04-18,157,Food,DEBIT,Completed,284c1817-7649-4024-9123-6cb5fcbafc7b
TXN_5929,USR_397,2023-04-21,27985,Salary,CREDIT,Completed,284c1817-7649-4024-9123-6cb5fcbafc7b
TXN_5930,USR_397,2023-04-21,703,Transport,DEBIT,Completed,284c1817-7649-4024-9123-6cb5fcbafc7b
TXN_5931,USR_397,2023-04-09,1003,Shopping,DEBIT,Completed,284c1817-7649-4024-9123-6cb5fcbafc7b
TXN_5932,USR_397,2023-06-25,8985,Rent,DEBIT,Late,284c1817-7649-4024-9123-6cb5fcbafc7b
TXN_5933,USR_397,2023-04-06,1376,Utility Bill,DEBIT,Late,284c1817-7649-4024-9123-6cb5fcbafc7b
TXN_5934,USR_397,2023-05-08,2897,Shopping,DEBIT,Completed,284c1817-7649-4024-9123-6cb5fcbafc7b
TXN_5935,USR_397,2023-05-18,1013,Other Income,CREDIT,Completed,284c1817-7649-4024-9123-6cb5fcbafc7b
TXN_5936,USR_398,2023-05-28,2876,Savings,DEBIT,Completed,248a259d-24ae-4c19-9c4b-6d6b64fc9501
TXN_5937,USR_398,2023-05-02,1555,Shopping,DEBIT,Completed,248a259d-24ae-4c19-9c4b-6d6b64fc9501
TXN_5938,USR_398,2023-04-07,2666,Other Income,CREDIT,Completed,248a259d-24ae-4c19-9c4b-6d6b64fc9501
TXN_5939,USR_398,2023-05-02,189,Food,DEBIT,Completed,248a259d-24ae-4c19-9c4b-6d6b64fc9501
TXN_5940,USR_398,2023-06-07,2313,Transport,DEBIT,Completed,248a259d-24ae-4c19-9c4b-6d6b64fc9501
TXN_5941,USR_398,2023-06-04,6481,Rent,DEBIT,Completed,248a259d-24ae-4c19-9c4b-6d6b64fc9501
TXN_5942,USR_398,2023-06-20,455,Shopping,DEBIT,Completed,248a259d-24ae-4c19-9c4b-6d6b64fc9501
TXN_5943,USR_398,2023-04-10,1957,Savings,DEBIT,Completed,248a259d-24ae-4c19-9c4b-6d6b64fc9501
TXN_5944,USR_398,2023-05-03,2446,Savings,DEBIT,Completed,248a259d-24ae-4c19-9c4b-6d6b64fc9501
TXN_5945,USR_398,2023-05-30,1734,Utility Bill,DEBIT,Completed,248a259d-24ae-4c19-9c4b-6d6b64fc9501
TXN_5946,USR_398,2023-06-04,3168,Other Income,CREDIT,Completed,248a259d-24ae-4c19-9c4b-6d6b64fc9501
TXN_5947,USR_398,2023-04-13,2218,Transport,DEBIT,Completed,248a259d-24ae-4c19-9c4b-6d6b64fc9501
TXN_5948,USR_398,2023-05-22,1015,Utility Bill,DEBIT,Completed,248a259d-24ae-4c19-9c4b-6d6b64fc9501
TXN_5949,USR_398,2023-04-09,2449,Savings,DEBIT,Completed,248a259d-24ae-4c19-9c4b-6d6b64fc9501
TXN_5950,USR_399,2023-05-19,627,Utility Bill,DEBIT,Completed,6590209e-735b-4f1e-942c-003520d965dc
TXN_5951,USR_399,2023-04-28,1102,Food,DEBIT,Completed,6590209e-735b-4f1e-942c-003520d965dc
TXN_5952,USR_399,2023-04-21,1180,Shopping,DEBIT,Completed,6590209e-735b-4f1e-942c-003520d965dc
TXN_5953,USR_399,2023-06-02,4804,Savings,DEBIT,Completed,6590209e-735b-4f1e-942c-003520d965dc
TXN_5954,USR_399,2023-05-02,1127,Utility Bill,DEBIT,Completed,6590209e-735b-4f1e-942c-003520d965dc
TXN_5955,USR_399,2023-06-14,2902,Food,DEBIT,Completed,6590209e-735b-4f1e-942c-003520d965dc
TXN_5956,USR_399,2023-06-11,5517,Rent,DEBIT,Completed,6590209e-735b-4f1e-942c-003520d965dc
TXN_5957,USR_399,2023-06-17,2913,Transport,DEBIT,Completed,6590209e-735b-4f1e-942c-003520d965dc
TXN_5958,USR_399,2023-06-16,3104,Savings,DEBIT,Completed,6590209e-735b-4f1e-942c-003520d965dc
TXN_5959,USR_399,2023-05-03,1148,Transport,DEBIT,Completed,6590209e-735b-4f1e-942c-003520d965dc
TXN_5960,USR_400,2023-04-03,1720,Utility Bill,DEBIT,Late,a3ae23ff-acd9-494a-8f30-c1c147e096a5
TXN_5961,USR_400,2023-04-16,2504,Transport,DEBIT,Completed,a3ae23ff-acd9-494a-8f30-c1c147e096a5
TXN_5962,USR_400,2023-05-16,1025,Utility Bill,DEBIT,Late,a3ae23ff-acd9-494a-8f30-c1c147e096a5
TXN_5963,USR_400,2023-06-09,536,Other Income,CREDIT,Completed,a3ae23ff-acd9-494a-8f30-c1c147e096a5
TXN_5964,USR_400,2023-06-11,1421,Shopping,DEBIT,Completed,a3ae23ff-acd9-494a-8f30-c1c147e096a5
TXN_5965,USR_400,2023-04-10,2553,Transport,DEBIT,Completed,a3ae23ff-acd9-494a-8f30-c1c147e096a5
TXN_5966,USR_400,2023-04-14,1783,Utility Bill,DEBIT,Completed,a3ae23ff-acd9-494a-8f30-c1c147e096a5
TXN_5967,USR_400,2023-06-03,27117,Salary,CREDIT,Completed,a3ae23ff-acd9-494a-8f30-c1c147e096a5
TXN_5968,USR_400,2023-04-23,4440,Other Income,CREDIT,Completed,a3ae23ff-acd9-494a-8f30-c1c147e096a5
TXN_5969,USR_400,2023-06-21,2686,Transport,DEBIT,Completed,a3ae23ff-acd9-494a-8f30-c1c147e096a5
TXN_5970,USR_401,2023-05-19,2019,Transport,DEBIT,Completed,99afd702-be4d-4570-a46f-04e712e97b9d
TXN_5971,USR_401,2023-04-09,191,Food,DEBIT,Completed,99afd702-be4d-4570-a46f-04e712e97b9d
TXN_5972,USR_401,2023-05-30,420,Food,DEBIT,Completed,99afd702-be4d-4570-a46f-04e712e97b9d
TXN_5973,USR_401,2023-04-17,4011,Other Income,CREDIT,Completed,99afd702-be4d-4570-a46f-04e712e97b9d
TXN_5974,USR_401,2023-06-08,1440,Shopping,DEBIT,Completed,99afd702-be4d-4570-a46f-04e712e97b9d
TXN_5975,USR_401,2023-06-29,1944,Transport,DEBIT,Completed,99afd702-be4d-4570-a46f-04e712e97b9d
TXN_5976,USR_401,2023-04-13,26793,Salary,CREDIT,Completed,99afd702-be4d-4570-a46f-04e712e97b9d
TXN_5977,USR_401,2023-04-02,1012,Savings,DEBIT,Completed,99afd702-be4d-4570-a46f-04e712e97b9d
TXN_5978,USR_401,2023-05-18,491,Shopping,DEBIT,Completed,99afd702-be4d-4570-a46f-04e712e97b9d
TXN_5979,USR_401,2023-06-08,2233,Food,DEBIT,Completed,99afd702-be4d-4570-a46f-04e712e97b9d
TXN_5980,USR_402,2023-05-03,4088,Savings,DEBIT,Completed,f96116a1-3968-4778-a87c-e47da46d2a05
TXN_5981,USR_402,2023-04-03,3476,Savings,DEBIT,Completed,f96116a1-3968-4778-a87c-e47da46d2a05
TXN_5982,USR_402,2023-06-16,1290,Utility Bill,DEBIT,Completed,f96116a1-3968-4778-a87c-e47da46d2a05
TXN_5983,USR_402,2023-05-08,628,Other Income,CREDIT,Completed,f96116a1-3968-4778-a87c-e47da46d2a05
TXN_5984,USR_402,2023-06-08,4272,Savings,DEBIT,Completed,f96116a1-3968-4778-a87c-e47da46d2a05
TXN_5985,USR_402,2023-06-17,491,Transport,DEBIT,Completed,f96116a1-3968-4778-a87c-e47da46d2a05
TXN_5986,USR_402,2023-04-24,1174,Utility Bill,DEBIT,Completed,f96116a1-3968-4778-a87c-e47da46d2a05
TXN_5987,USR_402,2023-05-08,2495,Utility Bill,DEBIT,Completed,f96116a1-3968-4778-a87c-e47da46d2a05
TXN_5988,USR_402,2023-05-26,2181,Shopping,DEBIT,Completed,f96116a1-3968-4778-a87c-e47da46d2a05
TXN_5989,USR_402,2023-04-02,1909,Shopping,DEBIT,Completed,f96116a1-3968-4778-a87c-e47da46d2a05
TXN_5990,USR_403,2023-05-14,8494,Rent,DEBIT,Completed,025dc5f9-5426-45b6-9112-c3cd64e3b4f8
TXN_5991,USR_403,2023-04-10,2973,Other Income,CREDIT,Completed,025dc5f9-5426-45b6-9112-c3cd64e3b4f8
TXN_5992,USR_403,2023-05-24,2176,Transport,DEBIT,Completed,025dc5f9-5426-45b6-9112-c3cd64e3b4f8
TXN_5993,USR_403,2023-06-09,3896,Other Income,CREDIT,Completed,025dc5f9-5426-45b6-9112-c3cd64e3b4f8
TXN_5994,USR_403,2023-05-07,3400,Other Income,CREDIT,Completed,025dc5f9-5426-45b6-9112-c3cd64e3b4f8
TXN_5995,USR_403,2023-05-10,590,Shopping,DEBIT,Completed,025dc5f9-5426-45b6-9112-c3cd64e3b4f8
TXN_5996,USR_403,2023-05-16,11210,Rent,DEBIT,Completed,025dc5f9-5426-45b6-9112-c3cd64e3b4f8
TXN_5997,USR_403,2023-06-30,8883,Rent,DEBIT,Completed,025dc5f9-5426-45b6-9112-c3cd64e3b4f8
TXN_5998,USR_403,2023-05-24,1242,Transport,DEBIT,Completed,025dc5f9-5426-45b6-9112-c3cd64e3b4f8
TXN_5999,USR_403,2023-04-10,2988,Shopping,DEBIT,Completed,025dc5f9-5426-45b6-9112-c3cd64e3b4f8
TXN_6000,USR_403,2023-05-12,1696,Savings,DEBIT,Completed,025dc5f9-5426-45b6-9112-c3cd64e3b4f8
TXN_6001,USR_403,2023-04-14,8164,Rent,DEBIT,Completed,025dc5f9-5426-45b6-9112-c3cd64e3b4f8
TXN_6002,USR_403,2023-04-13,2609,Food,DEBIT,Completed,025dc5f9-5426-45b6-9112-c3cd64e3b4f8
TXN_6003,USR_403,2023-04-26,995,Other Income,CREDIT,Completed,025dc5f9-5426-45b6-9112-c3cd64e3b4f8
TXN_6004,USR_403,2023-04-18,2757,Food,DEBIT,Completed,025dc5f9-5426-45b6-9112-c3cd64e3b4f8
TXN_6005,USR_404,2023-06-18,2020,Utility Bill,DEBIT,Completed,16d629ce-44b3-4d63-bbb6-7fb911b8107b
TXN_6006,USR_404,2023-06-10,2667,Transport,DEBIT,Completed,16d629ce-44b3-4d63-bbb6-7fb911b8107b
TXN_6007,USR_404,2023-05-11,2334,Utility Bill,DEBIT,Completed,16d629ce-44b3-4d63-bbb6-7fb911b8107b
TXN_6008,USR_404,2023-06-19,1517,Food,DEBIT,Completed,16d629ce-44b3-4d63-bbb6-7fb911b8107b
TXN_6009,USR_404,2023-04-23,2196,Shopping,DEBIT,Completed,16d629ce-44b3-4d63-bbb6-7fb911b8107b
TXN_6010,USR_404,2023-06-19,297,Food,DEBIT,Completed,16d629ce-44b3-4d63-bbb6-7fb911b8107b
TXN_6011,USR_404,2023-06-15,1426,Food,DEBIT,Completed,16d629ce-44b3-4d63-bbb6-7fb911b8107b
TXN_6012,USR_404,2023-05-26,1910,Shopping,DEBIT,Completed,16d629ce-44b3-4d63-bbb6-7fb911b8107b
TXN_6013,USR_404,2023-06-12,3462,Other Income,CREDIT,Completed,16d629ce-44b3-4d63-bbb6-7fb911b8107b
TXN_6014,USR_404,2023-05-11,1892,Transport,DEBIT,Completed,16d629ce-44b3-4d63-bbb6-7fb911b8107b
TXN_6015,USR_404,2023-06-21,2375,Transport,DEBIT,Completed,16d629ce-44b3-4d63-bbb6-7fb911b8107b
TXN_6016,USR_404,2023-05-02,1894,Shopping,DEBIT,Completed,16d629ce-44b3-4d63-bbb6-7fb911b8107b
TXN_6017,USR_404,2023-04-04,2366,Food,DEBIT,Completed,16d629ce-44b3-4d63-bbb6-7fb911b8107b
TXN_6018,USR_405,2023-06-23,3183,Savings,DEBIT,Completed,889ba2f0-fb04-42a3-983b-acbe17af774e
TXN_6019,USR_405,2023-06-11,2802,Shopping,DEBIT,Completed,889ba2f0-fb04-42a3-983b-acbe17af774e
TXN_6020,USR_405,2023-05-09,3692,Other Income,CREDIT,Completed,889ba2f0-fb04-42a3-983b-acbe17af774e
TXN_6021,USR_405,2023-04-19,1202,Utility Bill,DEBIT,Completed,889ba2f0-fb04-42a3-983b-acbe17af774e
TXN_6022,USR_405,2023-04-11,1379,Savings,DEBIT,Completed,889ba2f0-fb04-42a3-983b-acbe17af774e
TXN_6023,USR_405,2023-05-14,1578,Utility Bill,DEBIT,Completed,889ba2f0-fb04-42a3-983b-acbe17af774e
TXN_6024,USR_405,2023-05-09,1741,Transport,DEBIT,Completed,889ba2f0-fb04-42a3-983b-acbe17af774e
TXN_6025,USR_405,2023-05-10,2059,Utility Bill,DEBIT,Completed,889ba2f0-fb04-42a3-983b-acbe17af774e
TXN_6026,USR_405,2023-06-05,723,Food,DEBIT,Completed,889ba2f0-fb04-42a3-983b-acbe17af774e
TXN_6027,USR_405,2023-05-24,908,Shopping,DEBIT,Completed,889ba2f0-fb04-42a3-983b-acbe17af774e
TXN_6028,USR_405,2023-05-15,370,Food,DEBIT,Completed,889ba2f0-fb04-42a3-983b-acbe17af774e
TXN_6029,USR_406,2023-04-08,4658,Savings,DEBIT,Completed,b404522c-cdbe-4c92-8a09-a4939db8935f
TXN_6030,USR_406,2023-05-16,2618,Food,DEBIT,Completed,b404522c-cdbe-4c92-8a09-a4939db8935f
TXN_6031,USR_406,2023-06-24,2630,Shopping,DEBIT,Completed,b404522c-cdbe-4c92-8a09-a4939db8935f
TXN_6032,USR_406,2023-06-07,11079,Rent,DEBIT,Completed,b404522c-cdbe-4c92-8a09-a4939db8935f
TXN_6033,USR_406,2023-06-28,1160,Shopping,DEBIT,Completed,b404522c-cdbe-4c92-8a09-a4939db8935f
TXN_6034,USR_406,2023-04-24,2421,Savings,DEBIT,Completed,b404522c-cdbe-4c92-8a09-a4939db8935f
TXN_6035,USR_406,2023-04-18,1182,Transport,DEBIT,Completed,b404522c-cdbe-4c92-8a09-a4939db8935f
TXN_6036,USR_406,2023-05-29,1491,Shopping,DEBIT,Completed,b404522c-cdbe-4c92-8a09-a4939db8935f
TXN_6037,USR_406,2023-05-01,1000,Food,DEBIT,Completed,b404522c-cdbe-4c92-8a09-a4939db8935f
TXN_6038,USR_406,2023-05-24,5419,Rent,DEBIT,Completed,b404522c-cdbe-4c92-8a09-a4939db8935f
TXN_6039,USR_406,2023-06-18,3284,Savings,DEBIT,Completed,b404522c-cdbe-4c92-8a09-a4939db8935f
TXN_6040,USR_406,2023-06-25,2427,Other Income,CREDIT,Completed,b404522c-cdbe-4c92-8a09-a4939db8935f
TXN_6041,USR_406,2023-04-02,9726,Rent,DEBIT,Completed,b404522c-cdbe-4c92-8a09-a4939db8935f
TXN_6042,USR_406,2023-04-05,1472,Shopping,DEBIT,Completed,b404522c-cdbe-4c92-8a09-a4939db8935f
TXN_6043,USR_407,2023-04-06,1600,Food,DEBIT,Completed,35191d10-a86f-4f5a-a17e-6ccdc72a939d
TXN_6044,USR_407,2023-04-04,2198,Food,DEBIT,Completed,35191d10-a86f-4f5a-a17e-6ccdc72a939d
TXN_6045,USR_407,2023-04-22,8588,Rent,DEBIT,Completed,35191d10-a86f-4f5a-a17e-6ccdc72a939d
TXN_6046,USR_407,2023-05-12,1258,Transport,DEBIT,Completed,35191d10-a86f-4f5a-a17e-6ccdc72a939d
TXN_6047,USR_407,2023-05-02,1635,Transport,DEBIT,Completed,35191d10-a86f-4f5a-a17e-6ccdc72a939d
TXN_6048,USR_407,2023-04-21,2961,Food,DEBIT,Completed,35191d10-a86f-4f5a-a17e-6ccdc72a939d
TXN_6049,USR_407,2023-05-03,3412,Other Income,CREDIT,Completed,35191d10-a86f-4f5a-a17e-6ccdc72a939d
TXN_6050,USR_407,2023-06-27,754,Shopping,DEBIT,Completed,35191d10-a86f-4f5a-a17e-6ccdc72a939d
TXN_6051,USR_407,2023-06-27,5838,Rent,DEBIT,Late,35191d10-a86f-4f5a-a17e-6ccdc72a939d
TXN_6052,USR_407,2023-05-15,1520,Food,DEBIT,Completed,35191d10-a86f-4f5a-a17e-6ccdc72a939d
TXN_6053,USR_407,2023-05-21,5566,Rent,DEBIT,Completed,35191d10-a86f-4f5a-a17e-6ccdc72a939d
TXN_6054,USR_408,2023-06-28,981,Other Income,CREDIT,Completed,35816c4a-49fd-4733-bbd7-19fa664a81f5
TXN_6055,USR_408,2023-06-01,1242,Shopping,DEBIT,Completed,35816c4a-49fd-4733-bbd7-19fa664a81f5
TXN_6056,USR_408,2023-04-29,4377,Savings,DEBIT,Completed,35816c4a-49fd-4733-bbd7-19fa664a81f5
TXN_6057,USR_408,2023-06-09,2476,Utility Bill,DEBIT,Completed,35816c4a-49fd-4733-bbd7-19fa664a81f5
TXN_6058,USR_408,2023-04-24,1749,Utility Bill,DEBIT,Completed,35816c4a-49fd-4733-bbd7-19fa664a81f5
TXN_6059,USR_408,2023-05-15,2481,Savings,DEBIT,Completed,35816c4a-49fd-4733-bbd7-19fa664a81f5
TXN_6060,USR_408,2023-04-13,275,Shopping,DEBIT,Completed,35816c4a-49fd-4733-bbd7-19fa664a81f5
TXN_6061,USR_408,2023-04-01,4671,Other Income,CREDIT,Completed,35816c4a-49fd-4733-bbd7-19fa664a81f5
TXN_6062,USR_408,2023-04-02,2702,Shopping,DEBIT,Completed,35816c4a-49fd-4733-bbd7-19fa664a81f5
TXN_6063,USR_408,2023-05-03,1513,Food,DEBIT,Completed,35816c4a-49fd-4733-bbd7-19fa664a81f5
TXN_6064,USR_408,2023-04-04,7134,Rent,DEBIT,Completed,35816c4a-49fd-4733-bbd7-19fa664a81f5
TXN_6065,USR_409,2023-06-15,1416,Utility Bill,DEBIT,Completed,8ada2ee9-eb23-4e7f-9228-8d570fe0d51a
TXN_6066,USR_409,2023-04-21,2520,Shopping,DEBIT,Completed,8ada2ee9-eb23-4e7f-9228-8d570fe0d51a
TXN_6067,USR_409,2023-04-02,2972,Food,DEBIT,Completed,8ada2ee9-eb23-4e7f-9228-8d570fe0d51a
TXN_6068,USR_409,2023-05-03,2267,Food,DEBIT,Completed,8ada2ee9-eb23-4e7f-9228-8d570fe0d51a
TXN_6069,USR_409,2023-06-10,4761,Other Income,CREDIT,Completed,8ada2ee9-eb23-4e7f-9228-8d570fe0d51a
TXN_6070,USR_409,2023-06-02,1513,Other Income,CREDIT,Completed,8ada2ee9-eb23-4e7f-9228-8d570fe0d51a
TXN_6071,USR_409,2023-06-19,1070,Transport,DEBIT,Completed,8ada2ee9-eb23-4e7f-9228-8d570fe0d51a
TXN_6072,USR_409,2023-04-17,9297,Rent,DEBIT,Completed,8ada2ee9-eb23-4e7f-9228-8d570fe0d51a
TXN_6073,USR_409,2023-06-10,1142,Utility Bill,DEBIT,Completed,8ada2ee9-eb23-4e7f-9228-8d570fe0d51a
TXN_6074,USR_409,2023-05-07,538,Food,DEBIT,Completed,8ada2ee9-eb23-4e7f-9228-8d570fe0d51a
TXN_6075,USR_409,2023-05-07,2240,Transport,DEBIT,Completed,8ada2ee9-eb23-4e7f-9228-8d570fe0d51a
TXN_6076,USR_409,2023-06-15,11881,Rent,DEBIT,Completed,8ada2ee9-eb23-4e7f-9228-8d570fe0d51a
TXN_6077,USR_409,2023-06-17,645,Transport,DEBIT,Completed,8ada2ee9-eb23-4e7f-9228-8d570fe0d51a
TXN_6078,USR_410,2023-05-02,2545,Transport,DEBIT,Completed,2e7aa31c-3d69-4127-8f6a-56739cffa126
TXN_6079,USR_410,2023-05-21,2134,Transport,DEBIT,Completed,2e7aa31c-3d69-4127-8f6a-56739cffa126
TXN_6080,USR_410,2023-05-08,2739,Shopping,DEBIT,Completed,2e7aa31c-3d69-4127-8f6a-56739cffa126
TXN_6081,USR_410,2023-04-04,4843,Savings,DEBIT,Completed,2e7aa31c-3d69-4127-8f6a-56739cffa126
TXN_6082,USR_410,2023-04-13,1401,Shopping,DEBIT,Completed,2e7aa31c-3d69-4127-8f6a-56739cffa126
TXN_6083,USR_410,2023-05-28,828,Shopping,DEBIT,Completed,2e7aa31c-3d69-4127-8f6a-56739cffa126
TXN_6084,USR_410,2023-04-11,1465,Transport,DEBIT,Completed,2e7aa31c-3d69-4127-8f6a-56739cffa126
TXN_6085,USR_410,2023-06-09,2482,Transport,DEBIT,Completed,2e7aa31c-3d69-4127-8f6a-56739cffa126
TXN_6086,USR_410,2023-04-27,4001,Other Income,CREDIT,Completed,2e7aa31c-3d69-4127-8f6a-56739cffa126
TXN_6087,USR_410,2023-05-17,285,Food,DEBIT,Completed,2e7aa31c-3d69-4127-8f6a-56739cffa126
TXN_6088,USR_410,2023-06-06,1588,Other Income,CREDIT,Completed,2e7aa31c-3d69-4127-8f6a-56739cffa126
TXN_6089,USR_410,2023-05-08,4011,Other Income,CREDIT,Completed,2e7aa31c-3d69-4127-8f6a-56739cffa126
TXN_6090,USR_410,2023-05-05,739,Shopping,DEBIT,Completed,2e7aa31c-3d69-4127-8f6a-56739cffa126
TXN_6091,USR_410,2023-04-12,4257,Savings,DEBIT,Completed,2e7aa31c-3d69-4127-8f6a-56739cffa126
TXN_6092,USR_411,2023-04-12,3616,Other Income,CREDIT,Completed,b0d22b83-9df9-4dc0-8923-124f1f616a0c
TXN_6093,USR_411,2023-06-10,3228,Savings,DEBIT,Completed,b0d22b83-9df9-4dc0-8923-124f1f616a0c
TXN_6094,USR_411,2023-04-30,595,Utility Bill,DEBIT,Completed,b0d22b83-9df9-4dc0-8923-124f1f616a0c
TXN_6095,USR_411,2023-04-11,1100,Savings,DEBIT,Completed,b0d22b83-9df9-4dc0-8923-124f1f616a0c
TXN_6096,USR_411,2023-06-06,3620,Savings,DEBIT,Completed,b0d22b83-9df9-4dc0-8923-124f1f616a0c
TXN_6097,USR_411,2023-05-22,2353,Utility Bill,DEBIT,Completed,b0d22b83-9df9-4dc0-8923-124f1f616a0c
TXN_6098,USR_411,2023-05-23,1257,Savings,DEBIT,Completed,b0d22b83-9df9-4dc0-8923-124f1f616a0c
TXN_6099,USR_411,2023-06-09,1464,Shopping,DEBIT,Completed,b0d22b83-9df9-4dc0-8923-124f1f616a0c
TXN_6100,USR_411,2023-05-09,2316,Utility Bill,DEBIT,Completed,b0d22b83-9df9-4dc0-8923-124f1f616a0c
TXN_6101,USR_411,2023-05-30,6108,Salary,CREDIT,Completed,b0d22b83-9df9-4dc0-8923-124f1f616a0c
TXN_6102,USR_411,2023-06-04,1630,Food,DEBIT,Completed,b0d22b83-9df9-4dc0-8923-124f1f616a0c
TXN_6103,USR_411,2023-06-13,571,Utility Bill,DEBIT,Completed,b0d22b83-9df9-4dc0-8923-124f1f616a0c
TXN_6104,USR_412,2023-05-19,1098,Utility Bill,DEBIT,Completed,ffb75a5e-bbb1-494d-80e5-cbe7cb3c8a6c
TXN_6105,USR_412,2023-04-22,794,Transport,DEBIT,Completed,ffb75a5e-bbb1-494d-80e5-cbe7cb3c8a6c
TXN_6106,USR_412,2023-04-20,2347,Other Income,CREDIT,Completed,ffb75a5e-bbb1-494d-80e5-cbe7cb3c8a6c
TXN_6107,USR_412,2023-05-09,2171,Transport,DEBIT,Completed,ffb75a5e-bbb1-494d-80e5-cbe7cb3c8a6c
TXN_6108,USR_412,2023-05-30,2018,Utility Bill,DEBIT,Completed,ffb75a5e-bbb1-494d-80e5-cbe7cb3c8a6c
TXN_6109,USR_412,2023-04-29,1245,Utility Bill,DEBIT,Completed,ffb75a5e-bbb1-494d-80e5-cbe7cb3c8a6c
TXN_6110,USR_412,2023-06-11,4184,Savings,DEBIT,Completed,ffb75a5e-bbb1-494d-80e5-cbe7cb3c8a6c
TXN_6111,USR_412,2023-04-10,10165,Rent,DEBIT,Completed,ffb75a5e-bbb1-494d-80e5-cbe7cb3c8a6c
TXN_6112,USR_412,2023-04-19,218,Transport,DEBIT,Completed,ffb75a5e-bbb1-494d-80e5-cbe7cb3c8a6c
TXN_6113,USR_412,2023-06-28,9251,Rent,DEBIT,Completed,ffb75a5e-bbb1-494d-80e5-cbe7cb3c8a6c
TXN_6114,USR_412,2023-06-12,111,Shopping,DEBIT,Completed,ffb75a5e-bbb1-494d-80e5-cbe7cb3c8a6c
TXN_6115,USR_412,2023-06-08,2592,Savings,DEBIT,Completed,ffb75a5e-bbb1-494d-80e5-cbe7cb3c8a6c
TXN_6116,USR_413,2023-04-01,7751,Rent,DEBIT,Completed,d39bec61-9702-423e-bf14-314d4184efa6
TXN_6117,USR_413,2023-06-15,2390,Shopping,DEBIT,Completed,d39bec61-9702-423e-bf14-314d4184efa6
TXN_6118,USR_413,2023-06-14,2886,Savings,DEBIT,Completed,d39bec61-9702-423e-bf14-314d4184efa6
TXN_6119,USR_413,2023-06-26,2456,Other Income,CREDIT,Completed,d39bec61-9702-423e-bf14-314d4184efa6
TXN_6120,USR_413,2023-04-16,1673,Shopping,DEBIT,Completed,d39bec61-9702-423e-bf14-314d4184efa6
TXN_6121,USR_413,2023-04-08,1170,Savings,DEBIT,Completed,d39bec61-9702-423e-bf14-314d4184efa6
TXN_6122,USR_413,2023-05-31,2846,Food,DEBIT,Completed,d39bec61-9702-423e-bf14-314d4184efa6
TXN_6123,USR_413,2023-04-07,5409,Rent,DEBIT,Completed,d39bec61-9702-423e-bf14-314d4184efa6
TXN_6124,USR_413,2023-06-23,1056,Utility Bill,DEBIT,Completed,d39bec61-9702-423e-bf14-314d4184efa6
TXN_6125,USR_413,2023-04-16,2454,Food,DEBIT,Completed,d39bec61-9702-423e-bf14-314d4184efa6
TXN_6126,USR_413,2023-05-22,874,Other Income,CREDIT,Completed,d39bec61-9702-423e-bf14-314d4184efa6
TXN_6127,USR_413,2023-04-25,566,Transport,DEBIT,Completed,d39bec61-9702-423e-bf14-314d4184efa6
TXN_6128,USR_413,2023-06-24,1519,Shopping,DEBIT,Completed,d39bec61-9702-423e-bf14-314d4184efa6
TXN_6129,USR_413,2023-06-02,4287,Savings,DEBIT,Completed,d39bec61-9702-423e-bf14-314d4184efa6
TXN_6130,USR_414,2023-04-13,941,Shopping,DEBIT,Completed,021ca652-019c-4120-9148-3489bc8ced2e
TXN_6131,USR_414,2023-04-13,2664,Food,DEBIT,Completed,021ca652-019c-4120-9148-3489bc8ced2e
TXN_6132,USR_414,2023-06-14,2289,Other Income,CREDIT,Completed,021ca652-019c-4120-9148-3489bc8ced2e
TXN_6133,USR_414,2023-05-12,2931,Other Income,CREDIT,Completed,021ca652-019c-4120-9148-3489bc8ced2e
TXN_6134,USR_414,2023-05-15,4933,Savings,DEBIT,Completed,021ca652-019c-4120-9148-3489bc8ced2e
TXN_6135,USR_414,2023-04-15,2107,Shopping,DEBIT,Completed,021ca652-019c-4120-9148-3489bc8ced2e
TXN_6136,USR_414,2023-06-11,351,Food,DEBIT,Completed,021ca652-019c-4120-9148-3489bc8ced2e
TXN_6137,USR_414,2023-05-18,904,Utility Bill,DEBIT,Completed,021ca652-019c-4120-9148-3489bc8ced2e
TXN_6138,USR_414,2023-04-26,2118,Food,DEBIT,Completed,021ca652-019c-4120-9148-3489bc8ced2e
TXN_6139,USR_414,2023-05-10,1677,Shopping,DEBIT,Completed,021ca652-019c-4120-9148-3489bc8ced2e
TXN_6140,USR_414,2023-06-01,7113,Rent,DEBIT,Completed,021ca652-019c-4120-9148-3489bc8ced2e
TXN_6141,USR_414,2023-06-16,1426,Food,DEBIT,Completed,021ca652-019c-4120-9148-3489bc8ced2e
TXN_6142,USR_414,2023-04-10,5540,Rent,DEBIT,Completed,021ca652-019c-4120-9148-3489bc8ced2e
TXN_6143,USR_414,2023-06-25,2857,Shopping,DEBIT,Completed,021ca652-019c-4120-9148-3489bc8ced2e
TXN_6144,USR_414,2023-04-06,1143,Utility Bill,DEBIT,Completed,021ca652-019c-4120-9148-3489bc8ced2e
TXN_6145,USR_415,2023-04-23,2437,Utility Bill,DEBIT,Completed,84db8be2-dbbe-4eb4-b391-efa4d722e1e1
TXN_6146,USR_415,2023-04-08,3497,Other Income,CREDIT,Completed,84db8be2-dbbe-4eb4-b391-efa4d722e1e1
TXN_6147,USR_415,2023-04-24,9865,Rent,DEBIT,Completed,84db8be2-dbbe-4eb4-b391-efa4d722e1e1
TXN_6148,USR_415,2023-05-07,1588,Savings,DEBIT,Completed,84db8be2-dbbe-4eb4-b391-efa4d722e1e1
TXN_6149,USR_415,2023-04-06,1291,Food,DEBIT,Completed,84db8be2-dbbe-4eb4-b391-efa4d722e1e1
TXN_6150,USR_415,2023-05-19,629,Transport,DEBIT,Completed,84db8be2-dbbe-4eb4-b391-efa4d722e1e1
TXN_6151,USR_415,2023-05-19,2720,Food,DEBIT,Completed,84db8be2-dbbe-4eb4-b391-efa4d722e1e1
TXN_6152,USR_415,2023-06-13,8196,Rent,DEBIT,Completed,84db8be2-dbbe-4eb4-b391-efa4d722e1e1
TXN_6153,USR_415,2023-05-07,2201,Savings,DEBIT,Completed,84db8be2-dbbe-4eb4-b391-efa4d722e1e1
TXN_6154,USR_415,2023-05-21,988,Utility Bill,DEBIT,Completed,84db8be2-dbbe-4eb4-b391-efa4d722e1e1
TXN_6155,USR_415,2023-06-08,4825,Other Income,CREDIT,Completed,84db8be2-dbbe-4eb4-b391-efa4d722e1e1
TXN_6156,USR_415,2023-04-23,3687,Savings,DEBIT,Completed,84db8be2-dbbe-4eb4-b391-efa4d722e1e1
TXN_6157,USR_416,2023-04-09,2737,Savings,DEBIT,Completed,9abe43e1-6cc1-480e-8f61-9d1bba0a180e
TXN_6158,USR_416,2023-06-12,2717,Shopping,DEBIT,Completed,9abe43e1-6cc1-480e-8f61-9d1bba0a180e
TXN_6159,USR_416,2023-06-11,2658,Transport,DEBIT,Completed,9abe43e1-6cc1-480e-8f61-9d1bba0a180e
TXN_6160,USR_416,2023-04-28,4194,Other Income,CREDIT,Completed,9abe43e1-6cc1-480e-8f61-9d1bba0a180e
TXN_6161,USR_416,2023-04-15,1929,Other Income,CREDIT,Completed,9abe43e1-6cc1-480e-8f61-9d1bba0a180e
TXN_6162,USR_416,2023-04-14,730,Other Income,CREDIT,Completed,9abe43e1-6cc1-480e-8f61-9d1bba0a180e
TXN_6163,USR_416,2023-06-09,1408,Shopping,DEBIT,Completed,9abe43e1-6cc1-480e-8f61-9d1bba0a180e
TXN_6164,USR_416,2023-06-21,10658,Rent,DEBIT,Completed,9abe43e1-6cc1-480e-8f61-9d1bba0a180e
TXN_6165,USR_416,2023-05-18,2961,Shopping,DEBIT,Completed,9abe43e1-6cc1-480e-8f61-9d1bba0a180e
TXN_6166,USR_416,2023-05-11,1872,Shopping,DEBIT,Completed,9abe43e1-6cc1-480e-8f61-9d1bba0a180e
TXN_6167,USR_417,2023-06-09,2308,Food,DEBIT,Completed,a072559a-662f-42cb-920d-d71c4a2fa95e
TXN_6168,USR_417,2023-05-31,4125,Savings,DEBIT,Completed,a072559a-662f-42cb-920d-d71c4a2fa95e
TXN_6169,USR_417,2023-06-04,344,Transport,DEBIT,Completed,a072559a-662f-42cb-920d-d71c4a2fa95e
TXN_6170,USR_417,2023-06-14,1182,Food,DEBIT,Completed,a072559a-662f-42cb-920d-d71c4a2fa95e
TXN_6171,USR_417,2023-05-11,770,Utility Bill,DEBIT,Completed,a072559a-662f-42cb-920d-d71c4a2fa95e
TXN_6172,USR_417,2023-04-17,302,Shopping,DEBIT,Completed,a072559a-662f-42cb-920d-d71c4a2fa95e
TXN_6173,USR_417,2023-05-09,561,Shopping,DEBIT,Completed,a072559a-662f-42cb-920d-d71c4a2fa95e
TXN_6174,USR_417,2023-05-19,9814,Rent,DEBIT,Completed,a072559a-662f-42cb-920d-d71c4a2fa95e
TXN_6175,USR_417,2023-05-01,1309,Transport,DEBIT,Completed,a072559a-662f-42cb-920d-d71c4a2fa95e
TXN_6176,USR_417,2023-06-08,2733,Food,DEBIT,Completed,a072559a-662f-42cb-920d-d71c4a2fa95e
TXN_6177,USR_417,2023-05-22,645,Utility Bill,DEBIT,Completed,a072559a-662f-42cb-920d-d71c4a2fa95e
TXN_6178,USR_417,2023-06-26,7819,Rent,DEBIT,Completed,a072559a-662f-42cb-920d-d71c4a2fa95e
TXN_6179,USR_417,2023-04-16,9192,Rent,DEBIT,Completed,a072559a-662f-42cb-920d-d71c4a2fa95e
TXN_6180,USR_418,2023-04-14,10736,Rent,DEBIT,Completed,2e2d8eaf-196f-4c22-92ac-c0f530b22c2f
TXN_6181,USR_418,2023-05-20,640,Food,DEBIT,Completed,2e2d8eaf-196f-4c22-92ac-c0f530b22c2f
TXN_6182,USR_418,2023-06-22,193,Food,DEBIT,Completed,2e2d8eaf-196f-4c22-92ac-c0f530b22c2f
TXN_6183,USR_418,2023-05-18,4628,Savings,DEBIT,Completed,2e2d8eaf-196f-4c22-92ac-c0f530b22c2f
TXN_6184,USR_418,2023-05-05,966,Utility Bill,DEBIT,Completed,2e2d8eaf-196f-4c22-92ac-c0f530b22c2f
TXN_6185,USR_418,2023-06-09,2302,Transport,DEBIT,Completed,2e2d8eaf-196f-4c22-92ac-c0f530b22c2f
TXN_6186,USR_418,2023-06-15,4644,Other Income,CREDIT,Completed,2e2d8eaf-196f-4c22-92ac-c0f530b22c2f
TXN_6187,USR_418,2023-06-25,1574,Shopping,DEBIT,Completed,2e2d8eaf-196f-4c22-92ac-c0f530b22c2f
TXN_6188,USR_418,2023-06-22,2715,Food,DEBIT,Completed,2e2d8eaf-196f-4c22-92ac-c0f530b22c2f
TXN_6189,USR_418,2023-05-07,1217,Food,DEBIT,Completed,2e2d8eaf-196f-4c22-92ac-c0f530b22c2f
TXN_6190,USR_418,2023-04-13,160,Shopping,DEBIT,Completed,2e2d8eaf-196f-4c22-92ac-c0f530b22c2f
TXN_6191,USR_419,2023-05-26,931,Transport,DEBIT,Completed,cd15c180-a81f-4c77-8854-7eed68a1c50b
TXN_6192,USR_419,2023-04-14,4054,Other Income,CREDIT,Completed,cd15c180-a81f-4c77-8854-7eed68a1c50b
TXN_6193,USR_419,2023-04-06,1685,Utility Bill,DEBIT,Completed,cd15c180-a81f-4c77-8854-7eed68a1c50b
TXN_6194,USR_419,2023-06-05,2229,Other Income,CREDIT,Completed,cd15c180-a81f-4c77-8854-7eed68a1c50b
TXN_6195,USR_419,2023-05-27,2822,Savings,DEBIT,Completed,cd15c180-a81f-4c77-8854-7eed68a1c50b
TXN_6196,USR_419,2023-04-09,2210,Savings,DEBIT,Completed,cd15c180-a81f-4c77-8854-7eed68a1c50b
TXN_6197,USR_419,2023-04-06,9980,Rent,DEBIT,Completed,cd15c180-a81f-4c77-8854-7eed68a1c50b
TXN_6198,USR_419,2023-06-09,2832,Shopping,DEBIT,Completed,cd15c180-a81f-4c77-8854-7eed68a1c50b
TXN_6199,USR_419,2023-05-14,272,Shopping,DEBIT,Completed,cd15c180-a81f-4c77-8854-7eed68a1c50b
TXN_6200,USR_419,2023-04-21,3269,Savings,DEBIT,Completed,cd15c180-a81f-4c77-8854-7eed68a1c50b
TXN_6201,USR_419,2023-05-31,233,Food,DEBIT,Completed,cd15c180-a81f-4c77-8854-7eed68a1c50b
TXN_6202,USR_419,2023-05-06,740,Food,DEBIT,Completed,cd15c180-a81f-4c77-8854-7eed68a1c50b
TXN_6203,USR_419,2023-05-29,8652,Rent,DEBIT,Completed,cd15c180-a81f-4c77-8854-7eed68a1c50b
TXN_6204,USR_420,2023-06-14,978,Transport,DEBIT,Completed,215a45e7-8651-4e24-9650-d63236b865b6
TXN_6205,USR_420,2023-06-12,580,Utility Bill,DEBIT,Completed,215a45e7-8651-4e24-9650-d63236b865b6
TXN_6206,USR_420,2023-04-27,1006,Food,DEBIT,Completed,215a45e7-8651-4e24-9650-d63236b865b6
TXN_6207,USR_420,2023-05-11,1129,Savings,DEBIT,Completed,215a45e7-8651-4e24-9650-d63236b865b6
TXN_6208,USR_420,2023-06-02,6230,Rent,DEBIT,Late,215a45e7-8651-4e24-9650-d63236b865b6
TXN_6209,USR_420,2023-04-24,2405,Transport,DEBIT,Completed,215a45e7-8651-4e24-9650-d63236b865b6
TXN_6210,USR_420,2023-06-04,2439,Transport,DEBIT,Completed,215a45e7-8651-4e24-9650-d63236b865b6
TXN_6211,USR_420,2023-06-29,2089,Food,DEBIT,Completed,215a45e7-8651-4e24-9650-d63236b865b6
TXN_6212,USR_420,2023-04-20,1065,Utility Bill,DEBIT,Late,215a45e7-8651-4e24-9650-d63236b865b6
TXN_6213,USR_420,2023-04-24,1145,Utility Bill,DEBIT,Completed,215a45e7-8651-4e24-9650-d63236b865b6
TXN_6214,USR_420,2023-05-10,1853,Food,DEBIT,Completed,215a45e7-8651-4e24-9650-d63236b865b6
TXN_6215,USR_421,2023-04-15,2397,Shopping,DEBIT,Completed,da8c15b4-9e06-4556-915f-bf6cf33ba9b4
TXN_6216,USR_421,2023-04-23,11471,Rent,DEBIT,Completed,da8c15b4-9e06-4556-915f-bf6cf33ba9b4
TXN_6217,USR_421,2023-06-16,1198,Food,DEBIT,Completed,da8c15b4-9e06-4556-915f-bf6cf33ba9b4
TXN_6218,USR_421,2023-04-19,1231,Food,DEBIT,Completed,da8c15b4-9e06-4556-915f-bf6cf33ba9b4
TXN_6219,USR_421,2023-05-01,1873,Utility Bill,DEBIT,Completed,da8c15b4-9e06-4556-915f-bf6cf33ba9b4
TXN_6220,USR_421,2023-05-23,1599,Other Income,CREDIT,Completed,da8c15b4-9e06-4556-915f-bf6cf33ba9b4
TXN_6221,USR_421,2023-06-30,2173,Utility Bill,DEBIT,Completed,da8c15b4-9e06-4556-915f-bf6cf33ba9b4
TXN_6222,USR_421,2023-05-11,775,Utility Bill,DEBIT,Completed,da8c15b4-9e06-4556-915f-bf6cf33ba9b4
TXN_6223,USR_421,2023-06-11,2665,Shopping,DEBIT,Completed,da8c15b4-9e06-4556-915f-bf6cf33ba9b4
TXN_6224,USR_421,2023-05-24,2193,Other Income,CREDIT,Completed,da8c15b4-9e06-4556-915f-bf6cf33ba9b4
TXN_6225,USR_421,2023-04-19,2328,Savings,DEBIT,Completed,da8c15b4-9e06-4556-915f-bf6cf33ba9b4
TXN_6226,USR_421,2023-06-16,551,Shopping,DEBIT,Completed,da8c15b4-9e06-4556-915f-bf6cf33ba9b4
TXN_6227,USR_421,2023-05-11,1285,Transport,DEBIT,Completed,da8c15b4-9e06-4556-915f-bf6cf33ba9b4
TXN_6228,USR_421,2023-06-27,555,Other Income,CREDIT,Completed,da8c15b4-9e06-4556-915f-bf6cf33ba9b4
TXN_6229,USR_421,2023-04-19,1533,Other Income,CREDIT,Completed,da8c15b4-9e06-4556-915f-bf6cf33ba9b4
TXN_6230,USR_422,2023-06-04,785,Transport,DEBIT,Completed,28fde7bc-86c8-45aa-9a34-a0a826fb664f
TXN_6231,USR_422,2023-05-02,2284,Other Income,CREDIT,Completed,28fde7bc-86c8-45aa-9a34-a0a826fb664f
TXN_6232,USR_422,2023-05-09,9131,Rent,DEBIT,Completed,28fde7bc-86c8-45aa-9a34-a0a826fb664f
TXN_6233,USR_422,2023-05-02,4363,Other Income,CREDIT,Completed,28fde7bc-86c8-45aa-9a34-a0a826fb664f
TXN_6234,USR_422,2023-06-18,10472,Rent,DEBIT,Completed,28fde7bc-86c8-45aa-9a34-a0a826fb664f
TXN_6235,USR_422,2023-06-24,1507,Food,DEBIT,Completed,28fde7bc-86c8-45aa-9a34-a0a826fb664f
TXN_6236,USR_422,2023-04-29,1251,Shopping,DEBIT,Completed,28fde7bc-86c8-45aa-9a34-a0a826fb664f
TXN_6237,USR_422,2023-05-09,42589,Salary,CREDIT,Completed,28fde7bc-86c8-45aa-9a34-a0a826fb664f
TXN_6238,USR_422,2023-05-04,2149,Other Income,CREDIT,Completed,28fde7bc-86c8-45aa-9a34-a0a826fb664f
TXN_6239,USR_422,2023-06-03,3101,Savings,DEBIT,Completed,28fde7bc-86c8-45aa-9a34-a0a826fb664f
TXN_6240,USR_422,2023-06-16,1601,Savings,DEBIT,Completed,28fde7bc-86c8-45aa-9a34-a0a826fb664f
TXN_6241,USR_423,2023-04-24,3873,Other Income,CREDIT,Completed,4c14e26f-6ffb-457e-90a7-bd7dd8c8cf29
TXN_6242,USR_423,2023-05-05,604,Utility Bill,DEBIT,Completed,4c14e26f-6ffb-457e-90a7-bd7dd8c8cf29
TXN_6243,USR_423,2023-04-20,2848,Shopping,DEBIT,Completed,4c14e26f-6ffb-457e-90a7-bd7dd8c8cf29
TXN_6244,USR_423,2023-06-05,2577,Other Income,CREDIT,Completed,4c14e26f-6ffb-457e-90a7-bd7dd8c8cf29
TXN_6245,USR_423,2023-04-17,1700,Shopping,DEBIT,Completed,4c14e26f-6ffb-457e-90a7-bd7dd8c8cf29
TXN_6246,USR_423,2023-06-30,1940,Food,DEBIT,Completed,4c14e26f-6ffb-457e-90a7-bd7dd8c8cf29
TXN_6247,USR_423,2023-05-11,295,Food,DEBIT,Completed,4c14e26f-6ffb-457e-90a7-bd7dd8c8cf29
TXN_6248,USR_423,2023-06-03,1773,Shopping,DEBIT,Completed,4c14e26f-6ffb-457e-90a7-bd7dd8c8cf29
TXN_6249,USR_423,2023-04-04,2475,Savings,DEBIT,Completed,4c14e26f-6ffb-457e-90a7-bd7dd8c8cf29
TXN_6250,USR_423,2023-05-02,3765,Savings,DEBIT,Completed,4c14e26f-6ffb-457e-90a7-bd7dd8c8cf29
TXN_6251,USR_423,2023-05-04,10115,Rent,DEBIT,Completed,4c14e26f-6ffb-457e-90a7-bd7dd8c8cf29
TXN_6252,USR_423,2023-05-23,4813,Other Income,CREDIT,Completed,4c14e26f-6ffb-457e-90a7-bd7dd8c8cf29
TXN_6253,USR_423,2023-05-28,2710,Transport,DEBIT,Completed,4c14e26f-6ffb-457e-90a7-bd7dd8c8cf29
TXN_6254,USR_423,2023-05-05,1958,Shopping,DEBIT,Completed,4c14e26f-6ffb-457e-90a7-bd7dd8c8cf29
TXN_6255,USR_423,2023-06-29,2601,Other Income,CREDIT,Completed,4c14e26f-6ffb-457e-90a7-bd7dd8c8cf29
TXN_6256,USR_424,2023-04-26,1780,Food,DEBIT,Completed,28f89494-8332-4ff8-9e8c-388db83567ed
TXN_6257,USR_424,2023-05-04,8515,Rent,DEBIT,Completed,28f89494-8332-4ff8-9e8c-388db83567ed
TXN_6258,USR_424,2023-04-28,3880,Savings,DEBIT,Completed,28f89494-8332-4ff8-9e8c-388db83567ed
TXN_6259,USR_424,2023-04-02,11978,Rent,DEBIT,Completed,28f89494-8332-4ff8-9e8c-388db83567ed
TXN_6260,USR_424,2023-04-10,443,Food,DEBIT,Completed,28f89494-8332-4ff8-9e8c-388db83567ed
TXN_6261,USR_424,2023-06-17,3934,Other Income,CREDIT,Completed,28f89494-8332-4ff8-9e8c-388db83567ed
TXN_6262,USR_424,2023-04-18,2445,Other Income,CREDIT,Completed,28f89494-8332-4ff8-9e8c-388db83567ed
TXN_6263,USR_424,2023-04-19,9864,Rent,DEBIT,Completed,28f89494-8332-4ff8-9e8c-388db83567ed
TXN_6264,USR_424,2023-06-12,9458,Rent,DEBIT,Completed,28f89494-8332-4ff8-9e8c-388db83567ed
TXN_6265,USR_424,2023-04-06,4212,Savings,DEBIT,Completed,28f89494-8332-4ff8-9e8c-388db83567ed
TXN_6266,USR_424,2023-05-04,4424,Savings,DEBIT,Completed,28f89494-8332-4ff8-9e8c-388db83567ed
TXN_6267,USR_424,2023-05-25,4151,Other Income,CREDIT,Completed,28f89494-8332-4ff8-9e8c-388db83567ed
TXN_6268,USR_424,2023-06-13,2328,Shopping,DEBIT,Completed,28f89494-8332-4ff8-9e8c-388db83567ed
TXN_6269,USR_425,2023-05-20,2753,Shopping,DEBIT,Completed,cc943210-d350-4693-a355-094512f0d37d
TXN_6270,USR_425,2023-05-08,7886,Rent,DEBIT,Completed,cc943210-d350-4693-a355-094512f0d37d
TXN_6271,USR_425,2023-06-16,2471,Food,DEBIT,Completed,cc943210-d350-4693-a355-094512f0d37d
TXN_6272,USR_425,2023-05-19,1006,Utility Bill,DEBIT,Completed,cc943210-d350-4693-a355-094512f0d37d
TXN_6273,USR_425,2023-06-30,4545,Savings,DEBIT,Completed,cc943210-d350-4693-a355-094512f0d37d
TXN_6274,USR_425,2023-05-26,2530,Transport,DEBIT,Completed,cc943210-d350-4693-a355-094512f0d37d
TXN_6275,USR_425,2023-05-02,668,Utility Bill,DEBIT,Completed,cc943210-d350-4693-a355-094512f0d37d
TXN_6276,USR_425,2023-04-24,11596,Rent,DEBIT,Completed,cc943210-d350-4693-a355-094512f0d37d
TXN_6277,USR_425,2023-05-12,3655,Salary,CREDIT,Completed,cc943210-d350-4693-a355-094512f0d37d
TXN_6278,USR_425,2023-06-17,1263,Shopping,DEBIT,Completed,cc943210-d350-4693-a355-094512f0d37d
TXN_6279,USR_425,2023-06-13,731,Food,DEBIT,Completed,cc943210-d350-4693-a355-094512f0d37d
TXN_6280,USR_425,2023-05-06,1989,Utility Bill,DEBIT,Completed,cc943210-d350-4693-a355-094512f0d37d
TXN_6281,USR_425,2023-05-18,1795,Shopping,DEBIT,Completed,cc943210-d350-4693-a355-094512f0d37d
TXN_6282,USR_425,2023-04-23,2158,Utility Bill,DEBIT,Completed,cc943210-d350-4693-a355-094512f0d37d
TXN_6283,USR_425,2023-04-27,1251,Salary,CREDIT,Completed,cc943210-d350-4693-a355-094512f0d37d
TXN_6284,USR_426,2023-05-10,7712,Rent,DEBIT,Completed,5f39e415-1a17-4571-bb05-05b207e45eda
TXN_6285,USR_426,2023-05-05,984,Utility Bill,DEBIT,Completed,5f39e415-1a17-4571-bb05-05b207e45eda
TXN_6286,USR_426,2023-05-25,430,Shopping,DEBIT,Completed,5f39e415-1a17-4571-bb05-05b207e45eda
TXN_6287,USR_426,2023-04-03,8798,Rent,DEBIT,Completed,5f39e415-1a17-4571-bb05-05b207e45eda
TXN_6288,USR_426,2023-05-06,1777,Utility Bill,DEBIT,Late,5f39e415-1a17-4571-bb05-05b207e45eda
TXN_6289,USR_426,2023-04-06,1141,Shopping,DEBIT,Completed,5f39e415-1a17-4571-bb05-05b207e45eda
TXN_6290,USR_426,2023-04-15,1321,Transport,DEBIT,Completed,5f39e415-1a17-4571-bb05-05b207e45eda
TXN_6291,USR_426,2023-04-25,506,Transport,DEBIT,Completed,5f39e415-1a17-4571-bb05-05b207e45eda
TXN_6292,USR_426,2023-04-21,1705,Shopping,DEBIT,Completed,5f39e415-1a17-4571-bb05-05b207e45eda
TXN_6293,USR_426,2023-05-03,8042,Rent,DEBIT,Completed,5f39e415-1a17-4571-bb05-05b207e45eda
TXN_6294,USR_426,2023-04-29,3632,Savings,DEBIT,Completed,5f39e415-1a17-4571-bb05-05b207e45eda
TXN_6295,USR_426,2023-06-23,1781,Food,DEBIT,Completed,5f39e415-1a17-4571-bb05-05b207e45eda
TXN_6296,USR_427,2023-06-05,2634,Shopping,DEBIT,Completed,24ee2af8-4ac1-4fde-a361-5ad6e59a0743
TXN_6297,USR_427,2023-06-21,529,Transport,DEBIT,Completed,24ee2af8-4ac1-4fde-a361-5ad6e59a0743
TXN_6298,USR_427,2023-06-09,1410,Utility Bill,DEBIT,Completed,24ee2af8-4ac1-4fde-a361-5ad6e59a0743
TXN_6299,USR_427,2023-05-10,2711,Shopping,DEBIT,Completed,24ee2af8-4ac1-4fde-a361-5ad6e59a0743
TXN_6300,USR_427,2023-05-30,779,Utility Bill,DEBIT,Late,24ee2af8-4ac1-4fde-a361-5ad6e59a0743
TXN_6301,USR_427,2023-04-06,2625,Food,DEBIT,Completed,24ee2af8-4ac1-4fde-a361-5ad6e59a0743
TXN_6302,USR_427,2023-06-15,2672,Shopping,DEBIT,Completed,24ee2af8-4ac1-4fde-a361-5ad6e59a0743
TXN_6303,USR_427,2023-06-17,1303,Utility Bill,DEBIT,Completed,24ee2af8-4ac1-4fde-a361-5ad6e59a0743
TXN_6304,USR_427,2023-04-20,859,Utility Bill,DEBIT,Completed,24ee2af8-4ac1-4fde-a361-5ad6e59a0743
TXN_6305,USR_427,2023-06-28,1333,Shopping,DEBIT,Completed,24ee2af8-4ac1-4fde-a361-5ad6e59a0743
TXN_6306,USR_427,2023-04-21,2139,Shopping,DEBIT,Completed,24ee2af8-4ac1-4fde-a361-5ad6e59a0743
TXN_6307,USR_428,2023-04-13,1495,Shopping,DEBIT,Completed,cbaf58cc-2ce8-4d11-8805-8e28e275b9b2
TXN_6308,USR_428,2023-06-23,202,Food,DEBIT,Completed,cbaf58cc-2ce8-4d11-8805-8e28e275b9b2
TXN_6309,USR_428,2023-04-05,240,Shopping,DEBIT,Completed,cbaf58cc-2ce8-4d11-8805-8e28e275b9b2
TXN_6310,USR_428,2023-06-27,48997,Salary,CREDIT,Completed,cbaf58cc-2ce8-4d11-8805-8e28e275b9b2
TXN_6311,USR_428,2023-04-13,1116,Utility Bill,DEBIT,Completed,cbaf58cc-2ce8-4d11-8805-8e28e275b9b2
TXN_6312,USR_428,2023-06-05,1312,Other Income,CREDIT,Completed,cbaf58cc-2ce8-4d11-8805-8e28e275b9b2
TXN_6313,USR_428,2023-06-25,357,Transport,DEBIT,Completed,cbaf58cc-2ce8-4d11-8805-8e28e275b9b2
TXN_6314,USR_428,2023-04-11,204,Shopping,DEBIT,Completed,cbaf58cc-2ce8-4d11-8805-8e28e275b9b2
TXN_6315,USR_428,2023-04-22,7835,Rent,DEBIT,Completed,cbaf58cc-2ce8-4d11-8805-8e28e275b9b2
TXN_6316,USR_428,2023-05-16,2234,Savings,DEBIT,Completed,cbaf58cc-2ce8-4d11-8805-8e28e275b9b2
TXN_6317,USR_428,2023-05-29,9752,Rent,DEBIT,Completed,cbaf58cc-2ce8-4d11-8805-8e28e275b9b2
TXN_6318,USR_428,2023-04-26,7090,Rent,DEBIT,Completed,cbaf58cc-2ce8-4d11-8805-8e28e275b9b2
TXN_6319,USR_428,2023-06-10,6165,Rent,DEBIT,Completed,cbaf58cc-2ce8-4d11-8805-8e28e275b9b2
TXN_6320,USR_428,2023-05-20,711,Utility Bill,DEBIT,Completed,cbaf58cc-2ce8-4d11-8805-8e28e275b9b2
TXN_6321,USR_428,2023-05-06,1439,Transport,DEBIT,Completed,cbaf58cc-2ce8-4d11-8805-8e28e275b9b2
TXN_6322,USR_429,2023-06-12,1848,Utility Bill,DEBIT,Completed,59c55819-0808-4735-a09a-6ededd939e85
TXN_6323,USR_429,2023-05-12,574,Other Income,CREDIT,Completed,59c55819-0808-4735-a09a-6ededd939e85
TXN_6324,USR_429,2023-05-02,2305,Savings,DEBIT,Completed,59c55819-0808-4735-a09a-6ededd939e85
TXN_6325,USR_429,2023-06-28,4807,Savings,DEBIT,Completed,59c55819-0808-4735-a09a-6ededd939e85
TXN_6326,USR_429,2023-05-06,3605,Savings,DEBIT,Completed,59c55819-0808-4735-a09a-6ededd939e85
TXN_6327,USR_429,2023-06-02,2702,Shopping,DEBIT,Completed,59c55819-0808-4735-a09a-6ededd939e85
TXN_6328,USR_429,2023-04-07,50731,Salary,CREDIT,Completed,59c55819-0808-4735-a09a-6ededd939e85
TXN_6329,USR_429,2023-04-14,6460,Rent,DEBIT,Completed,59c55819-0808-4735-a09a-6ededd939e85
TXN_6330,USR_429,2023-06-19,890,Other Income,CREDIT,Completed,59c55819-0808-4735-a09a-6ededd939e85
TXN_6331,USR_429,2023-06-19,3446,Savings,DEBIT,Completed,59c55819-0808-4735-a09a-6ededd939e85
TXN_6332,USR_429,2023-05-06,1200,Food,DEBIT,Completed,59c55819-0808-4735-a09a-6ededd939e85
TXN_6333,USR_429,2023-05-18,178,Shopping,DEBIT,Completed,59c55819-0808-4735-a09a-6ededd939e85
TXN_6334,USR_429,2023-06-23,2828,Shopping,DEBIT,Completed,59c55819-0808-4735-a09a-6ededd939e85
TXN_6335,USR_429,2023-05-25,629,Shopping,DEBIT,Completed,59c55819-0808-4735-a09a-6ededd939e85
TXN_6336,USR_429,2023-05-29,4817,Savings,DEBIT,Completed,59c55819-0808-4735-a09a-6ededd939e85
TXN_6337,USR_430,2023-04-02,34235,Salary,CREDIT,Completed,76dfcebe-090b-4bb6-93ce-7ef193b78dc8
TXN_6338,USR_430,2023-04-18,674,Transport,DEBIT,Completed,76dfcebe-090b-4bb6-93ce-7ef193b78dc8
TXN_6339,USR_430,2023-06-19,2966,Shopping,DEBIT,Completed,76dfcebe-090b-4bb6-93ce-7ef193b78dc8
TXN_6340,USR_430,2023-06-19,2413,Savings,DEBIT,Completed,76dfcebe-090b-4bb6-93ce-7ef193b78dc8
TXN_6341,USR_430,2023-06-15,2297,Transport,DEBIT,Completed,76dfcebe-090b-4bb6-93ce-7ef193b78dc8
TXN_6342,USR_430,2023-06-21,34235,Salary,CREDIT,Completed,76dfcebe-090b-4bb6-93ce-7ef193b78dc8
TXN_6343,USR_430,2023-04-12,2280,Food,DEBIT,Completed,76dfcebe-090b-4bb6-93ce-7ef193b78dc8
TXN_6344,USR_430,2023-05-29,2188,Food,DEBIT,Completed,76dfcebe-090b-4bb6-93ce-7ef193b78dc8
TXN_6345,USR_430,2023-06-18,2045,Other Income,CREDIT,Completed,76dfcebe-090b-4bb6-93ce-7ef193b78dc8
TXN_6346,USR_430,2023-04-04,3061,Other Income,CREDIT,Completed,76dfcebe-090b-4bb6-93ce-7ef193b78dc8
TXN_6347,USR_431,2023-06-19,2099,Shopping,DEBIT,Completed,4b472c21-4e29-4588-adfa-fb46dd18c4f0
TXN_6348,USR_431,2023-06-05,4489,Other Income,CREDIT,Completed,4b472c21-4e29-4588-adfa-fb46dd18c4f0
TXN_6349,USR_431,2023-04-29,591,Food,DEBIT,Completed,4b472c21-4e29-4588-adfa-fb46dd18c4f0
TXN_6350,USR_431,2023-04-23,1307,Other Income,CREDIT,Completed,4b472c21-4e29-4588-adfa-fb46dd18c4f0
TXN_6351,USR_431,2023-05-13,1607,Shopping,DEBIT,Completed,4b472c21-4e29-4588-adfa-fb46dd18c4f0
TXN_6352,USR_431,2023-04-25,25910,Salary,CREDIT,Completed,4b472c21-4e29-4588-adfa-fb46dd18c4f0
TXN_6353,USR_431,2023-05-09,25910,Salary,CREDIT,Completed,4b472c21-4e29-4588-adfa-fb46dd18c4f0
TXN_6354,USR_431,2023-06-05,2003,Utility Bill,DEBIT,Completed,4b472c21-4e29-4588-adfa-fb46dd18c4f0
TXN_6355,USR_431,2023-05-30,3918,Other Income,CREDIT,Completed,4b472c21-4e29-4588-adfa-fb46dd18c4f0
TXN_6356,USR_431,2023-04-28,11692,Rent,DEBIT,Completed,4b472c21-4e29-4588-adfa-fb46dd18c4f0
TXN_6357,USR_431,2023-06-02,2621,Shopping,DEBIT,Completed,4b472c21-4e29-4588-adfa-fb46dd18c4f0
TXN_6358,USR_431,2023-04-07,2327,Shopping,DEBIT,Completed,4b472c21-4e29-4588-adfa-fb46dd18c4f0
TXN_6359,USR_432,2023-04-25,8626,Rent,DEBIT,Completed,473347d7-1d98-4465-9e25-39225d45d449
TXN_6360,USR_432,2023-05-13,3717,Other Income,CREDIT,Completed,473347d7-1d98-4465-9e25-39225d45d449
TXN_6361,USR_432,2023-05-26,3753,Other Income,CREDIT,Completed,473347d7-1d98-4465-9e25-39225d45d449
TXN_6362,USR_432,2023-04-20,3630,Other Income,CREDIT,Completed,473347d7-1d98-4465-9e25-39225d45d449
TXN_6363,USR_432,2023-06-06,1333,Utility Bill,DEBIT,Completed,473347d7-1d98-4465-9e25-39225d45d449
TXN_6364,USR_432,2023-06-05,4886,Other Income,CREDIT,Completed,473347d7-1d98-4465-9e25-39225d45d449
TXN_6365,USR_432,2023-05-30,1127,Transport,DEBIT,Completed,473347d7-1d98-4465-9e25-39225d45d449
TXN_6366,USR_432,2023-05-14,122,Shopping,DEBIT,Completed,473347d7-1d98-4465-9e25-39225d45d449
TXN_6367,USR_432,2023-06-18,359,Transport,DEBIT,Completed,473347d7-1d98-4465-9e25-39225d45d449
TXN_6368,USR_432,2023-04-14,2139,Food,DEBIT,Completed,473347d7-1d98-4465-9e25-39225d45d449
TXN_6369,USR_432,2023-05-09,1779,Other Income,CREDIT,Completed,473347d7-1d98-4465-9e25-39225d45d449
TXN_6370,USR_432,2023-04-30,2874,Transport,DEBIT,Completed,473347d7-1d98-4465-9e25-39225d45d449
TXN_6371,USR_432,2023-06-24,2994,Shopping,DEBIT,Completed,473347d7-1d98-4465-9e25-39225d45d449
TXN_6372,USR_433,2023-06-17,2549,Food,DEBIT,Completed,585d6035-cf4a-45e1-9f19-df6051e46c1a
TXN_6373,USR_433,2023-05-25,373,Shopping,DEBIT,Completed,585d6035-cf4a-45e1-9f19-df6051e46c1a
TXN_6374,USR_433,2023-05-15,1095,Savings,DEBIT,Completed,585d6035-cf4a-45e1-9f19-df6051e46c1a
TXN_6375,USR_433,2023-06-03,2213,Utility Bill,DEBIT,Completed,585d6035-cf4a-45e1-9f19-df6051e46c1a
TXN_6376,USR_433,2023-05-15,11662,Rent,DEBIT,Completed,585d6035-cf4a-45e1-9f19-df6051e46c1a
TXN_6377,USR_433,2023-04-10,11681,Rent,DEBIT,Completed,585d6035-cf4a-45e1-9f19-df6051e46c1a
TXN_6378,USR_433,2023-06-14,3133,Savings,DEBIT,Completed,585d6035-cf4a-45e1-9f19-df6051e46c1a
TXN_6379,USR_433,2023-06-03,1286,Utility Bill,DEBIT,Completed,585d6035-cf4a-45e1-9f19-df6051e46c1a
TXN_6380,USR_433,2023-04-29,3832,Other Income,CREDIT,Completed,585d6035-cf4a-45e1-9f19-df6051e46c1a
TXN_6381,USR_433,2023-05-31,4811,Other Income,CREDIT,Completed,585d6035-cf4a-45e1-9f19-df6051e46c1a
TXN_6382,USR_433,2023-06-09,983,Utility Bill,DEBIT,Completed,585d6035-cf4a-45e1-9f19-df6051e46c1a
TXN_6383,USR_433,2023-04-09,1326,Transport,DEBIT,Completed,585d6035-cf4a-45e1-9f19-df6051e46c1a
TXN_6384,USR_433,2023-05-16,4206,Other Income,CREDIT,Completed,585d6035-cf4a-45e1-9f19-df6051e46c1a
TXN_6385,USR_434,2023-04-12,9000,Rent,DEBIT,Completed,b7c1ee00-ff16-47d9-a5ed-5d9d6f3da76d
TXN_6386,USR_434,2023-06-03,1128,Transport,DEBIT,Completed,b7c1ee00-ff16-47d9-a5ed-5d9d6f3da76d
TXN_6387,USR_434,2023-04-16,1735,Other Income,CREDIT,Completed,b7c1ee00-ff16-47d9-a5ed-5d9d6f3da76d
TXN_6388,USR_434,2023-04-27,1791,Utility Bill,DEBIT,Late,b7c1ee00-ff16-47d9-a5ed-5d9d6f3da76d
TXN_6389,USR_434,2023-05-10,4969,Other Income,CREDIT,Completed,b7c1ee00-ff16-47d9-a5ed-5d9d6f3da76d
TXN_6390,USR_434,2023-04-27,2602,Other Income,CREDIT,Completed,b7c1ee00-ff16-47d9-a5ed-5d9d6f3da76d
TXN_6391,USR_434,2023-04-13,285,Shopping,DEBIT,Completed,b7c1ee00-ff16-47d9-a5ed-5d9d6f3da76d
TXN_6392,USR_434,2023-04-12,901,Utility Bill,DEBIT,Late,b7c1ee00-ff16-47d9-a5ed-5d9d6f3da76d
TXN_6393,USR_434,2023-04-21,1221,Food,DEBIT,Completed,b7c1ee00-ff16-47d9-a5ed-5d9d6f3da76d
TXN_6394,USR_434,2023-05-08,3318,Other Income,CREDIT,Completed,b7c1ee00-ff16-47d9-a5ed-5d9d6f3da76d
TXN_6395,USR_434,2023-06-02,10482,Rent,DEBIT,Completed,b7c1ee00-ff16-47d9-a5ed-5d9d6f3da76d
TXN_6396,USR_434,2023-05-11,2425,Utility Bill,DEBIT,Completed,b7c1ee00-ff16-47d9-a5ed-5d9d6f3da76d
TXN_6397,USR_435,2023-06-07,2762,Food,DEBIT,Completed,18cfe814-ea06-45ce-aab5-24d5574c11b5
TXN_6398,USR_435,2023-06-07,6517,Rent,DEBIT,Completed,18cfe814-ea06-45ce-aab5-24d5574c11b5
TXN_6399,USR_435,2023-06-29,2398,Transport,DEBIT,Completed,18cfe814-ea06-45ce-aab5-24d5574c11b5
TXN_6400,USR_435,2023-04-16,7195,Rent,DEBIT,Completed,18cfe814-ea06-45ce-aab5-24d5574c11b5
TXN_6401,USR_435,2023-04-06,1022,Transport,DEBIT,Completed,18cfe814-ea06-45ce-aab5-24d5574c11b5
TXN_6402,USR_435,2023-06-17,802,Transport,DEBIT,Completed,18cfe814-ea06-45ce-aab5-24d5574c11b5
TXN_6403,USR_435,2023-04-25,896,Utility Bill,DEBIT,Completed,18cfe814-ea06-45ce-aab5-24d5574c11b5
TXN_6404,USR_435,2023-05-23,2296,Food,DEBIT,Completed,18cfe814-ea06-45ce-aab5-24d5574c11b5
TXN_6405,USR_435,2023-06-26,1243,Transport,DEBIT,Completed,18cfe814-ea06-45ce-aab5-24d5574c11b5
TXN_6406,USR_435,2023-04-21,1738,Other Income,CREDIT,Completed,18cfe814-ea06-45ce-aab5-24d5574c11b5
TXN_6407,USR_435,2023-06-13,1297,Utility Bill,DEBIT,Completed,18cfe814-ea06-45ce-aab5-24d5574c11b5
TXN_6408,USR_436,2023-04-11,621,Shopping,DEBIT,Completed,4101ebb9-6bb2-4923-906b-ce23601c4dd5
TXN_6409,USR_436,2023-06-22,2443,Other Income,CREDIT,Completed,4101ebb9-6bb2-4923-906b-ce23601c4dd5
TXN_6410,USR_436,2023-05-27,2067,Other Income,CREDIT,Completed,4101ebb9-6bb2-4923-906b-ce23601c4dd5
TXN_6411,USR_436,2023-05-29,6607,Rent,DEBIT,Completed,4101ebb9-6bb2-4923-906b-ce23601c4dd5
TXN_6412,USR_436,2023-05-09,1783,Utility Bill,DEBIT,Completed,4101ebb9-6bb2-4923-906b-ce23601c4dd5
TXN_6413,USR_436,2023-04-29,4904,Savings,DEBIT,Completed,4101ebb9-6bb2-4923-906b-ce23601c4dd5
TXN_6414,USR_436,2023-06-10,3215,Other Income,CREDIT,Completed,4101ebb9-6bb2-4923-906b-ce23601c4dd5
TXN_6415,USR_436,2023-06-16,2496,Shopping,DEBIT,Completed,4101ebb9-6bb2-4923-906b-ce23601c4dd5
TXN_6416,USR_436,2023-05-11,1966,Savings,DEBIT,Completed,4101ebb9-6bb2-4923-906b-ce23601c4dd5
TXN_6417,USR_436,2023-05-27,1566,Utility Bill,DEBIT,Completed,4101ebb9-6bb2-4923-906b-ce23601c4dd5
TXN_6418,USR_436,2023-06-13,2290,Food,DEBIT,Completed,4101ebb9-6bb2-4923-906b-ce23601c4dd5
TXN_6419,USR_437,2023-06-21,1692,Transport,DEBIT,Completed,fc69beae-9d87-4680-980b-f7aed433a840
TXN_6420,USR_437,2023-06-29,850,Salary,CREDIT,Completed,fc69beae-9d87-4680-980b-f7aed433a840
TXN_6421,USR_437,2023-06-15,2798,Shopping,DEBIT,Completed,fc69beae-9d87-4680-980b-f7aed433a840
TXN_6422,USR_437,2023-05-12,2611,Salary,CREDIT,Completed,fc69beae-9d87-4680-980b-f7aed433a840
TXN_6423,USR_437,2023-06-01,4954,Savings,DEBIT,Completed,fc69beae-9d87-4680-980b-f7aed433a840
TXN_6424,USR_437,2023-04-27,1136,Utility Bill,DEBIT,Completed,fc69beae-9d87-4680-980b-f7aed433a840
TXN_6425,USR_437,2023-06-05,2049,Shopping,DEBIT,Completed,fc69beae-9d87-4680-980b-f7aed433a840
TXN_6426,USR_437,2023-04-23,2342,Utility Bill,DEBIT,Completed,fc69beae-9d87-4680-980b-f7aed433a840
TXN_6427,USR_437,2023-06-17,301,Transport,DEBIT,Completed,fc69beae-9d87-4680-980b-f7aed433a840
TXN_6428,USR_437,2023-06-11,1751,Food,DEBIT,Completed,fc69beae-9d87-4680-980b-f7aed433a840
TXN_6429,USR_437,2023-05-03,4023,Savings,DEBIT,Completed,fc69beae-9d87-4680-980b-f7aed433a840
TXN_6430,USR_438,2023-04-30,34334,Salary,CREDIT,Completed,5d8b2139-c888-42eb-83fb-dc4874bdee46
TXN_6431,USR_438,2023-04-15,3820,Other Income,CREDIT,Completed,5d8b2139-c888-42eb-83fb-dc4874bdee46
TXN_6432,USR_438,2023-05-02,2691,Food,DEBIT,Completed,5d8b2139-c888-42eb-83fb-dc4874bdee46
TXN_6433,USR_438,2023-04-24,1737,Savings,DEBIT,Completed,5d8b2139-c888-42eb-83fb-dc4874bdee46
TXN_6434,USR_438,2023-06-01,9775,Rent,DEBIT,Completed,5d8b2139-c888-42eb-83fb-dc4874bdee46
TXN_6435,USR_438,2023-06-21,2790,Shopping,DEBIT,Completed,5d8b2139-c888-42eb-83fb-dc4874bdee46
TXN_6436,USR_438,2023-05-02,1187,Food,DEBIT,Completed,5d8b2139-c888-42eb-83fb-dc4874bdee46
TXN_6437,USR_438,2023-04-19,1630,Food,DEBIT,Completed,5d8b2139-c888-42eb-83fb-dc4874bdee46
TXN_6438,USR_438,2023-06-25,3625,Savings,DEBIT,Completed,5d8b2139-c888-42eb-83fb-dc4874bdee46
TXN_6439,USR_438,2023-06-19,2926,Savings,DEBIT,Completed,5d8b2139-c888-42eb-83fb-dc4874bdee46
TXN_6440,USR_438,2023-05-08,968,Shopping,DEBIT,Completed,5d8b2139-c888-42eb-83fb-dc4874bdee46
TXN_6441,USR_438,2023-05-11,2325,Shopping,DEBIT,Completed,5d8b2139-c888-42eb-83fb-dc4874bdee46
TXN_6442,USR_438,2023-06-05,2222,Utility Bill,DEBIT,Completed,5d8b2139-c888-42eb-83fb-dc4874bdee46
TXN_6443,USR_438,2023-04-26,1001,Utility Bill,DEBIT,Late,5d8b2139-c888-42eb-83fb-dc4874bdee46
TXN_6444,USR_438,2023-05-12,1390,Food,DEBIT,Completed,5d8b2139-c888-42eb-83fb-dc4874bdee46
TXN_6445,USR_439,2023-04-28,974,Salary,CREDIT,Completed,47743b06-c13a-4154-b425-b90a773359d6
TXN_6446,USR_439,2023-05-28,1209,Savings,DEBIT,Completed,47743b06-c13a-4154-b425-b90a773359d6
TXN_6447,USR_439,2023-06-02,2460,Salary,CREDIT,Completed,47743b06-c13a-4154-b425-b90a773359d6
TXN_6448,USR_439,2023-04-29,4792,Salary,CREDIT,Completed,47743b06-c13a-4154-b425-b90a773359d6
TXN_6449,USR_439,2023-05-08,2083,Savings,DEBIT,Completed,47743b06-c13a-4154-b425-b90a773359d6
TXN_6450,USR_439,2023-06-08,10211,Rent,DEBIT,Completed,47743b06-c13a-4154-b425-b90a773359d6
TXN_6451,USR_439,2023-06-27,7410,Rent,DEBIT,Completed,47743b06-c13a-4154-b425-b90a773359d6
TXN_6452,USR_439,2023-05-23,1893,Shopping,DEBIT,Completed,47743b06-c13a-4154-b425-b90a773359d6
TXN_6453,USR_439,2023-06-22,7804,Rent,DEBIT,Completed,47743b06-c13a-4154-b425-b90a773359d6
TXN_6454,USR_439,2023-06-29,2831,Shopping,DEBIT,Completed,47743b06-c13a-4154-b425-b90a773359d6
TXN_6455,USR_439,2023-04-14,4383,Savings,DEBIT,Completed,47743b06-c13a-4154-b425-b90a773359d6
TXN_6456,USR_440,2023-06-04,1287,Transport,DEBIT,Completed,1f36a4e6-6492-415b-a5ba-659df0687ab1
TXN_6457,USR_440,2023-04-22,3469,Other Income,CREDIT,Completed,1f36a4e6-6492-415b-a5ba-659df0687ab1
TXN_6458,USR_440,2023-05-10,1851,Other Income,CREDIT,Completed,1f36a4e6-6492-415b-a5ba-659df0687ab1
TXN_6459,USR_440,2023-05-05,2555,Food,DEBIT,Completed,1f36a4e6-6492-415b-a5ba-659df0687ab1
TXN_6460,USR_440,2023-06-12,11880,Rent,DEBIT,Completed,1f36a4e6-6492-415b-a5ba-659df0687ab1
TXN_6461,USR_440,2023-05-22,1876,Food,DEBIT,Completed,1f36a4e6-6492-415b-a5ba-659df0687ab1
TXN_6462,USR_440,2023-06-13,1103,Food,DEBIT,Completed,1f36a4e6-6492-415b-a5ba-659df0687ab1
TXN_6463,USR_440,2023-05-23,2933,Other Income,CREDIT,Completed,1f36a4e6-6492-415b-a5ba-659df0687ab1
TXN_6464,USR_440,2023-04-29,1907,Shopping,DEBIT,Completed,1f36a4e6-6492-415b-a5ba-659df0687ab1
TXN_6465,USR_440,2023-05-04,2945,Shopping,DEBIT,Completed,1f36a4e6-6492-415b-a5ba-659df0687ab1
TXN_6466,USR_440,2023-06-28,1538,Other Income,CREDIT,Completed,1f36a4e6-6492-415b-a5ba-659df0687ab1
TXN_6467,USR_440,2023-04-04,2654,Transport,DEBIT,Completed,1f36a4e6-6492-415b-a5ba-659df0687ab1
TXN_6468,USR_440,2023-04-14,238,Transport,DEBIT,Completed,1f36a4e6-6492-415b-a5ba-659df0687ab1
TXN_6469,USR_441,2023-04-19,803,Shopping,DEBIT,Completed,79eaa027-b71d-4834-8237-ebea9269be86
TXN_6470,USR_441,2023-05-29,4911,Savings,DEBIT,Completed,79eaa027-b71d-4834-8237-ebea9269be86
TXN_6471,USR_441,2023-04-04,4216,Savings,DEBIT,Completed,79eaa027-b71d-4834-8237-ebea9269be86
TXN_6472,USR_441,2023-04-22,1947,Transport,DEBIT,Completed,79eaa027-b71d-4834-8237-ebea9269be86
TXN_6473,USR_441,2023-05-18,2071,Utility Bill,DEBIT,Completed,79eaa027-b71d-4834-8237-ebea9269be86
TXN_6474,USR_441,2023-04-27,8241,Rent,DEBIT,Completed,79eaa027-b71d-4834-8237-ebea9269be86
TXN_6475,USR_441,2023-06-15,1637,Transport,DEBIT,Completed,79eaa027-b71d-4834-8237-ebea9269be86
TXN_6476,USR_441,2023-04-08,1386,Utility Bill,DEBIT,Completed,79eaa027-b71d-4834-8237-ebea9269be86
TXN_6477,USR_441,2023-05-29,4925,Other Income,CREDIT,Completed,79eaa027-b71d-4834-8237-ebea9269be86
TXN_6478,USR_441,2023-05-31,132,Food,DEBIT,Completed,79eaa027-b71d-4834-8237-ebea9269be86
TXN_6479,USR_441,2023-05-27,1374,Other Income,CREDIT,Completed,79eaa027-b71d-4834-8237-ebea9269be86
TXN_6480,USR_441,2023-04-29,9960,Rent,DEBIT,Completed,79eaa027-b71d-4834-8237-ebea9269be86
TXN_6481,USR_441,2023-04-29,1957,Food,DEBIT,Completed,79eaa027-b71d-4834-8237-ebea9269be86
TXN_6482,USR_441,2023-05-15,9115,Rent,DEBIT,Completed,79eaa027-b71d-4834-8237-ebea9269be86
TXN_6483,USR_442,2023-05-18,9985,Rent,DEBIT,Completed,81a1f212-4dc6-45b7-afd6-0cfef8c438e4
TXN_6484,USR_442,2023-04-08,1397,Other Income,CREDIT,Completed,81a1f212-4dc6-45b7-afd6-0cfef8c438e4
TXN_6485,USR_442,2023-04-14,1272,Shopping,DEBIT,Completed,81a1f212-4dc6-45b7-afd6-0cfef8c438e4
TXN_6486,USR_442,2023-05-01,8632,Rent,DEBIT,Completed,81a1f212-4dc6-45b7-afd6-0cfef8c438e4
TXN_6487,USR_442,2023-04-20,5038,Rent,DEBIT,Completed,81a1f212-4dc6-45b7-afd6-0cfef8c438e4
TXN_6488,USR_442,2023-05-05,2730,Food,DEBIT,Completed,81a1f212-4dc6-45b7-afd6-0cfef8c438e4
TXN_6489,USR_442,2023-04-28,1240,Other Income,CREDIT,Completed,81a1f212-4dc6-45b7-afd6-0cfef8c438e4
TXN_6490,USR_442,2023-04-06,759,Other Income,CREDIT,Completed,81a1f212-4dc6-45b7-afd6-0cfef8c438e4
TXN_6491,USR_442,2023-06-17,2159,Utility Bill,DEBIT,Completed,81a1f212-4dc6-45b7-afd6-0cfef8c438e4
TXN_6492,USR_442,2023-04-23,1845,Transport,DEBIT,Completed,81a1f212-4dc6-45b7-afd6-0cfef8c438e4
TXN_6493,USR_442,2023-04-23,4655,Other Income,CREDIT,Completed,81a1f212-4dc6-45b7-afd6-0cfef8c438e4
TXN_6494,USR_442,2023-06-16,2123,Transport,DEBIT,Completed,81a1f212-4dc6-45b7-afd6-0cfef8c438e4
TXN_6495,USR_443,2023-05-20,1851,Utility Bill,DEBIT,Completed,914bb0d9-a9d5-4664-94fd-1635a55c282a
TXN_6496,USR_443,2023-04-22,5368,Rent,DEBIT,Completed,914bb0d9-a9d5-4664-94fd-1635a55c282a
TXN_6497,USR_443,2023-06-12,4301,Other Income,CREDIT,Completed,914bb0d9-a9d5-4664-94fd-1635a55c282a
TXN_6498,USR_443,2023-05-14,2054,Other Income,CREDIT,Completed,914bb0d9-a9d5-4664-94fd-1635a55c282a
TXN_6499,USR_443,2023-05-20,2283,Other Income,CREDIT,Completed,914bb0d9-a9d5-4664-94fd-1635a55c282a
TXN_6500,USR_443,2023-06-18,2335,Other Income,CREDIT,Completed,914bb0d9-a9d5-4664-94fd-1635a55c282a
TXN_6501,USR_443,2023-06-17,1004,Savings,DEBIT,Completed,914bb0d9-a9d5-4664-94fd-1635a55c282a
TXN_6502,USR_443,2023-05-31,4903,Other Income,CREDIT,Completed,914bb0d9-a9d5-4664-94fd-1635a55c282a
TXN_6503,USR_443,2023-06-29,6143,Rent,DEBIT,Completed,914bb0d9-a9d5-4664-94fd-1635a55c282a
TXN_6504,USR_443,2023-06-05,1868,Savings,DEBIT,Completed,914bb0d9-a9d5-4664-94fd-1635a55c282a
TXN_6505,USR_443,2023-06-25,2781,Other Income,CREDIT,Completed,914bb0d9-a9d5-4664-94fd-1635a55c282a
TXN_6506,USR_443,2023-04-27,1884,Utility Bill,DEBIT,Completed,914bb0d9-a9d5-4664-94fd-1635a55c282a
TXN_6507,USR_444,2023-05-18,950,Transport,DEBIT,Completed,e38c2fc3-e3ec-4d59-8862-44f03ff8aa92
TXN_6508,USR_444,2023-04-20,2506,Transport,DEBIT,Completed,e38c2fc3-e3ec-4d59-8862-44f03ff8aa92
TXN_6509,USR_444,2023-06-16,2240,Transport,DEBIT,Completed,e38c2fc3-e3ec-4d59-8862-44f03ff8aa92
TXN_6510,USR_444,2023-04-16,1927,Shopping,DEBIT,Completed,e38c2fc3-e3ec-4d59-8862-44f03ff8aa92
TXN_6511,USR_444,2023-05-24,28616,Salary,CREDIT,Completed,e38c2fc3-e3ec-4d59-8862-44f03ff8aa92
TXN_6512,USR_444,2023-06-03,1163,Shopping,DEBIT,Completed,e38c2fc3-e3ec-4d59-8862-44f03ff8aa92
TXN_6513,USR_444,2023-04-16,3319,Savings,DEBIT,Completed,e38c2fc3-e3ec-4d59-8862-44f03ff8aa92
TXN_6514,USR_444,2023-05-17,3481,Other Income,CREDIT,Completed,e38c2fc3-e3ec-4d59-8862-44f03ff8aa92
TXN_6515,USR_444,2023-04-04,868,Other Income,CREDIT,Completed,e38c2fc3-e3ec-4d59-8862-44f03ff8aa92
TXN_6516,USR_444,2023-06-04,1208,Other Income,CREDIT,Completed,e38c2fc3-e3ec-4d59-8862-44f03ff8aa92
TXN_6517,USR_444,2023-04-10,1027,Shopping,DEBIT,Completed,e38c2fc3-e3ec-4d59-8862-44f03ff8aa92
TXN_6518,USR_444,2023-06-17,4114,Savings,DEBIT,Completed,e38c2fc3-e3ec-4d59-8862-44f03ff8aa92
TXN_6519,USR_444,2023-04-20,28616,Salary,CREDIT,Completed,e38c2fc3-e3ec-4d59-8862-44f03ff8aa92
TXN_6520,USR_444,2023-05-21,1099,Shopping,DEBIT,Completed,e38c2fc3-e3ec-4d59-8862-44f03ff8aa92
TXN_6521,USR_444,2023-06-06,2713,Food,DEBIT,Completed,e38c2fc3-e3ec-4d59-8862-44f03ff8aa92
TXN_6522,USR_445,2023-05-31,2716,Shopping,DEBIT,Completed,ad655aa9-4108-47b0-abea-f63b309eb04a
TXN_6523,USR_445,2023-04-09,7785,Rent,DEBIT,Late,ad655aa9-4108-47b0-abea-f63b309eb04a
TXN_6524,USR_445,2023-06-07,10789,Rent,DEBIT,Late,ad655aa9-4108-47b0-abea-f63b309eb04a
TXN_6525,USR_445,2023-05-06,666,Utility Bill,DEBIT,Completed,ad655aa9-4108-47b0-abea-f63b309eb04a
TXN_6526,USR_445,2023-06-14,992,Utility Bill,DEBIT,Late,ad655aa9-4108-47b0-abea-f63b309eb04a
TXN_6527,USR_445,2023-04-23,9263,Rent,DEBIT,Completed,ad655aa9-4108-47b0-abea-f63b309eb04a
TXN_6528,USR_445,2023-05-31,7847,Rent,DEBIT,Completed,ad655aa9-4108-47b0-abea-f63b309eb04a
TXN_6529,USR_445,2023-04-09,4056,Savings,DEBIT,Completed,ad655aa9-4108-47b0-abea-f63b309eb04a
TXN_6530,USR_445,2023-04-26,5668,Rent,DEBIT,Completed,ad655aa9-4108-47b0-abea-f63b309eb04a
TXN_6531,USR_445,2023-05-08,2378,Food,DEBIT,Completed,ad655aa9-4108-47b0-abea-f63b309eb04a
TXN_6532,USR_445,2023-04-27,792,Shopping,DEBIT,Completed,ad655aa9-4108-47b0-abea-f63b309eb04a
TXN_6533,USR_445,2023-06-14,1005,Shopping,DEBIT,Completed,ad655aa9-4108-47b0-abea-f63b309eb04a
TXN_6534,USR_446,2023-04-15,1187,Transport,DEBIT,Completed,4150ae62-2593-4ea5-9ff0-bd2d709e585c
TXN_6535,USR_446,2023-04-25,2773,Food,DEBIT,Completed,4150ae62-2593-4ea5-9ff0-bd2d709e585c
TXN_6536,USR_446,2023-04-22,436,Food,DEBIT,Completed,4150ae62-2593-4ea5-9ff0-bd2d709e585c
TXN_6537,USR_446,2023-06-10,2748,Food,DEBIT,Completed,4150ae62-2593-4ea5-9ff0-bd2d709e585c
TXN_6538,USR_446,2023-06-08,587,Shopping,DEBIT,Completed,4150ae62-2593-4ea5-9ff0-bd2d709e585c
TXN_6539,USR_446,2023-04-09,2092,Other Income,CREDIT,Completed,4150ae62-2593-4ea5-9ff0-bd2d709e585c
TXN_6540,USR_446,2023-05-01,11553,Rent,DEBIT,Late,4150ae62-2593-4ea5-9ff0-bd2d709e585c
TXN_6541,USR_446,2023-05-06,7769,Rent,DEBIT,Completed,4150ae62-2593-4ea5-9ff0-bd2d709e585c
TXN_6542,USR_446,2023-04-27,30740,Salary,CREDIT,Completed,4150ae62-2593-4ea5-9ff0-bd2d709e585c
TXN_6543,USR_446,2023-05-23,30740,Salary,CREDIT,Completed,4150ae62-2593-4ea5-9ff0-bd2d709e585c
TXN_6544,USR_446,2023-04-05,575,Food,DEBIT,Completed,4150ae62-2593-4ea5-9ff0-bd2d709e585c
TXN_6545,USR_447,2023-04-16,1344,Shopping,DEBIT,Completed,3b3d95f4-d8ba-4685-aac9-33a08fe0fe29
TXN_6546,USR_447,2023-06-21,1601,Food,DEBIT,Completed,3b3d95f4-d8ba-4685-aac9-33a08fe0fe29
TXN_6547,USR_447,2023-06-23,4742,Savings,DEBIT,Completed,3b3d95f4-d8ba-4685-aac9-33a08fe0fe29
TXN_6548,USR_447,2023-06-22,1876,Shopping,DEBIT,Completed,3b3d95f4-d8ba-4685-aac9-33a08fe0fe29
TXN_6549,USR_447,2023-04-30,4868,Savings,DEBIT,Completed,3b3d95f4-d8ba-4685-aac9-33a08fe0fe29
TXN_6550,USR_447,2023-04-27,9760,Rent,DEBIT,Late,3b3d95f4-d8ba-4685-aac9-33a08fe0fe29
TXN_6551,USR_447,2023-06-18,2249,Utility Bill,DEBIT,Completed,3b3d95f4-d8ba-4685-aac9-33a08fe0fe29
TXN_6552,USR_447,2023-04-30,1300,Food,DEBIT,Completed,3b3d95f4-d8ba-4685-aac9-33a08fe0fe29
TXN_6553,USR_447,2023-04-09,11373,Rent,DEBIT,Completed,3b3d95f4-d8ba-4685-aac9-33a08fe0fe29
TXN_6554,USR_447,2023-06-13,1172,Shopping,DEBIT,Completed,3b3d95f4-d8ba-4685-aac9-33a08fe0fe29
TXN_6555,USR_448,2023-04-11,1678,Shopping,DEBIT,Completed,41ba42b5-431f-4bbd-abc4-0f84c1bb8b31
TXN_6556,USR_448,2023-05-25,477,Food,DEBIT,Completed,41ba42b5-431f-4bbd-abc4-0f84c1bb8b31
TXN_6557,USR_448,2023-04-21,2754,Shopping,DEBIT,Completed,41ba42b5-431f-4bbd-abc4-0f84c1bb8b31
TXN_6558,USR_448,2023-06-22,2424,Transport,DEBIT,Completed,41ba42b5-431f-4bbd-abc4-0f84c1bb8b31
TXN_6559,USR_448,2023-05-23,1703,Food,DEBIT,Completed,41ba42b5-431f-4bbd-abc4-0f84c1bb8b31
TXN_6560,USR_448,2023-05-26,4972,Other Income,CREDIT,Completed,41ba42b5-431f-4bbd-abc4-0f84c1bb8b31
TXN_6561,USR_448,2023-05-28,4566,Savings,DEBIT,Completed,41ba42b5-431f-4bbd-abc4-0f84c1bb8b31
TXN_6562,USR_448,2023-05-01,3196,Other Income,CREDIT,Completed,41ba42b5-431f-4bbd-abc4-0f84c1bb8b31
TXN_6563,USR_448,2023-05-02,7974,Rent,DEBIT,Completed,41ba42b5-431f-4bbd-abc4-0f84c1bb8b31
TXN_6564,USR_448,2023-05-10,3809,Other Income,CREDIT,Completed,41ba42b5-431f-4bbd-abc4-0f84c1bb8b31
TXN_6565,USR_448,2023-05-22,2564,Savings,DEBIT,Completed,41ba42b5-431f-4bbd-abc4-0f84c1bb8b31
TXN_6566,USR_448,2023-05-12,320,Shopping,DEBIT,Completed,41ba42b5-431f-4bbd-abc4-0f84c1bb8b31
TXN_6567,USR_448,2023-05-24,4510,Savings,DEBIT,Completed,41ba42b5-431f-4bbd-abc4-0f84c1bb8b31
TXN_6568,USR_449,2023-04-29,4214,Other Income,CREDIT,Completed,258fb310-81c4-4f96-9b0f-0264f9a1ec59
TXN_6569,USR_449,2023-04-03,2319,Savings,DEBIT,Completed,258fb310-81c4-4f96-9b0f-0264f9a1ec59
TXN_6570,USR_449,2023-04-14,1078,Savings,DEBIT,Completed,258fb310-81c4-4f96-9b0f-0264f9a1ec59
TXN_6571,USR_449,2023-06-12,1932,Transport,DEBIT,Completed,258fb310-81c4-4f96-9b0f-0264f9a1ec59
TXN_6572,USR_449,2023-06-02,808,Shopping,DEBIT,Completed,258fb310-81c4-4f96-9b0f-0264f9a1ec59
TXN_6573,USR_449,2023-05-23,1326,Utility Bill,DEBIT,Completed,258fb310-81c4-4f96-9b0f-0264f9a1ec59
TXN_6574,USR_449,2023-05-27,670,Other Income,CREDIT,Completed,258fb310-81c4-4f96-9b0f-0264f9a1ec59
TXN_6575,USR_449,2023-04-27,1749,Shopping,DEBIT,Completed,258fb310-81c4-4f96-9b0f-0264f9a1ec59
TXN_6576,USR_449,2023-04-27,2978,Transport,DEBIT,Completed,258fb310-81c4-4f96-9b0f-0264f9a1ec59
TXN_6577,USR_449,2023-04-16,6833,Rent,DEBIT,Completed,258fb310-81c4-4f96-9b0f-0264f9a1ec59
TXN_6578,USR_449,2023-06-09,793,Utility Bill,DEBIT,Completed,258fb310-81c4-4f96-9b0f-0264f9a1ec59
TXN_6579,USR_449,2023-06-01,1258,Savings,DEBIT,Completed,258fb310-81c4-4f96-9b0f-0264f9a1ec59
TXN_6580,USR_450,2023-04-30,1481,Utility Bill,DEBIT,Completed,0a60798c-3912-44f3-a73d-dedec3a5edc3
TXN_6581,USR_450,2023-05-08,789,Shopping,DEBIT,Completed,0a60798c-3912-44f3-a73d-dedec3a5edc3
TXN_6582,USR_450,2023-05-28,2840,Food,DEBIT,Completed,0a60798c-3912-44f3-a73d-dedec3a5edc3
TXN_6583,USR_450,2023-04-27,3682,Other Income,CREDIT,Completed,0a60798c-3912-44f3-a73d-dedec3a5edc3
TXN_6584,USR_450,2023-05-03,942,Utility Bill,DEBIT,Completed,0a60798c-3912-44f3-a73d-dedec3a5edc3
TXN_6585,USR_450,2023-06-19,1965,Savings,DEBIT,Completed,0a60798c-3912-44f3-a73d-dedec3a5edc3
TXN_6586,USR_450,2023-06-11,595,Other Income,CREDIT,Completed,0a60798c-3912-44f3-a73d-dedec3a5edc3
TXN_6587,USR_450,2023-06-07,669,Food,DEBIT,Completed,0a60798c-3912-44f3-a73d-dedec3a5edc3
TXN_6588,USR_450,2023-06-27,3813,Other Income,CREDIT,Completed,0a60798c-3912-44f3-a73d-dedec3a5edc3
TXN_6589,USR_450,2023-05-12,3465,Savings,DEBIT,Completed,0a60798c-3912-44f3-a73d-dedec3a5edc3
TXN_6590,USR_450,2023-04-21,771,Other Income,CREDIT,Completed,0a60798c-3912-44f3-a73d-dedec3a5edc3
TXN_6591,USR_450,2023-05-24,2746,Shopping,DEBIT,Completed,0a60798c-3912-44f3-a73d-dedec3a5edc3
TXN_6592,USR_450,2023-05-21,2723,Other Income,CREDIT,Completed,0a60798c-3912-44f3-a73d-dedec3a5edc3
TXN_6593,USR_451,2023-04-24,2262,Other Income,CREDIT,Completed,6b269f67-8973-4d6d-9ba1-b0734e8b14da
TXN_6594,USR_451,2023-06-17,4576,Other Income,CREDIT,Completed,6b269f67-8973-4d6d-9ba1-b0734e8b14da
TXN_6595,USR_451,2023-05-29,5497,Rent,DEBIT,Completed,6b269f67-8973-4d6d-9ba1-b0734e8b14da
TXN_6596,USR_451,2023-05-10,583,Food,DEBIT,Completed,6b269f67-8973-4d6d-9ba1-b0734e8b14da
TXN_6597,USR_451,2023-06-13,1531,Food,DEBIT,Completed,6b269f67-8973-4d6d-9ba1-b0734e8b14da
TXN_6598,USR_451,2023-06-09,11716,Rent,DEBIT,Completed,6b269f67-8973-4d6d-9ba1-b0734e8b14da
TXN_6599,USR_451,2023-06-07,1558,Shopping,DEBIT,Completed,6b269f67-8973-4d6d-9ba1-b0734e8b14da
TXN_6600,USR_451,2023-05-04,1337,Utility Bill,DEBIT,Completed,6b269f67-8973-4d6d-9ba1-b0734e8b14da
TXN_6601,USR_451,2023-05-23,2696,Savings,DEBIT,Completed,6b269f67-8973-4d6d-9ba1-b0734e8b14da
TXN_6602,USR_451,2023-04-26,461,Shopping,DEBIT,Completed,6b269f67-8973-4d6d-9ba1-b0734e8b14da
TXN_6603,USR_451,2023-06-08,2094,Other Income,CREDIT,Completed,6b269f67-8973-4d6d-9ba1-b0734e8b14da
TXN_6604,USR_451,2023-05-10,4806,Savings,DEBIT,Completed,6b269f67-8973-4d6d-9ba1-b0734e8b14da
TXN_6605,USR_451,2023-05-06,2838,Savings,DEBIT,Completed,6b269f67-8973-4d6d-9ba1-b0734e8b14da
TXN_6606,USR_451,2023-04-23,5405,Rent,DEBIT,Completed,6b269f67-8973-4d6d-9ba1-b0734e8b14da
TXN_6607,USR_451,2023-06-17,5413,Rent,DEBIT,Completed,6b269f67-8973-4d6d-9ba1-b0734e8b14da
TXN_6608,USR_452,2023-04-16,3397,Other Income,CREDIT,Completed,9e865f03-ab7f-45b1-9c8b-42f4cbdade8f
TXN_6609,USR_452,2023-04-18,570,Food,DEBIT,Completed,9e865f03-ab7f-45b1-9c8b-42f4cbdade8f
TXN_6610,USR_452,2023-04-05,6919,Rent,DEBIT,Completed,9e865f03-ab7f-45b1-9c8b-42f4cbdade8f
TXN_6611,USR_452,2023-06-19,882,Shopping,DEBIT,Completed,9e865f03-ab7f-45b1-9c8b-42f4cbdade8f
TXN_6612,USR_452,2023-04-03,888,Shopping,DEBIT,Completed,9e865f03-ab7f-45b1-9c8b-42f4cbdade8f
TXN_6613,USR_452,2023-06-11,3082,Other Income,CREDIT,Completed,9e865f03-ab7f-45b1-9c8b-42f4cbdade8f
TXN_6614,USR_452,2023-05-23,7004,Rent,DEBIT,Completed,9e865f03-ab7f-45b1-9c8b-42f4cbdade8f
TXN_6615,USR_452,2023-05-17,661,Other Income,CREDIT,Completed,9e865f03-ab7f-45b1-9c8b-42f4cbdade8f
TXN_6616,USR_452,2023-05-31,1200,Transport,DEBIT,Completed,9e865f03-ab7f-45b1-9c8b-42f4cbdade8f
TXN_6617,USR_452,2023-04-10,3390,Other Income,CREDIT,Completed,9e865f03-ab7f-45b1-9c8b-42f4cbdade8f
TXN_6618,USR_452,2023-05-21,1700,Savings,DEBIT,Completed,9e865f03-ab7f-45b1-9c8b-42f4cbdade8f
TXN_6619,USR_452,2023-05-21,563,Shopping,DEBIT,Completed,9e865f03-ab7f-45b1-9c8b-42f4cbdade8f
TXN_6620,USR_452,2023-04-11,3371,Savings,DEBIT,Completed,9e865f03-ab7f-45b1-9c8b-42f4cbdade8f
TXN_6621,USR_452,2023-04-11,1948,Savings,DEBIT,Completed,9e865f03-ab7f-45b1-9c8b-42f4cbdade8f
TXN_6622,USR_453,2023-06-11,1779,Savings,DEBIT,Completed,0ed1890e-0c90-4dad-bf40-6baec419a208
TXN_6623,USR_453,2023-05-05,3981,Other Income,CREDIT,Completed,0ed1890e-0c90-4dad-bf40-6baec419a208
TXN_6624,USR_453,2023-05-26,10791,Rent,DEBIT,Completed,0ed1890e-0c90-4dad-bf40-6baec419a208
TXN_6625,USR_453,2023-05-09,2786,Transport,DEBIT,Completed,0ed1890e-0c90-4dad-bf40-6baec419a208
TXN_6626,USR_453,2023-04-28,328,Food,DEBIT,Completed,0ed1890e-0c90-4dad-bf40-6baec419a208
TXN_6627,USR_453,2023-05-19,453,Shopping,DEBIT,Completed,0ed1890e-0c90-4dad-bf40-6baec419a208
TXN_6628,USR_453,2023-06-30,4622,Other Income,CREDIT,Completed,0ed1890e-0c90-4dad-bf40-6baec419a208
TXN_6629,USR_453,2023-06-12,208,Food,DEBIT,Completed,0ed1890e-0c90-4dad-bf40-6baec419a208
TXN_6630,USR_453,2023-06-10,2002,Shopping,DEBIT,Completed,0ed1890e-0c90-4dad-bf40-6baec419a208
TXN_6631,USR_453,2023-04-01,10509,Rent,DEBIT,Completed,0ed1890e-0c90-4dad-bf40-6baec419a208
TXN_6632,USR_453,2023-06-02,1375,Food,DEBIT,Completed,0ed1890e-0c90-4dad-bf40-6baec419a208
TXN_6633,USR_453,2023-06-11,751,Utility Bill,DEBIT,Completed,0ed1890e-0c90-4dad-bf40-6baec419a208
TXN_6634,USR_453,2023-06-23,274,Shopping,DEBIT,Completed,0ed1890e-0c90-4dad-bf40-6baec419a208
TXN_6635,USR_453,2023-04-23,1131,Other Income,CREDIT,Completed,0ed1890e-0c90-4dad-bf40-6baec419a208
TXN_6636,USR_454,2023-04-26,9872,Rent,DEBIT,Completed,41adc306-9610-444f-93bd-8d4422005e30
TXN_6637,USR_454,2023-04-24,3934,Savings,DEBIT,Completed,41adc306-9610-444f-93bd-8d4422005e30
TXN_6638,USR_454,2023-06-07,1344,Utility Bill,DEBIT,Late,41adc306-9610-444f-93bd-8d4422005e30
TXN_6639,USR_454,2023-05-29,1472,Utility Bill,DEBIT,Late,41adc306-9610-444f-93bd-8d4422005e30
TXN_6640,USR_454,2023-04-01,39974,Salary,CREDIT,Completed,41adc306-9610-444f-93bd-8d4422005e30
TXN_6641,USR_454,2023-05-26,3768,Other Income,CREDIT,Completed,41adc306-9610-444f-93bd-8d4422005e30
TXN_6642,USR_454,2023-05-22,9801,Rent,DEBIT,Completed,41adc306-9610-444f-93bd-8d4422005e30
TXN_6643,USR_454,2023-05-04,657,Shopping,DEBIT,Completed,41adc306-9610-444f-93bd-8d4422005e30
TXN_6644,USR_454,2023-06-22,2886,Savings,DEBIT,Completed,41adc306-9610-444f-93bd-8d4422005e30
TXN_6645,USR_454,2023-04-07,1476,Food,DEBIT,Completed,41adc306-9610-444f-93bd-8d4422005e30
TXN_6646,USR_454,2023-04-13,870,Utility Bill,DEBIT,Late,41adc306-9610-444f-93bd-8d4422005e30
TXN_6647,USR_455,2023-04-30,1422,Food,DEBIT,Completed,aeba083a-86ea-4b6c-9c40-d9ac64f60090
TXN_6648,USR_455,2023-04-19,4414,Savings,DEBIT,Completed,aeba083a-86ea-4b6c-9c40-d9ac64f60090
TXN_6649,USR_455,2023-06-18,1999,Transport,DEBIT,Completed,aeba083a-86ea-4b6c-9c40-d9ac64f60090
TXN_6650,USR_455,2023-05-01,2154,Shopping,DEBIT,Completed,aeba083a-86ea-4b6c-9c40-d9ac64f60090
TXN_6651,USR_455,2023-05-01,1499,Transport,DEBIT,Completed,aeba083a-86ea-4b6c-9c40-d9ac64f60090
TXN_6652,USR_455,2023-05-22,37529,Salary,CREDIT,Completed,aeba083a-86ea-4b6c-9c40-d9ac64f60090
TXN_6653,USR_455,2023-04-17,676,Other Income,CREDIT,Completed,aeba083a-86ea-4b6c-9c40-d9ac64f60090
TXN_6654,USR_455,2023-05-05,408,Food,DEBIT,Completed,aeba083a-86ea-4b6c-9c40-d9ac64f60090
TXN_6655,USR_455,2023-06-21,7688,Rent,DEBIT,Completed,aeba083a-86ea-4b6c-9c40-d9ac64f60090
TXN_6656,USR_455,2023-05-09,773,Utility Bill,DEBIT,Completed,aeba083a-86ea-4b6c-9c40-d9ac64f60090
TXN_6657,USR_455,2023-05-27,10512,Rent,DEBIT,Completed,aeba083a-86ea-4b6c-9c40-d9ac64f60090
TXN_6658,USR_455,2023-05-11,157,Shopping,DEBIT,Completed,aeba083a-86ea-4b6c-9c40-d9ac64f60090
TXN_6659,USR_456,2023-05-25,3123,Savings,DEBIT,Completed,6c0be082-7c01-433e-af20-212975d36b31
TXN_6660,USR_456,2023-05-15,1930,Transport,DEBIT,Completed,6c0be082-7c01-433e-af20-212975d36b31
TXN_6661,USR_456,2023-06-11,6992,Rent,DEBIT,Completed,6c0be082-7c01-433e-af20-212975d36b31
TXN_6662,USR_456,2023-04-22,2023,Shopping,DEBIT,Completed,6c0be082-7c01-433e-af20-212975d36b31
TXN_6663,USR_456,2023-06-24,10601,Rent,DEBIT,Completed,6c0be082-7c01-433e-af20-212975d36b31
TXN_6664,USR_456,2023-04-25,1103,Transport,DEBIT,Completed,6c0be082-7c01-433e-af20-212975d36b31
TXN_6665,USR_456,2023-06-30,1765,Savings,DEBIT,Completed,6c0be082-7c01-433e-af20-212975d36b31
TXN_6666,USR_456,2023-04-29,1465,Food,DEBIT,Completed,6c0be082-7c01-433e-af20-212975d36b31
TXN_6667,USR_456,2023-05-26,2931,Transport,DEBIT,Completed,6c0be082-7c01-433e-af20-212975d36b31
TXN_6668,USR_456,2023-05-14,620,Utility Bill,DEBIT,Completed,6c0be082-7c01-433e-af20-212975d36b31
TXN_6669,USR_456,2023-05-13,1939,Food,DEBIT,Completed,6c0be082-7c01-433e-af20-212975d36b31
TXN_6670,USR_456,2023-06-06,2734,Shopping,DEBIT,Completed,6c0be082-7c01-433e-af20-212975d36b31
TXN_6671,USR_456,2023-05-25,2643,Other Income,CREDIT,Completed,6c0be082-7c01-433e-af20-212975d36b31
TXN_6672,USR_456,2023-06-12,8886,Rent,DEBIT,Completed,6c0be082-7c01-433e-af20-212975d36b31
TXN_6673,USR_456,2023-05-07,502,Food,DEBIT,Completed,6c0be082-7c01-433e-af20-212975d36b31
TXN_6674,USR_457,2023-06-04,907,Shopping,DEBIT,Completed,7806998e-dd15-42ad-ae93-ed7fc9bc8860
TXN_6675,USR_457,2023-04-25,1913,Shopping,DEBIT,Completed,7806998e-dd15-42ad-ae93-ed7fc9bc8860
TXN_6676,USR_457,2023-04-10,8197,Rent,DEBIT,Completed,7806998e-dd15-42ad-ae93-ed7fc9bc8860
TXN_6677,USR_457,2023-05-13,4960,Savings,DEBIT,Completed,7806998e-dd15-42ad-ae93-ed7fc9bc8860
TXN_6678,USR_457,2023-05-24,504,Utility Bill,DEBIT,Completed,7806998e-dd15-42ad-ae93-ed7fc9bc8860
TXN_6679,USR_457,2023-04-20,2021,Utility Bill,DEBIT,Completed,7806998e-dd15-42ad-ae93-ed7fc9bc8860
TXN_6680,USR_457,2023-06-09,128,Food,DEBIT,Completed,7806998e-dd15-42ad-ae93-ed7fc9bc8860
TXN_6681,USR_457,2023-05-01,2508,Salary,CREDIT,Completed,7806998e-dd15-42ad-ae93-ed7fc9bc8860
TXN_6682,USR_457,2023-05-23,2857,Shopping,DEBIT,Completed,7806998e-dd15-42ad-ae93-ed7fc9bc8860
TXN_6683,USR_457,2023-04-29,2925,Shopping,DEBIT,Completed,7806998e-dd15-42ad-ae93-ed7fc9bc8860
TXN_6684,USR_457,2023-04-30,603,Transport,DEBIT,Completed,7806998e-dd15-42ad-ae93-ed7fc9bc8860
TXN_6685,USR_457,2023-04-09,8350,Rent,DEBIT,Completed,7806998e-dd15-42ad-ae93-ed7fc9bc8860
TXN_6686,USR_457,2023-04-12,3283,Salary,CREDIT,Completed,7806998e-dd15-42ad-ae93-ed7fc9bc8860
TXN_6687,USR_457,2023-05-18,2967,Salary,CREDIT,Completed,7806998e-dd15-42ad-ae93-ed7fc9bc8860
TXN_6688,USR_458,2023-04-03,3690,Other Income,CREDIT,Completed,14ae3c83-f0e5-4bae-8571-4b0d69b17d40
TXN_6689,USR_458,2023-04-01,1528,Utility Bill,DEBIT,Late,14ae3c83-f0e5-4bae-8571-4b0d69b17d40
TXN_6690,USR_458,2023-05-02,1967,Food,DEBIT,Completed,14ae3c83-f0e5-4bae-8571-4b0d69b17d40
TXN_6691,USR_458,2023-05-24,4816,Other Income,CREDIT,Completed,14ae3c83-f0e5-4bae-8571-4b0d69b17d40
TXN_6692,USR_458,2023-04-11,4125,Savings,DEBIT,Completed,14ae3c83-f0e5-4bae-8571-4b0d69b17d40
TXN_6693,USR_458,2023-04-21,653,Food,DEBIT,Completed,14ae3c83-f0e5-4bae-8571-4b0d69b17d40
TXN_6694,USR_458,2023-06-20,1902,Food,DEBIT,Completed,14ae3c83-f0e5-4bae-8571-4b0d69b17d40
TXN_6695,USR_458,2023-04-16,2029,Food,DEBIT,Completed,14ae3c83-f0e5-4bae-8571-4b0d69b17d40
TXN_6696,USR_458,2023-06-11,1104,Other Income,CREDIT,Completed,14ae3c83-f0e5-4bae-8571-4b0d69b17d40
TXN_6697,USR_458,2023-05-05,1045,Transport,DEBIT,Completed,14ae3c83-f0e5-4bae-8571-4b0d69b17d40
TXN_6698,USR_458,2023-05-17,5441,Rent,DEBIT,Late,14ae3c83-f0e5-4bae-8571-4b0d69b17d40
TXN_6699,USR_458,2023-06-04,488,Transport,DEBIT,Completed,14ae3c83-f0e5-4bae-8571-4b0d69b17d40
TXN_6700,USR_458,2023-05-05,8849,Rent,DEBIT,Completed,14ae3c83-f0e5-4bae-8571-4b0d69b17d40
TXN_6701,USR_458,2023-05-21,1267,Utility Bill,DEBIT,Late,14ae3c83-f0e5-4bae-8571-4b0d69b17d40
TXN_6702,USR_459,2023-04-10,1049,Transport,DEBIT,Completed,cf9ced21-dd90-46bd-87d5-aeefb6f81147
TXN_6703,USR_459,2023-05-04,139,Shopping,DEBIT,Completed,cf9ced21-dd90-46bd-87d5-aeefb6f81147
TXN_6704,USR_459,2023-05-10,4717,Savings,DEBIT,Completed,cf9ced21-dd90-46bd-87d5-aeefb6f81147
TXN_6705,USR_459,2023-06-29,2865,Other Income,CREDIT,Completed,cf9ced21-dd90-46bd-87d5-aeefb6f81147
TXN_6706,USR_459,2023-05-03,11114,Rent,DEBIT,Completed,cf9ced21-dd90-46bd-87d5-aeefb6f81147
TXN_6707,USR_459,2023-04-28,2696,Savings,DEBIT,Completed,cf9ced21-dd90-46bd-87d5-aeefb6f81147
TXN_6708,USR_459,2023-06-03,2437,Shopping,DEBIT,Completed,cf9ced21-dd90-46bd-87d5-aeefb6f81147
TXN_6709,USR_459,2023-04-20,648,Shopping,DEBIT,Completed,cf9ced21-dd90-46bd-87d5-aeefb6f81147
TXN_6710,USR_459,2023-06-16,2909,Other Income,CREDIT,Completed,cf9ced21-dd90-46bd-87d5-aeefb6f81147
TXN_6711,USR_459,2023-04-15,2949,Transport,DEBIT,Completed,cf9ced21-dd90-46bd-87d5-aeefb6f81147
TXN_6712,USR_459,2023-06-29,8246,Rent,DEBIT,Completed,cf9ced21-dd90-46bd-87d5-aeefb6f81147
TXN_6713,USR_459,2023-04-12,4632,Other Income,CREDIT,Completed,cf9ced21-dd90-46bd-87d5-aeefb6f81147
TXN_6714,USR_459,2023-06-07,1839,Savings,DEBIT,Completed,cf9ced21-dd90-46bd-87d5-aeefb6f81147
TXN_6715,USR_460,2023-04-11,396,Transport,DEBIT,Completed,2de5bd51-7abf-41b8-b4e8-4d604c0f1039
TXN_6716,USR_460,2023-05-05,4935,Other Income,CREDIT,Completed,2de5bd51-7abf-41b8-b4e8-4d604c0f1039
TXN_6717,USR_460,2023-04-11,1645,Utility Bill,DEBIT,Completed,2de5bd51-7abf-41b8-b4e8-4d604c0f1039
TXN_6718,USR_460,2023-04-13,1718,Shopping,DEBIT,Completed,2de5bd51-7abf-41b8-b4e8-4d604c0f1039
TXN_6719,USR_460,2023-05-03,655,Utility Bill,DEBIT,Completed,2de5bd51-7abf-41b8-b4e8-4d604c0f1039
TXN_6720,USR_460,2023-05-13,1884,Utility Bill,DEBIT,Completed,2de5bd51-7abf-41b8-b4e8-4d604c0f1039
TXN_6721,USR_460,2023-06-27,544,Transport,DEBIT,Completed,2de5bd51-7abf-41b8-b4e8-4d604c0f1039
TXN_6722,USR_460,2023-05-09,251,Food,DEBIT,Completed,2de5bd51-7abf-41b8-b4e8-4d604c0f1039
TXN_6723,USR_460,2023-06-20,881,Food,DEBIT,Completed,2de5bd51-7abf-41b8-b4e8-4d604c0f1039
TXN_6724,USR_460,2023-04-01,5948,Rent,DEBIT,Completed,2de5bd51-7abf-41b8-b4e8-4d604c0f1039
TXN_6725,USR_461,2023-06-28,11286,Rent,DEBIT,Completed,91c42ceb-b8fc-43f0-918d-a8cbf579343b
TXN_6726,USR_461,2023-06-22,3150,Other Income,CREDIT,Completed,91c42ceb-b8fc-43f0-918d-a8cbf579343b
TXN_6727,USR_461,2023-05-04,2079,Transport,DEBIT,Completed,91c42ceb-b8fc-43f0-918d-a8cbf579343b
TXN_6728,USR_461,2023-06-19,811,Food,DEBIT,Completed,91c42ceb-b8fc-43f0-918d-a8cbf579343b
TXN_6729,USR_461,2023-04-23,125,Food,DEBIT,Completed,91c42ceb-b8fc-43f0-918d-a8cbf579343b
TXN_6730,USR_461,2023-05-31,41565,Salary,CREDIT,Completed,91c42ceb-b8fc-43f0-918d-a8cbf579343b
TXN_6731,USR_461,2023-04-25,1538,Shopping,DEBIT,Completed,91c42ceb-b8fc-43f0-918d-a8cbf579343b
TXN_6732,USR_461,2023-06-26,3653,Savings,DEBIT,Completed,91c42ceb-b8fc-43f0-918d-a8cbf579343b
TXN_6733,USR_461,2023-06-02,2519,Transport,DEBIT,Completed,91c42ceb-b8fc-43f0-918d-a8cbf579343b
TXN_6734,USR_461,2023-06-27,2367,Other Income,CREDIT,Completed,91c42ceb-b8fc-43f0-918d-a8cbf579343b
TXN_6735,USR_461,2023-04-25,2021,Shopping,DEBIT,Completed,91c42ceb-b8fc-43f0-918d-a8cbf579343b
TXN_6736,USR_461,2023-05-13,2100,Food,DEBIT,Completed,91c42ceb-b8fc-43f0-918d-a8cbf579343b
TXN_6737,USR_461,2023-04-23,2995,Transport,DEBIT,Completed,91c42ceb-b8fc-43f0-918d-a8cbf579343b
TXN_6738,USR_461,2023-06-06,1702,Savings,DEBIT,Completed,91c42ceb-b8fc-43f0-918d-a8cbf579343b
TXN_6739,USR_461,2023-05-09,4714,Savings,DEBIT,Completed,91c42ceb-b8fc-43f0-918d-a8cbf579343b
TXN_6740,USR_462,2023-04-15,1045,Utility Bill,DEBIT,Late,2fc8776c-9d5f-4c71-be79-3044199dfab4
TXN_6741,USR_462,2023-05-04,4481,Other Income,CREDIT,Completed,2fc8776c-9d5f-4c71-be79-3044199dfab4
TXN_6742,USR_462,2023-06-28,2153,Transport,DEBIT,Completed,2fc8776c-9d5f-4c71-be79-3044199dfab4
TXN_6743,USR_462,2023-05-19,2010,Savings,DEBIT,Completed,2fc8776c-9d5f-4c71-be79-3044199dfab4
TXN_6744,USR_462,2023-04-26,1722,Transport,DEBIT,Completed,2fc8776c-9d5f-4c71-be79-3044199dfab4
TXN_6745,USR_462,2023-06-26,585,Other Income,CREDIT,Completed,2fc8776c-9d5f-4c71-be79-3044199dfab4
TXN_6746,USR_462,2023-06-06,1415,Savings,DEBIT,Completed,2fc8776c-9d5f-4c71-be79-3044199dfab4
TXN_6747,USR_462,2023-06-02,1987,Utility Bill,DEBIT,Late,2fc8776c-9d5f-4c71-be79-3044199dfab4
TXN_6748,USR_462,2023-04-11,608,Transport,DEBIT,Completed,2fc8776c-9d5f-4c71-be79-3044199dfab4
TXN_6749,USR_462,2023-04-22,1646,Savings,DEBIT,Completed,2fc8776c-9d5f-4c71-be79-3044199dfab4
TXN_6750,USR_463,2023-04-30,1761,Savings,DEBIT,Completed,10512ec7-9cb9-4c73-b69d-138cdad1c750
TXN_6751,USR_463,2023-05-27,765,Food,DEBIT,Completed,10512ec7-9cb9-4c73-b69d-138cdad1c750
TXN_6752,USR_463,2023-05-22,622,Food,DEBIT,Completed,10512ec7-9cb9-4c73-b69d-138cdad1c750
TXN_6753,USR_463,2023-04-01,1260,Food,DEBIT,Completed,10512ec7-9cb9-4c73-b69d-138cdad1c750
TXN_6754,USR_463,2023-05-26,4885,Savings,DEBIT,Completed,10512ec7-9cb9-4c73-b69d-138cdad1c750
TXN_6755,USR_463,2023-06-27,138,Transport,DEBIT,Completed,10512ec7-9cb9-4c73-b69d-138cdad1c750
TXN_6756,USR_463,2023-04-09,1361,Utility Bill,DEBIT,Completed,10512ec7-9cb9-4c73-b69d-138cdad1c750
TXN_6757,USR_463,2023-05-13,3360,Other Income,CREDIT,Completed,10512ec7-9cb9-4c73-b69d-138cdad1c750
TXN_6758,USR_463,2023-06-12,1493,Shopping,DEBIT,Completed,10512ec7-9cb9-4c73-b69d-138cdad1c750
TXN_6759,USR_463,2023-04-20,6303,Rent,DEBIT,Completed,10512ec7-9cb9-4c73-b69d-138cdad1c750
TXN_6760,USR_463,2023-05-02,4223,Savings,DEBIT,Completed,10512ec7-9cb9-4c73-b69d-138cdad1c750
TXN_6761,USR_463,2023-05-05,2695,Transport,DEBIT,Completed,10512ec7-9cb9-4c73-b69d-138cdad1c750
TXN_6762,USR_463,2023-06-08,2154,Utility Bill,DEBIT,Completed,10512ec7-9cb9-4c73-b69d-138cdad1c750
TXN_6763,USR_463,2023-04-07,3429,Other Income,CREDIT,Completed,10512ec7-9cb9-4c73-b69d-138cdad1c750
TXN_6764,USR_464,2023-06-12,1692,Other Income,CREDIT,Completed,d355a089-1f88-4f5a-8561-cdbf3d5f562f
TXN_6765,USR_464,2023-04-15,528,Food,DEBIT,Completed,d355a089-1f88-4f5a-8561-cdbf3d5f562f
TXN_6766,USR_464,2023-04-06,7421,Rent,DEBIT,Completed,d355a089-1f88-4f5a-8561-cdbf3d5f562f
TXN_6767,USR_464,2023-05-17,1347,Utility Bill,DEBIT,Completed,d355a089-1f88-4f5a-8561-cdbf3d5f562f
TXN_6768,USR_464,2023-06-11,1409,Transport,DEBIT,Completed,d355a089-1f88-4f5a-8561-cdbf3d5f562f
TXN_6769,USR_464,2023-04-08,2037,Utility Bill,DEBIT,Completed,d355a089-1f88-4f5a-8561-cdbf3d5f562f
TXN_6770,USR_464,2023-04-15,3268,Other Income,CREDIT,Completed,d355a089-1f88-4f5a-8561-cdbf3d5f562f
TXN_6771,USR_464,2023-04-10,1796,Food,DEBIT,Completed,d355a089-1f88-4f5a-8561-cdbf3d5f562f
TXN_6772,USR_464,2023-04-21,1094,Utility Bill,DEBIT,Completed,d355a089-1f88-4f5a-8561-cdbf3d5f562f
TXN_6773,USR_464,2023-06-04,1820,Transport,DEBIT,Completed,d355a089-1f88-4f5a-8561-cdbf3d5f562f
TXN_6774,USR_464,2023-05-19,1667,Savings,DEBIT,Completed,d355a089-1f88-4f5a-8561-cdbf3d5f562f
TXN_6775,USR_464,2023-05-11,684,Other Income,CREDIT,Completed,d355a089-1f88-4f5a-8561-cdbf3d5f562f
TXN_6776,USR_464,2023-05-20,1857,Utility Bill,DEBIT,Completed,d355a089-1f88-4f5a-8561-cdbf3d5f562f
TXN_6777,USR_464,2023-06-26,4651,Savings,DEBIT,Completed,d355a089-1f88-4f5a-8561-cdbf3d5f562f
TXN_6778,USR_465,2023-04-03,1806,Utility Bill,DEBIT,Completed,73f34085-507e-41ed-96d3-c4936ce7c230
TXN_6779,USR_465,2023-04-12,1350,Salary,CREDIT,Completed,73f34085-507e-41ed-96d3-c4936ce7c230
TXN_6780,USR_465,2023-04-04,1319,Shopping,DEBIT,Completed,73f34085-507e-41ed-96d3-c4936ce7c230
TXN_6781,USR_465,2023-04-24,4662,Savings,DEBIT,Completed,73f34085-507e-41ed-96d3-c4936ce7c230
TXN_6782,USR_465,2023-06-27,6216,Rent,DEBIT,Completed,73f34085-507e-41ed-96d3-c4936ce7c230
TXN_6783,USR_465,2023-04-23,372,Food,DEBIT,Completed,73f34085-507e-41ed-96d3-c4936ce7c230
TXN_6784,USR_465,2023-06-01,7581,Rent,DEBIT,Completed,73f34085-507e-41ed-96d3-c4936ce7c230
TXN_6785,USR_465,2023-05-11,1120,Utility Bill,DEBIT,Completed,73f34085-507e-41ed-96d3-c4936ce7c230
TXN_6786,USR_465,2023-04-25,3269,Salary,CREDIT,Completed,73f34085-507e-41ed-96d3-c4936ce7c230
TXN_6787,USR_465,2023-04-16,2358,Transport,DEBIT,Completed,73f34085-507e-41ed-96d3-c4936ce7c230
TXN_6788,USR_465,2023-05-14,1340,Utility Bill,DEBIT,Completed,73f34085-507e-41ed-96d3-c4936ce7c230
TXN_6789,USR_465,2023-06-14,1388,Food,DEBIT,Completed,73f34085-507e-41ed-96d3-c4936ce7c230
TXN_6790,USR_465,2023-05-01,2893,Salary,CREDIT,Completed,73f34085-507e-41ed-96d3-c4936ce7c230
TXN_6791,USR_465,2023-05-18,1196,Shopping,DEBIT,Completed,73f34085-507e-41ed-96d3-c4936ce7c230
TXN_6792,USR_465,2023-04-21,928,Food,DEBIT,Completed,73f34085-507e-41ed-96d3-c4936ce7c230
TXN_6793,USR_466,2023-05-22,2171,Other Income,CREDIT,Completed,257fabbc-ab54-4843-b4bf-2873a4150690
TXN_6794,USR_466,2023-05-07,4002,Savings,DEBIT,Completed,257fabbc-ab54-4843-b4bf-2873a4150690
TXN_6795,USR_466,2023-04-20,1044,Utility Bill,DEBIT,Completed,257fabbc-ab54-4843-b4bf-2873a4150690
TXN_6796,USR_466,2023-05-13,559,Transport,DEBIT,Completed,257fabbc-ab54-4843-b4bf-2873a4150690
TXN_6797,USR_466,2023-06-02,4790,Savings,DEBIT,Completed,257fabbc-ab54-4843-b4bf-2873a4150690
TXN_6798,USR_466,2023-05-22,9544,Rent,DEBIT,Completed,257fabbc-ab54-4843-b4bf-2873a4150690
TXN_6799,USR_466,2023-06-24,427,Transport,DEBIT,Completed,257fabbc-ab54-4843-b4bf-2873a4150690
TXN_6800,USR_466,2023-04-20,299,Transport,DEBIT,Completed,257fabbc-ab54-4843-b4bf-2873a4150690
TXN_6801,USR_466,2023-06-22,1812,Food,DEBIT,Completed,257fabbc-ab54-4843-b4bf-2873a4150690
TXN_6802,USR_466,2023-04-03,223,Food,DEBIT,Completed,257fabbc-ab54-4843-b4bf-2873a4150690
TXN_6803,USR_467,2023-06-05,716,Shopping,DEBIT,Completed,c312882d-1aec-45c0-a275-10d92f15e444
TXN_6804,USR_467,2023-05-14,1486,Other Income,CREDIT,Completed,c312882d-1aec-45c0-a275-10d92f15e444
TXN_6805,USR_467,2023-06-23,38190,Salary,CREDIT,Completed,c312882d-1aec-45c0-a275-10d92f15e444
TXN_6806,USR_467,2023-04-29,4266,Other Income,CREDIT,Completed,c312882d-1aec-45c0-a275-10d92f15e444
TXN_6807,USR_467,2023-06-04,873,Other Income,CREDIT,Completed,c312882d-1aec-45c0-a275-10d92f15e444
TXN_6808,USR_467,2023-06-22,755,Other Income,CREDIT,Completed,c312882d-1aec-45c0-a275-10d92f15e444
TXN_6809,USR_467,2023-05-04,5157,Rent,DEBIT,Completed,c312882d-1aec-45c0-a275-10d92f15e444
TXN_6810,USR_467,2023-05-17,1083,Transport,DEBIT,Completed,c312882d-1aec-45c0-a275-10d92f15e444
TXN_6811,USR_467,2023-04-04,344,Transport,DEBIT,Completed,c312882d-1aec-45c0-a275-10d92f15e444
TXN_6812,USR_467,2023-04-02,2560,Food,DEBIT,Completed,c312882d-1aec-45c0-a275-10d92f15e444
TXN_6813,USR_467,2023-05-16,1143,Food,DEBIT,Completed,c312882d-1aec-45c0-a275-10d92f15e444
TXN_6814,USR_467,2023-06-16,2686,Other Income,CREDIT,Completed,c312882d-1aec-45c0-a275-10d92f15e444
TXN_6815,USR_467,2023-06-24,2494,Other Income,CREDIT,Completed,c312882d-1aec-45c0-a275-10d92f15e444
TXN_6816,USR_468,2023-04-19,972,Other Income,CREDIT,Completed,c1e2ec51-62c8-4be4-9e2a-bd033a76310d
TXN_6817,USR_468,2023-04-22,1706,Utility Bill,DEBIT,Completed,c1e2ec51-62c8-4be4-9e2a-bd033a76310d
TXN_6818,USR_468,2023-04-30,10519,Rent,DEBIT,Completed,c1e2ec51-62c8-4be4-9e2a-bd033a76310d
TXN_6819,USR_468,2023-04-27,2298,Food,DEBIT,Completed,c1e2ec51-62c8-4be4-9e2a-bd033a76310d
TXN_6820,USR_468,2023-04-22,9361,Rent,DEBIT,Completed,c1e2ec51-62c8-4be4-9e2a-bd033a76310d
TXN_6821,USR_468,2023-04-26,6443,Rent,DEBIT,Completed,c1e2ec51-62c8-4be4-9e2a-bd033a76310d
TXN_6822,USR_468,2023-05-22,10262,Rent,DEBIT,Completed,c1e2ec51-62c8-4be4-9e2a-bd033a76310d
TXN_6823,USR_468,2023-05-04,2814,Savings,DEBIT,Completed,c1e2ec51-62c8-4be4-9e2a-bd033a76310d
TXN_6824,USR_468,2023-04-12,1926,Utility Bill,DEBIT,Completed,c1e2ec51-62c8-4be4-9e2a-bd033a76310d
TXN_6825,USR_468,2023-04-23,4868,Other Income,CREDIT,Completed,c1e2ec51-62c8-4be4-9e2a-bd033a76310d
TXN_6826,USR_469,2023-04-03,6145,Rent,DEBIT,Completed,bb6abe0b-fba3-468a-b227-7d2abfc1a0da
TXN_6827,USR_469,2023-04-27,3664,Savings,DEBIT,Completed,bb6abe0b-fba3-468a-b227-7d2abfc1a0da
TXN_6828,USR_469,2023-06-14,5196,Rent,DEBIT,Completed,bb6abe0b-fba3-468a-b227-7d2abfc1a0da
TXN_6829,USR_469,2023-06-30,3715,Savings,DEBIT,Completed,bb6abe0b-fba3-468a-b227-7d2abfc1a0da
TXN_6830,USR_469,2023-06-27,5921,Rent,DEBIT,Late,bb6abe0b-fba3-468a-b227-7d2abfc1a0da
TXN_6831,USR_469,2023-04-30,8566,Rent,DEBIT,Completed,bb6abe0b-fba3-468a-b227-7d2abfc1a0da
TXN_6832,USR_469,2023-05-08,1295,Utility Bill,DEBIT,Late,bb6abe0b-fba3-468a-b227-7d2abfc1a0da
TXN_6833,USR_469,2023-05-19,2737,Food,DEBIT,Completed,bb6abe0b-fba3-468a-b227-7d2abfc1a0da
TXN_6834,USR_469,2023-06-22,276,Transport,DEBIT,Completed,bb6abe0b-fba3-468a-b227-7d2abfc1a0da
TXN_6835,USR_469,2023-04-13,2853,Savings,DEBIT,Completed,bb6abe0b-fba3-468a-b227-7d2abfc1a0da
TXN_6836,USR_469,2023-05-25,4786,Other Income,CREDIT,Completed,bb6abe0b-fba3-468a-b227-7d2abfc1a0da
TXN_6837,USR_470,2023-04-17,1675,Savings,DEBIT,Completed,b684df1a-d138-4331-ac66-fa717b11c0e0
TXN_6838,USR_470,2023-04-28,625,Transport,DEBIT,Completed,b684df1a-d138-4331-ac66-fa717b11c0e0
TXN_6839,USR_470,2023-04-19,1782,Savings,DEBIT,Completed,b684df1a-d138-4331-ac66-fa717b11c0e0
TXN_6840,USR_470,2023-05-28,10601,Rent,DEBIT,Completed,b684df1a-d138-4331-ac66-fa717b11c0e0
TXN_6841,USR_470,2023-04-03,881,Shopping,DEBIT,Completed,b684df1a-d138-4331-ac66-fa717b11c0e0
TXN_6842,USR_470,2023-05-22,1766,Shopping,DEBIT,Completed,b684df1a-d138-4331-ac66-fa717b11c0e0
TXN_6843,USR_470,2023-05-07,596,Utility Bill,DEBIT,Completed,b684df1a-d138-4331-ac66-fa717b11c0e0
TXN_6844,USR_470,2023-05-06,5397,Rent,DEBIT,Late,b684df1a-d138-4331-ac66-fa717b11c0e0
TXN_6845,USR_470,2023-04-30,274,Shopping,DEBIT,Completed,b684df1a-d138-4331-ac66-fa717b11c0e0
TXN_6846,USR_470,2023-06-09,2986,Food,DEBIT,Completed,b684df1a-d138-4331-ac66-fa717b11c0e0
TXN_6847,USR_470,2023-05-17,4083,Other Income,CREDIT,Completed,b684df1a-d138-4331-ac66-fa717b11c0e0
TXN_6848,USR_470,2023-06-23,763,Food,DEBIT,Completed,b684df1a-d138-4331-ac66-fa717b11c0e0
TXN_6849,USR_471,2023-04-30,2070,Shopping,DEBIT,Completed,d56335d7-32d9-46b4-a23f-e4734392e693
TXN_6850,USR_471,2023-06-27,1606,Salary,CREDIT,Completed,d56335d7-32d9-46b4-a23f-e4734392e693
TXN_6851,USR_471,2023-06-26,2275,Salary,CREDIT,Completed,d56335d7-32d9-46b4-a23f-e4734392e693
TXN_6852,USR_471,2023-05-21,1402,Shopping,DEBIT,Completed,d56335d7-32d9-46b4-a23f-e4734392e693
TXN_6853,USR_471,2023-06-25,11484,Rent,DEBIT,Completed,d56335d7-32d9-46b4-a23f-e4734392e693
TXN_6854,USR_471,2023-06-01,312,Shopping,DEBIT,Completed,d56335d7-32d9-46b4-a23f-e4734392e693
TXN_6855,USR_471,2023-05-18,3452,Savings,DEBIT,Completed,d56335d7-32d9-46b4-a23f-e4734392e693
TXN_6856,USR_471,2023-05-22,2134,Utility Bill,DEBIT,Completed,d56335d7-32d9-46b4-a23f-e4734392e693
TXN_6857,USR_471,2023-04-28,1417,Savings,DEBIT,Completed,d56335d7-32d9-46b4-a23f-e4734392e693
TXN_6858,USR_471,2023-05-08,854,Utility Bill,DEBIT,Late,d56335d7-32d9-46b4-a23f-e4734392e693
TXN_6859,USR_471,2023-04-14,1071,Food,DEBIT,Completed,d56335d7-32d9-46b4-a23f-e4734392e693
TXN_6860,USR_472,2023-04-13,805,Other Income,CREDIT,Completed,0e57278d-cb24-4517-9c4d-7caec0704b21
TXN_6861,USR_472,2023-04-22,4293,Savings,DEBIT,Completed,0e57278d-cb24-4517-9c4d-7caec0704b21
TXN_6862,USR_472,2023-05-17,1500,Food,DEBIT,Completed,0e57278d-cb24-4517-9c4d-7caec0704b21
TXN_6863,USR_472,2023-05-11,2025,Food,DEBIT,Completed,0e57278d-cb24-4517-9c4d-7caec0704b21
TXN_6864,USR_472,2023-06-01,4230,Savings,DEBIT,Completed,0e57278d-cb24-4517-9c4d-7caec0704b21
TXN_6865,USR_472,2023-05-12,768,Transport,DEBIT,Completed,0e57278d-cb24-4517-9c4d-7caec0704b21
TXN_6866,USR_472,2023-05-12,2028,Savings,DEBIT,Completed,0e57278d-cb24-4517-9c4d-7caec0704b21
TXN_6867,USR_472,2023-04-10,4008,Savings,DEBIT,Completed,0e57278d-cb24-4517-9c4d-7caec0704b21
TXN_6868,USR_472,2023-04-19,332,Shopping,DEBIT,Completed,0e57278d-cb24-4517-9c4d-7caec0704b21
TXN_6869,USR_472,2023-06-01,11786,Rent,DEBIT,Completed,0e57278d-cb24-4517-9c4d-7caec0704b21
TXN_6870,USR_472,2023-05-02,133,Food,DEBIT,Completed,0e57278d-cb24-4517-9c4d-7caec0704b21
TXN_6871,USR_472,2023-05-12,1281,Other Income,CREDIT,Completed,0e57278d-cb24-4517-9c4d-7caec0704b21
TXN_6872,USR_472,2023-06-21,509,Shopping,DEBIT,Completed,0e57278d-cb24-4517-9c4d-7caec0704b21
TXN_6873,USR_473,2023-06-29,10113,Rent,DEBIT,Completed,f7c52273-4d0b-49dd-b86c-c29d6c5a18a4
TXN_6874,USR_473,2023-05-14,1382,Utility Bill,DEBIT,Completed,f7c52273-4d0b-49dd-b86c-c29d6c5a18a4
TXN_6875,USR_473,2023-04-14,3691,Other Income,CREDIT,Completed,f7c52273-4d0b-49dd-b86c-c29d6c5a18a4
TXN_6876,USR_473,2023-05-12,119,Food,DEBIT,Completed,f7c52273-4d0b-49dd-b86c-c29d6c5a18a4
TXN_6877,USR_473,2023-05-22,4047,Savings,DEBIT,Completed,f7c52273-4d0b-49dd-b86c-c29d6c5a18a4
TXN_6878,USR_473,2023-06-07,26903,Salary,CREDIT,Completed,f7c52273-4d0b-49dd-b86c-c29d6c5a18a4
TXN_6879,USR_473,2023-05-03,824,Utility Bill,DEBIT,Completed,f7c52273-4d0b-49dd-b86c-c29d6c5a18a4
TXN_6880,USR_473,2023-04-25,2021,Food,DEBIT,Completed,f7c52273-4d0b-49dd-b86c-c29d6c5a18a4
TXN_6881,USR_473,2023-04-11,4531,Savings,DEBIT,Completed,f7c52273-4d0b-49dd-b86c-c29d6c5a18a4
TXN_6882,USR_473,2023-04-14,4138,Other Income,CREDIT,Completed,f7c52273-4d0b-49dd-b86c-c29d6c5a18a4
TXN_6883,USR_473,2023-06-22,11808,Rent,DEBIT,Completed,f7c52273-4d0b-49dd-b86c-c29d6c5a18a4
TXN_6884,USR_473,2023-05-16,951,Transport,DEBIT,Completed,f7c52273-4d0b-49dd-b86c-c29d6c5a18a4
TXN_6885,USR_474,2023-06-23,5023,Rent,DEBIT,Completed,a4c21ceb-16fc-4368-a9e7-d2947c279529
TXN_6886,USR_474,2023-05-12,1834,Savings,DEBIT,Completed,a4c21ceb-16fc-4368-a9e7-d2947c279529
TXN_6887,USR_474,2023-04-16,1520,Food,DEBIT,Completed,a4c21ceb-16fc-4368-a9e7-d2947c279529
TXN_6888,USR_474,2023-05-16,1245,Utility Bill,DEBIT,Completed,a4c21ceb-16fc-4368-a9e7-d2947c279529
TXN_6889,USR_474,2023-04-11,2153,Transport,DEBIT,Completed,a4c21ceb-16fc-4368-a9e7-d2947c279529
TXN_6890,USR_474,2023-06-04,931,Utility Bill,DEBIT,Completed,a4c21ceb-16fc-4368-a9e7-d2947c279529
TXN_6891,USR_474,2023-05-23,2455,Utility Bill,DEBIT,Completed,a4c21ceb-16fc-4368-a9e7-d2947c279529
TXN_6892,USR_474,2023-06-25,1768,Transport,DEBIT,Completed,a4c21ceb-16fc-4368-a9e7-d2947c279529
TXN_6893,USR_474,2023-05-18,1940,Food,DEBIT,Completed,a4c21ceb-16fc-4368-a9e7-d2947c279529
TXN_6894,USR_474,2023-06-24,733,Utility Bill,DEBIT,Completed,a4c21ceb-16fc-4368-a9e7-d2947c279529
TXN_6895,USR_474,2023-06-27,863,Shopping,DEBIT,Completed,a4c21ceb-16fc-4368-a9e7-d2947c279529
TXN_6896,USR_475,2023-05-30,1208,Utility Bill,DEBIT,Completed,cd98373c-21bb-4473-9171-6d91ffbdb1c3
TXN_6897,USR_475,2023-05-24,2876,Savings,DEBIT,Completed,cd98373c-21bb-4473-9171-6d91ffbdb1c3
TXN_6898,USR_475,2023-05-20,971,Shopping,DEBIT,Completed,cd98373c-21bb-4473-9171-6d91ffbdb1c3
TXN_6899,USR_475,2023-04-08,1243,Transport,DEBIT,Completed,cd98373c-21bb-4473-9171-6d91ffbdb1c3
TXN_6900,USR_475,2023-05-07,2081,Transport,DEBIT,Completed,cd98373c-21bb-4473-9171-6d91ffbdb1c3
TXN_6901,USR_475,2023-04-08,6617,Rent,DEBIT,Completed,cd98373c-21bb-4473-9171-6d91ffbdb1c3
TXN_6902,USR_475,2023-06-01,1136,Shopping,DEBIT,Completed,cd98373c-21bb-4473-9171-6d91ffbdb1c3
TXN_6903,USR_475,2023-06-30,1629,Food,DEBIT,Completed,cd98373c-21bb-4473-9171-6d91ffbdb1c3
TXN_6904,USR_475,2023-06-20,11663,Rent,DEBIT,Completed,cd98373c-21bb-4473-9171-6d91ffbdb1c3
TXN_6905,USR_475,2023-05-12,10653,Rent,DEBIT,Completed,cd98373c-21bb-4473-9171-6d91ffbdb1c3
TXN_6906,USR_475,2023-04-12,7173,Rent,DEBIT,Completed,cd98373c-21bb-4473-9171-6d91ffbdb1c3
TXN_6907,USR_475,2023-06-07,9354,Rent,DEBIT,Completed,cd98373c-21bb-4473-9171-6d91ffbdb1c3
TXN_6908,USR_475,2023-04-26,2014,Food,DEBIT,Completed,cd98373c-21bb-4473-9171-6d91ffbdb1c3
TXN_6909,USR_476,2023-06-19,1183,Other Income,CREDIT,Completed,4b3d8083-48f2-43fd-89fa-3cc629f328c9
TXN_6910,USR_476,2023-04-05,869,Shopping,DEBIT,Completed,4b3d8083-48f2-43fd-89fa-3cc629f328c9
TXN_6911,USR_476,2023-04-04,2889,Transport,DEBIT,Completed,4b3d8083-48f2-43fd-89fa-3cc629f328c9
TXN_6912,USR_476,2023-05-01,234,Food,DEBIT,Completed,4b3d8083-48f2-43fd-89fa-3cc629f328c9
TXN_6913,USR_476,2023-05-22,1521,Utility Bill,DEBIT,Completed,4b3d8083-48f2-43fd-89fa-3cc629f328c9
TXN_6914,USR_476,2023-04-11,1965,Food,DEBIT,Completed,4b3d8083-48f2-43fd-89fa-3cc629f328c9
TXN_6915,USR_476,2023-06-25,1051,Utility Bill,DEBIT,Completed,4b3d8083-48f2-43fd-89fa-3cc629f328c9
TXN_6916,USR_476,2023-04-02,217,Shopping,DEBIT,Completed,4b3d8083-48f2-43fd-89fa-3cc629f328c9
TXN_6917,USR_476,2023-06-01,2176,Transport,DEBIT,Completed,4b3d8083-48f2-43fd-89fa-3cc629f328c9
TXN_6918,USR_476,2023-04-17,2760,Shopping,DEBIT,Completed,4b3d8083-48f2-43fd-89fa-3cc629f328c9
TXN_6919,USR_476,2023-05-26,2259,Utility Bill,DEBIT,Completed,4b3d8083-48f2-43fd-89fa-3cc629f328c9
TXN_6920,USR_477,2023-06-26,2301,Food,DEBIT,Completed,7257dda8-f5c9-438e-b641-6a43edc43c7a
TXN_6921,USR_477,2023-04-20,2383,Transport,DEBIT,Completed,7257dda8-f5c9-438e-b641-6a43edc43c7a
TXN_6922,USR_477,2023-05-19,10341,Rent,DEBIT,Completed,7257dda8-f5c9-438e-b641-6a43edc43c7a
TXN_6923,USR_477,2023-06-01,663,Transport,DEBIT,Completed,7257dda8-f5c9-438e-b641-6a43edc43c7a
TXN_6924,USR_477,2023-06-26,1332,Other Income,CREDIT,Completed,7257dda8-f5c9-438e-b641-6a43edc43c7a
TXN_6925,USR_477,2023-04-23,409,Shopping,DEBIT,Completed,7257dda8-f5c9-438e-b641-6a43edc43c7a
TXN_6926,USR_477,2023-04-12,994,Shopping,DEBIT,Completed,7257dda8-f5c9-438e-b641-6a43edc43c7a
TXN_6927,USR_477,2023-06-28,1885,Utility Bill,DEBIT,Completed,7257dda8-f5c9-438e-b641-6a43edc43c7a
TXN_6928,USR_477,2023-05-15,2606,Savings,DEBIT,Completed,7257dda8-f5c9-438e-b641-6a43edc43c7a
TXN_6929,USR_477,2023-04-15,2937,Other Income,CREDIT,Completed,7257dda8-f5c9-438e-b641-6a43edc43c7a
TXN_6930,USR_477,2023-04-11,1207,Transport,DEBIT,Completed,7257dda8-f5c9-438e-b641-6a43edc43c7a
TXN_6931,USR_477,2023-04-27,2999,Other Income,CREDIT,Completed,7257dda8-f5c9-438e-b641-6a43edc43c7a
TXN_6932,USR_477,2023-06-26,2957,Food,DEBIT,Completed,7257dda8-f5c9-438e-b641-6a43edc43c7a
TXN_6933,USR_478,2023-06-26,675,Shopping,DEBIT,Completed,d6bbdee3-48ad-402f-9378-00214cbcae27
TXN_6934,USR_478,2023-06-13,2333,Shopping,DEBIT,Completed,d6bbdee3-48ad-402f-9378-00214cbcae27
TXN_6935,USR_478,2023-05-14,5965,Rent,DEBIT,Completed,d6bbdee3-48ad-402f-9378-00214cbcae27
TXN_6936,USR_478,2023-06-29,3337,Savings,DEBIT,Completed,d6bbdee3-48ad-402f-9378-00214cbcae27
TXN_6937,USR_478,2023-05-28,1427,Savings,DEBIT,Completed,d6bbdee3-48ad-402f-9378-00214cbcae27
TXN_6938,USR_478,2023-06-23,1816,Shopping,DEBIT,Completed,d6bbdee3-48ad-402f-9378-00214cbcae27
TXN_6939,USR_478,2023-05-30,5737,Rent,DEBIT,Completed,d6bbdee3-48ad-402f-9378-00214cbcae27
TXN_6940,USR_478,2023-04-07,2218,Food,DEBIT,Completed,d6bbdee3-48ad-402f-9378-00214cbcae27
TXN_6941,USR_478,2023-06-22,51282,Salary,CREDIT,Completed,d6bbdee3-48ad-402f-9378-00214cbcae27
TXN_6942,USR_478,2023-04-24,1871,Food,DEBIT,Completed,d6bbdee3-48ad-402f-9378-00214cbcae27
TXN_6943,USR_479,2023-05-21,1854,Food,DEBIT,Completed,801c55da-c756-493a-91c4-b9c471e4994f
TXN_6944,USR_479,2023-05-05,1396,Shopping,DEBIT,Completed,801c55da-c756-493a-91c4-b9c471e4994f
TXN_6945,USR_479,2023-05-02,2786,Food,DEBIT,Completed,801c55da-c756-493a-91c4-b9c471e4994f
TXN_6946,USR_479,2023-05-23,3637,Savings,DEBIT,Completed,801c55da-c756-493a-91c4-b9c471e4994f
TXN_6947,USR_479,2023-04-12,2668,Savings,DEBIT,Completed,801c55da-c756-493a-91c4-b9c471e4994f
TXN_6948,USR_479,2023-06-27,5847,Rent,DEBIT,Completed,801c55da-c756-493a-91c4-b9c471e4994f
TXN_6949,USR_479,2023-05-24,1699,Transport,DEBIT,Completed,801c55da-c756-493a-91c4-b9c471e4994f
TXN_6950,USR_479,2023-05-30,3749,Savings,DEBIT,Completed,801c55da-c756-493a-91c4-b9c471e4994f
TXN_6951,USR_479,2023-04-15,334,Food,DEBIT,Completed,801c55da-c756-493a-91c4-b9c471e4994f
TXN_6952,USR_479,2023-06-28,1042,Savings,DEBIT,Completed,801c55da-c756-493a-91c4-b9c471e4994f
TXN_6953,USR_479,2023-05-07,2851,Food,DEBIT,Completed,801c55da-c756-493a-91c4-b9c471e4994f
TXN_6954,USR_479,2023-05-21,3315,Savings,DEBIT,Completed,801c55da-c756-493a-91c4-b9c471e4994f
TXN_6955,USR_479,2023-06-27,8634,Rent,DEBIT,Completed,801c55da-c756-493a-91c4-b9c471e4994f
TXN_6956,USR_479,2023-04-09,1821,Food,DEBIT,Completed,801c55da-c756-493a-91c4-b9c471e4994f
TXN_6957,USR_479,2023-05-15,11314,Rent,DEBIT,Completed,801c55da-c756-493a-91c4-b9c471e4994f
TXN_6958,USR_480,2023-06-18,3917,Savings,DEBIT,Completed,d5fdb980-f5cc-4481-8d43-82a95fc094a3
TXN_6959,USR_480,2023-06-02,177,Food,DEBIT,Completed,d5fdb980-f5cc-4481-8d43-82a95fc094a3
TXN_6960,USR_480,2023-04-26,10578,Rent,DEBIT,Completed,d5fdb980-f5cc-4481-8d43-82a95fc094a3
TXN_6961,USR_480,2023-05-03,4163,Savings,DEBIT,Completed,d5fdb980-f5cc-4481-8d43-82a95fc094a3
TXN_6962,USR_480,2023-06-13,2611,Savings,DEBIT,Completed,d5fdb980-f5cc-4481-8d43-82a95fc094a3
TXN_6963,USR_480,2023-06-09,1209,Utility Bill,DEBIT,Completed,d5fdb980-f5cc-4481-8d43-82a95fc094a3
TXN_6964,USR_480,2023-05-19,2920,Transport,DEBIT,Completed,d5fdb980-f5cc-4481-8d43-82a95fc094a3
TXN_6965,USR_480,2023-05-30,2829,Shopping,DEBIT,Completed,d5fdb980-f5cc-4481-8d43-82a95fc094a3
TXN_6966,USR_480,2023-05-11,8575,Rent,DEBIT,Completed,d5fdb980-f5cc-4481-8d43-82a95fc094a3
TXN_6967,USR_480,2023-06-28,4042,Savings,DEBIT,Completed,d5fdb980-f5cc-4481-8d43-82a95fc094a3
TXN_6968,USR_480,2023-05-18,201,Transport,DEBIT,Completed,d5fdb980-f5cc-4481-8d43-82a95fc094a3
TXN_6969,USR_480,2023-05-10,2947,Savings,DEBIT,Completed,d5fdb980-f5cc-4481-8d43-82a95fc094a3
TXN_6970,USR_480,2023-04-01,2386,Food,DEBIT,Completed,d5fdb980-f5cc-4481-8d43-82a95fc094a3
TXN_6971,USR_480,2023-06-04,1844,Food,DEBIT,Completed,d5fdb980-f5cc-4481-8d43-82a95fc094a3
TXN_6972,USR_481,2023-06-21,2388,Utility Bill,DEBIT,Completed,35a2cf3f-bd12-4d3d-b421-fff1cec10478
TXN_6973,USR_481,2023-05-18,2895,Food,DEBIT,Completed,35a2cf3f-bd12-4d3d-b421-fff1cec10478
TXN_6974,USR_481,2023-04-13,54356,Salary,CREDIT,Completed,35a2cf3f-bd12-4d3d-b421-fff1cec10478
TXN_6975,USR_481,2023-05-19,2732,Shopping,DEBIT,Completed,35a2cf3f-bd12-4d3d-b421-fff1cec10478
TXN_6976,USR_481,2023-06-27,2459,Shopping,DEBIT,Completed,35a2cf3f-bd12-4d3d-b421-fff1cec10478
TXN_6977,USR_481,2023-05-01,2234,Other Income,CREDIT,Completed,35a2cf3f-bd12-4d3d-b421-fff1cec10478
TXN_6978,USR_481,2023-04-06,2868,Shopping,DEBIT,Completed,35a2cf3f-bd12-4d3d-b421-fff1cec10478
TXN_6979,USR_481,2023-06-06,3863,Other Income,CREDIT,Completed,35a2cf3f-bd12-4d3d-b421-fff1cec10478
TXN_6980,USR_481,2023-05-03,1695,Shopping,DEBIT,Completed,35a2cf3f-bd12-4d3d-b421-fff1cec10478
TXN_6981,USR_481,2023-05-02,2339,Transport,DEBIT,Completed,35a2cf3f-bd12-4d3d-b421-fff1cec10478
TXN_6982,USR_481,2023-05-08,1158,Food,DEBIT,Completed,35a2cf3f-bd12-4d3d-b421-fff1cec10478
TXN_6983,USR_481,2023-06-17,3509,Other Income,CREDIT,Completed,35a2cf3f-bd12-4d3d-b421-fff1cec10478
TXN_6984,USR_481,2023-06-18,3826,Other Income,CREDIT,Completed,35a2cf3f-bd12-4d3d-b421-fff1cec10478
TXN_6985,USR_481,2023-05-28,1803,Savings,DEBIT,Completed,35a2cf3f-bd12-4d3d-b421-fff1cec10478
TXN_6986,USR_481,2023-04-02,1106,Food,DEBIT,Completed,35a2cf3f-bd12-4d3d-b421-fff1cec10478
TXN_6987,USR_482,2023-04-09,1194,Shopping,DEBIT,Completed,130379d7-74ff-48e1-b2ee-b24d18e74f6c
TXN_6988,USR_482,2023-05-20,1262,Other Income,CREDIT,Completed,130379d7-74ff-48e1-b2ee-b24d18e74f6c
TXN_6989,USR_482,2023-04-12,53671,Salary,CREDIT,Completed,130379d7-74ff-48e1-b2ee-b24d18e74f6c
TXN_6990,USR_482,2023-05-02,1107,Savings,DEBIT,Completed,130379d7-74ff-48e1-b2ee-b24d18e74f6c
TXN_6991,USR_482,2023-06-21,7154,Rent,DEBIT,Completed,130379d7-74ff-48e1-b2ee-b24d18e74f6c
TXN_6992,USR_482,2023-05-13,2730,Other Income,CREDIT,Completed,130379d7-74ff-48e1-b2ee-b24d18e74f6c
TXN_6993,USR_482,2023-05-19,1957,Other Income,CREDIT,Completed,130379d7-74ff-48e1-b2ee-b24d18e74f6c
TXN_6994,USR_482,2023-05-30,4140,Savings,DEBIT,Completed,130379d7-74ff-48e1-b2ee-b24d18e74f6c
TXN_6995,USR_482,2023-06-15,2123,Savings,DEBIT,Completed,130379d7-74ff-48e1-b2ee-b24d18e74f6c
TXN_6996,USR_482,2023-05-09,4407,Other Income,CREDIT,Completed,130379d7-74ff-48e1-b2ee-b24d18e74f6c
TXN_6997,USR_482,2023-04-11,1769,Savings,DEBIT,Completed,130379d7-74ff-48e1-b2ee-b24d18e74f6c
TXN_6998,USR_483,2023-06-08,1812,Other Income,CREDIT,Completed,cc8e6fb1-febf-4492-b93e-45f50dafcb6e
TXN_6999,USR_483,2023-06-16,627,Transport,DEBIT,Completed,cc8e6fb1-febf-4492-b93e-45f50dafcb6e
TXN_7000,USR_483,2023-05-24,5373,Rent,DEBIT,Completed,cc8e6fb1-febf-4492-b93e-45f50dafcb6e
TXN_7001,USR_483,2023-04-30,370,Food,DEBIT,Completed,cc8e6fb1-febf-4492-b93e-45f50dafcb6e
TXN_7002,USR_483,2023-05-11,785,Shopping,DEBIT,Completed,cc8e6fb1-febf-4492-b93e-45f50dafcb6e
TXN_7003,USR_483,2023-05-08,549,Transport,DEBIT,Completed,cc8e6fb1-febf-4492-b93e-45f50dafcb6e
TXN_7004,USR_483,2023-04-04,4121,Savings,DEBIT,Completed,cc8e6fb1-febf-4492-b93e-45f50dafcb6e
TXN_7005,USR_483,2023-06-28,1216,Food,DEBIT,Completed,cc8e6fb1-febf-4492-b93e-45f50dafcb6e
TXN_7006,USR_483,2023-04-23,1153,Other Income,CREDIT,Completed,cc8e6fb1-febf-4492-b93e-45f50dafcb6e
TXN_7007,USR_483,2023-06-07,492,Food,DEBIT,Completed,cc8e6fb1-febf-4492-b93e-45f50dafcb6e
TXN_7008,USR_483,2023-06-24,1512,Food,DEBIT,Completed,cc8e6fb1-febf-4492-b93e-45f50dafcb6e
TXN_7009,USR_483,2023-05-15,1378,Utility Bill,DEBIT,Late,cc8e6fb1-febf-4492-b93e-45f50dafcb6e
TXN_7010,USR_483,2023-06-03,815,Utility Bill,DEBIT,Late,cc8e6fb1-febf-4492-b93e-45f50dafcb6e
TXN_7011,USR_483,2023-05-20,685,Food,DEBIT,Completed,cc8e6fb1-febf-4492-b93e-45f50dafcb6e
TXN_7012,USR_483,2023-06-15,3114,Other Income,CREDIT,Completed,cc8e6fb1-febf-4492-b93e-45f50dafcb6e
TXN_7013,USR_484,2023-04-15,2629,Shopping,DEBIT,Completed,894db76e-021e-4034-bd05-0e2e7600360c
TXN_7014,USR_484,2023-04-28,7478,Rent,DEBIT,Completed,894db76e-021e-4034-bd05-0e2e7600360c
TXN_7015,USR_484,2023-04-13,2537,Savings,DEBIT,Completed,894db76e-021e-4034-bd05-0e2e7600360c
TXN_7016,USR_484,2023-05-06,1669,Food,DEBIT,Completed,894db76e-021e-4034-bd05-0e2e7600360c
TXN_7017,USR_484,2023-04-26,3814,Other Income,CREDIT,Completed,894db76e-021e-4034-bd05-0e2e7600360c
TXN_7018,USR_484,2023-05-23,4012,Savings,DEBIT,Completed,894db76e-021e-4034-bd05-0e2e7600360c
TXN_7019,USR_484,2023-06-06,1968,Savings,DEBIT,Completed,894db76e-021e-4034-bd05-0e2e7600360c
TXN_7020,USR_484,2023-05-05,11232,Rent,DEBIT,Completed,894db76e-021e-4034-bd05-0e2e7600360c
TXN_7021,USR_484,2023-06-12,8580,Rent,DEBIT,Completed,894db76e-021e-4034-bd05-0e2e7600360c
TXN_7022,USR_484,2023-06-19,135,Shopping,DEBIT,Completed,894db76e-021e-4034-bd05-0e2e7600360c
TXN_7023,USR_484,2023-04-21,1901,Transport,DEBIT,Completed,894db76e-021e-4034-bd05-0e2e7600360c
TXN_7024,USR_485,2023-04-11,595,Shopping,DEBIT,Completed,cffae102-0a27-4d7d-a412-6ae037871687
TXN_7025,USR_485,2023-06-03,5868,Rent,DEBIT,Completed,cffae102-0a27-4d7d-a412-6ae037871687
TXN_7026,USR_485,2023-05-10,765,Shopping,DEBIT,Completed,cffae102-0a27-4d7d-a412-6ae037871687
TXN_7027,USR_485,2023-04-25,2331,Food,DEBIT,Completed,cffae102-0a27-4d7d-a412-6ae037871687
TXN_7028,USR_485,2023-06-07,1701,Shopping,DEBIT,Completed,cffae102-0a27-4d7d-a412-6ae037871687
TXN_7029,USR_485,2023-04-06,1113,Other Income,CREDIT,Completed,cffae102-0a27-4d7d-a412-6ae037871687
TXN_7030,USR_485,2023-04-24,3102,Savings,DEBIT,Completed,cffae102-0a27-4d7d-a412-6ae037871687
TXN_7031,USR_485,2023-05-05,815,Other Income,CREDIT,Completed,cffae102-0a27-4d7d-a412-6ae037871687
TXN_7032,USR_485,2023-05-01,9051,Rent,DEBIT,Completed,cffae102-0a27-4d7d-a412-6ae037871687
TXN_7033,USR_485,2023-05-31,1809,Transport,DEBIT,Completed,cffae102-0a27-4d7d-a412-6ae037871687
TXN_7034,USR_485,2023-06-10,9959,Rent,DEBIT,Completed,cffae102-0a27-4d7d-a412-6ae037871687
TXN_7035,USR_485,2023-04-30,1556,Other Income,CREDIT,Completed,cffae102-0a27-4d7d-a412-6ae037871687
TXN_7036,USR_486,2023-05-16,963,Shopping,DEBIT,Completed,ca5e5b46-3792-43f4-aef2-02214d73f6b8
TXN_7037,USR_486,2023-06-20,2695,Shopping,DEBIT,Completed,ca5e5b46-3792-43f4-aef2-02214d73f6b8
TXN_7038,USR_486,2023-05-02,2919,Shopping,DEBIT,Completed,ca5e5b46-3792-43f4-aef2-02214d73f6b8
TXN_7039,USR_486,2023-04-12,11206,Rent,DEBIT,Completed,ca5e5b46-3792-43f4-aef2-02214d73f6b8
TXN_7040,USR_486,2023-06-02,4189,Other Income,CREDIT,Completed,ca5e5b46-3792-43f4-aef2-02214d73f6b8
TXN_7041,USR_486,2023-05-08,1607,Transport,DEBIT,Completed,ca5e5b46-3792-43f4-aef2-02214d73f6b8
TXN_7042,USR_486,2023-06-06,11015,Rent,DEBIT,Completed,ca5e5b46-3792-43f4-aef2-02214d73f6b8
TXN_7043,USR_486,2023-04-02,1892,Other Income,CREDIT,Completed,ca5e5b46-3792-43f4-aef2-02214d73f6b8
TXN_7044,USR_486,2023-06-28,2287,Utility Bill,DEBIT,Completed,ca5e5b46-3792-43f4-aef2-02214d73f6b8
TXN_7045,USR_486,2023-06-25,7772,Rent,DEBIT,Completed,ca5e5b46-3792-43f4-aef2-02214d73f6b8
TXN_7046,USR_486,2023-05-08,781,Transport,DEBIT,Completed,ca5e5b46-3792-43f4-aef2-02214d73f6b8
TXN_7047,USR_487,2023-06-19,5723,Rent,DEBIT,Completed,5ccfad9f-fb3e-4c01-aeed-fac1458e649f
TXN_7048,USR_487,2023-05-19,863,Utility Bill,DEBIT,Completed,5ccfad9f-fb3e-4c01-aeed-fac1458e649f
TXN_7049,USR_487,2023-06-28,1832,Other Income,CREDIT,Completed,5ccfad9f-fb3e-4c01-aeed-fac1458e649f
TXN_7050,USR_487,2023-05-23,2935,Shopping,DEBIT,Completed,5ccfad9f-fb3e-4c01-aeed-fac1458e649f
TXN_7051,USR_487,2023-05-01,11654,Rent,DEBIT,Completed,5ccfad9f-fb3e-4c01-aeed-fac1458e649f
TXN_7052,USR_487,2023-06-30,1416,Food,DEBIT,Completed,5ccfad9f-fb3e-4c01-aeed-fac1458e649f
TXN_7053,USR_487,2023-05-20,1464,Utility Bill,DEBIT,Completed,5ccfad9f-fb3e-4c01-aeed-fac1458e649f
TXN_7054,USR_487,2023-06-17,320,Transport,DEBIT,Completed,5ccfad9f-fb3e-4c01-aeed-fac1458e649f
TXN_7055,USR_487,2023-04-29,7745,Rent,DEBIT,Completed,5ccfad9f-fb3e-4c01-aeed-fac1458e649f
TXN_7056,USR_487,2023-04-07,4377,Savings,DEBIT,Completed,5ccfad9f-fb3e-4c01-aeed-fac1458e649f
TXN_7057,USR_487,2023-04-08,550,Utility Bill,DEBIT,Completed,5ccfad9f-fb3e-4c01-aeed-fac1458e649f
TXN_7058,USR_487,2023-05-01,2046,Food,DEBIT,Completed,5ccfad9f-fb3e-4c01-aeed-fac1458e649f
TXN_7059,USR_487,2023-06-30,2345,Food,DEBIT,Completed,5ccfad9f-fb3e-4c01-aeed-fac1458e649f
TXN_7060,USR_488,2023-06-27,1649,Shopping,DEBIT,Completed,a409be7a-c708-49b5-8f90-58b1b1ae4788
TXN_7061,USR_488,2023-05-31,1914,Utility Bill,DEBIT,Completed,a409be7a-c708-49b5-8f90-58b1b1ae4788
TXN_7062,USR_488,2023-05-28,1523,Food,DEBIT,Completed,a409be7a-c708-49b5-8f90-58b1b1ae4788
TXN_7063,USR_488,2023-05-25,1229,Transport,DEBIT,Completed,a409be7a-c708-49b5-8f90-58b1b1ae4788
TXN_7064,USR_488,2023-04-08,1271,Savings,DEBIT,Completed,a409be7a-c708-49b5-8f90-58b1b1ae4788
TXN_7065,USR_488,2023-05-22,2077,Shopping,DEBIT,Completed,a409be7a-c708-49b5-8f90-58b1b1ae4788
TXN_7066,USR_488,2023-05-03,1143,Transport,DEBIT,Completed,a409be7a-c708-49b5-8f90-58b1b1ae4788
TXN_7067,USR_488,2023-06-28,1277,Food,DEBIT,Completed,a409be7a-c708-49b5-8f90-58b1b1ae4788
TXN_7068,USR_488,2023-04-06,3805,Savings,DEBIT,Completed,a409be7a-c708-49b5-8f90-58b1b1ae4788
TXN_7069,USR_488,2023-05-02,1222,Savings,DEBIT,Completed,a409be7a-c708-49b5-8f90-58b1b1ae4788
TXN_7070,USR_489,2023-05-26,2469,Other Income,CREDIT,Completed,4249a8ea-2b21-439d-9c59-7c25767c30b8
TXN_7071,USR_489,2023-06-08,7072,Rent,DEBIT,Late,4249a8ea-2b21-439d-9c59-7c25767c30b8
TXN_7072,USR_489,2023-04-27,843,Other Income,CREDIT,Completed,4249a8ea-2b21-439d-9c59-7c25767c30b8
TXN_7073,USR_489,2023-04-25,3397,Other Income,CREDIT,Completed,4249a8ea-2b21-439d-9c59-7c25767c30b8
TXN_7074,USR_489,2023-04-10,11077,Rent,DEBIT,Late,4249a8ea-2b21-439d-9c59-7c25767c30b8
TXN_7075,USR_489,2023-06-13,1908,Transport,DEBIT,Completed,4249a8ea-2b21-439d-9c59-7c25767c30b8
TXN_7076,USR_489,2023-06-11,705,Utility Bill,DEBIT,Late,4249a8ea-2b21-439d-9c59-7c25767c30b8
TXN_7077,USR_489,2023-04-28,2294,Utility Bill,DEBIT,Late,4249a8ea-2b21-439d-9c59-7c25767c30b8
TXN_7078,USR_489,2023-05-02,2369,Shopping,DEBIT,Completed,4249a8ea-2b21-439d-9c59-7c25767c30b8
TXN_7079,USR_489,2023-05-17,2139,Savings,DEBIT,Completed,4249a8ea-2b21-439d-9c59-7c25767c30b8
TXN_7080,USR_489,2023-06-04,2566,Transport,DEBIT,Completed,4249a8ea-2b21-439d-9c59-7c25767c30b8
TXN_7081,USR_489,2023-05-05,411,Transport,DEBIT,Completed,4249a8ea-2b21-439d-9c59-7c25767c30b8
TXN_7082,USR_490,2023-06-19,2471,Transport,DEBIT,Completed,44795b6a-6aa1-4eb8-b123-c136e7fd72e6
TXN_7083,USR_490,2023-04-02,2256,Other Income,CREDIT,Completed,44795b6a-6aa1-4eb8-b123-c136e7fd72e6
TXN_7084,USR_490,2023-04-07,2821,Other Income,CREDIT,Completed,44795b6a-6aa1-4eb8-b123-c136e7fd72e6
TXN_7085,USR_490,2023-05-05,1406,Transport,DEBIT,Completed,44795b6a-6aa1-4eb8-b123-c136e7fd72e6
TXN_7086,USR_490,2023-05-06,6393,Rent,DEBIT,Completed,44795b6a-6aa1-4eb8-b123-c136e7fd72e6
TXN_7087,USR_490,2023-06-13,464,Transport,DEBIT,Completed,44795b6a-6aa1-4eb8-b123-c136e7fd72e6
TXN_7088,USR_490,2023-06-29,1973,Shopping,DEBIT,Completed,44795b6a-6aa1-4eb8-b123-c136e7fd72e6
TXN_7089,USR_490,2023-04-30,5602,Rent,DEBIT,Completed,44795b6a-6aa1-4eb8-b123-c136e7fd72e6
TXN_7090,USR_490,2023-04-27,11710,Rent,DEBIT,Completed,44795b6a-6aa1-4eb8-b123-c136e7fd72e6
TXN_7091,USR_490,2023-06-17,795,Food,DEBIT,Completed,44795b6a-6aa1-4eb8-b123-c136e7fd72e6
TXN_7092,USR_490,2023-06-21,1605,Other Income,CREDIT,Completed,44795b6a-6aa1-4eb8-b123-c136e7fd72e6
TXN_7093,USR_491,2023-06-08,3110,Savings,DEBIT,Completed,76a9693f-e261-48f2-8588-ef9284153f41
TXN_7094,USR_491,2023-04-03,4664,Savings,DEBIT,Completed,76a9693f-e261-48f2-8588-ef9284153f41
TXN_7095,USR_491,2023-05-31,1866,Transport,DEBIT,Completed,76a9693f-e261-48f2-8588-ef9284153f41
TXN_7096,USR_491,2023-05-05,2033,Transport,DEBIT,Completed,76a9693f-e261-48f2-8588-ef9284153f41
TXN_7097,USR_491,2023-06-04,1254,Food,DEBIT,Completed,76a9693f-e261-48f2-8588-ef9284153f41
TXN_7098,USR_491,2023-05-15,11286,Rent,DEBIT,Completed,76a9693f-e261-48f2-8588-ef9284153f41
TXN_7099,USR_491,2023-05-13,11453,Rent,DEBIT,Completed,76a9693f-e261-48f2-8588-ef9284153f41
TXN_7100,USR_491,2023-05-31,1658,Other Income,CREDIT,Completed,76a9693f-e261-48f2-8588-ef9284153f41
TXN_7101,USR_491,2023-06-13,2953,Food,DEBIT,Completed,76a9693f-e261-48f2-8588-ef9284153f41
TXN_7102,USR_491,2023-04-13,2156,Transport,DEBIT,Completed,76a9693f-e261-48f2-8588-ef9284153f41
TXN_7103,USR_491,2023-05-26,552,Utility Bill,DEBIT,Completed,76a9693f-e261-48f2-8588-ef9284153f41
TXN_7104,USR_491,2023-06-01,1553,Transport,DEBIT,Completed,76a9693f-e261-48f2-8588-ef9284153f41
TXN_7105,USR_491,2023-05-08,298,Transport,DEBIT,Completed,76a9693f-e261-48f2-8588-ef9284153f41
TXN_7106,USR_491,2023-04-06,1661,Utility Bill,DEBIT,Completed,76a9693f-e261-48f2-8588-ef9284153f41
TXN_7107,USR_491,2023-04-20,4224,Other Income,CREDIT,Completed,76a9693f-e261-48f2-8588-ef9284153f41
TXN_7108,USR_492,2023-05-02,2766,Transport,DEBIT,Completed,f0f5fa88-b670-4065-b790-0c812bc71138
TXN_7109,USR_492,2023-06-24,1106,Food,DEBIT,Completed,f0f5fa88-b670-4065-b790-0c812bc71138
TXN_7110,USR_492,2023-05-28,526,Transport,DEBIT,Completed,f0f5fa88-b670-4065-b790-0c812bc71138
TXN_7111,USR_492,2023-06-28,5335,Rent,DEBIT,Completed,f0f5fa88-b670-4065-b790-0c812bc71138
TXN_7112,USR_492,2023-04-12,1947,Food,DEBIT,Completed,f0f5fa88-b670-4065-b790-0c812bc71138
TXN_7113,USR_492,2023-05-27,3004,Other Income,CREDIT,Completed,f0f5fa88-b670-4065-b790-0c812bc71138
TXN_7114,USR_492,2023-05-07,3287,Other Income,CREDIT,Completed,f0f5fa88-b670-4065-b790-0c812bc71138
TXN_7115,USR_492,2023-04-08,4591,Savings,DEBIT,Completed,f0f5fa88-b670-4065-b790-0c812bc71138
TXN_7116,USR_492,2023-06-08,1549,Shopping,DEBIT,Completed,f0f5fa88-b670-4065-b790-0c812bc71138
TXN_7117,USR_492,2023-04-11,3378,Savings,DEBIT,Completed,f0f5fa88-b670-4065-b790-0c812bc71138
TXN_7118,USR_492,2023-06-21,2023,Shopping,DEBIT,Completed,f0f5fa88-b670-4065-b790-0c812bc71138
TXN_7119,USR_492,2023-05-13,8957,Rent,DEBIT,Completed,f0f5fa88-b670-4065-b790-0c812bc71138
TXN_7120,USR_492,2023-05-18,1789,Food,DEBIT,Completed,f0f5fa88-b670-4065-b790-0c812bc71138
TXN_7121,USR_493,2023-04-19,3857,Other Income,CREDIT,Completed,6d21cfd3-757e-41be-aacb-b37cf2c6c9c3
TXN_7122,USR_493,2023-05-19,739,Other Income,CREDIT,Completed,6d21cfd3-757e-41be-aacb-b37cf2c6c9c3
TXN_7123,USR_493,2023-06-21,2598,Shopping,DEBIT,Completed,6d21cfd3-757e-41be-aacb-b37cf2c6c9c3
TXN_7124,USR_493,2023-05-21,2541,Shopping,DEBIT,Completed,6d21cfd3-757e-41be-aacb-b37cf2c6c9c3
TXN_7125,USR_493,2023-04-26,3908,Other Income,CREDIT,Completed,6d21cfd3-757e-41be-aacb-b37cf2c6c9c3
TXN_7126,USR_493,2023-04-27,2746,Transport,DEBIT,Completed,6d21cfd3-757e-41be-aacb-b37cf2c6c9c3
TXN_7127,USR_493,2023-04-15,2871,Transport,DEBIT,Completed,6d21cfd3-757e-41be-aacb-b37cf2c6c9c3
TXN_7128,USR_493,2023-06-13,3156,Savings,DEBIT,Completed,6d21cfd3-757e-41be-aacb-b37cf2c6c9c3
TXN_7129,USR_493,2023-05-31,1482,Transport,DEBIT,Completed,6d21cfd3-757e-41be-aacb-b37cf2c6c9c3
TXN_7130,USR_493,2023-06-20,981,Utility Bill,DEBIT,Completed,6d21cfd3-757e-41be-aacb-b37cf2c6c9c3
TXN_7131,USR_493,2023-06-30,10956,Rent,DEBIT,Completed,6d21cfd3-757e-41be-aacb-b37cf2c6c9c3
TXN_7132,USR_493,2023-06-29,2402,Other Income,CREDIT,Completed,6d21cfd3-757e-41be-aacb-b37cf2c6c9c3
TXN_7133,USR_494,2023-05-17,2435,Utility Bill,DEBIT,Completed,78b82753-49f4-4088-9fa0-57868e203804
TXN_7134,USR_494,2023-06-25,1261,Other Income,CREDIT,Completed,78b82753-49f4-4088-9fa0-57868e203804
TXN_7135,USR_494,2023-04-10,7401,Rent,DEBIT,Completed,78b82753-49f4-4088-9fa0-57868e203804
TXN_7136,USR_494,2023-05-05,942,Transport,DEBIT,Completed,78b82753-49f4-4088-9fa0-57868e203804
TXN_7137,USR_494,2023-05-20,8180,Rent,DEBIT,Completed,78b82753-49f4-4088-9fa0-57868e203804
TXN_7138,USR_494,2023-04-23,7446,Rent,DEBIT,Completed,78b82753-49f4-4088-9fa0-57868e203804
TXN_7139,USR_494,2023-05-16,2501,Other Income,CREDIT,Completed,78b82753-49f4-4088-9fa0-57868e203804
TXN_7140,USR_494,2023-06-03,2256,Food,DEBIT,Completed,78b82753-49f4-4088-9fa0-57868e203804
TXN_7141,USR_494,2023-04-17,1379,Food,DEBIT,Completed,78b82753-49f4-4088-9fa0-57868e203804
TXN_7142,USR_494,2023-05-03,1848,Utility Bill,DEBIT,Late,78b82753-49f4-4088-9fa0-57868e203804
TXN_7143,USR_494,2023-04-24,2358,Food,DEBIT,Completed,78b82753-49f4-4088-9fa0-57868e203804
TXN_7144,USR_494,2023-05-12,3614,Other Income,CREDIT,Completed,78b82753-49f4-4088-9fa0-57868e203804
TXN_7145,USR_495,2023-06-24,141,Food,DEBIT,Completed,53145b9b-08f1-4d77-9a52-2b0e907f8889
TXN_7146,USR_495,2023-06-02,1892,Transport,DEBIT,Completed,53145b9b-08f1-4d77-9a52-2b0e907f8889
TXN_7147,USR_495,2023-06-14,583,Utility Bill,DEBIT,Completed,53145b9b-08f1-4d77-9a52-2b0e907f8889
TXN_7148,USR_495,2023-06-14,1208,Food,DEBIT,Completed,53145b9b-08f1-4d77-9a52-2b0e907f8889
TXN_7149,USR_495,2023-04-27,3433,Savings,DEBIT,Completed,53145b9b-08f1-4d77-9a52-2b0e907f8889
TXN_7150,USR_495,2023-04-19,1336,Shopping,DEBIT,Completed,53145b9b-08f1-4d77-9a52-2b0e907f8889
TXN_7151,USR_495,2023-06-03,4009,Savings,DEBIT,Completed,53145b9b-08f1-4d77-9a52-2b0e907f8889
TXN_7152,USR_495,2023-06-10,1312,Transport,DEBIT,Completed,53145b9b-08f1-4d77-9a52-2b0e907f8889
TXN_7153,USR_495,2023-04-30,677,Transport,DEBIT,Completed,53145b9b-08f1-4d77-9a52-2b0e907f8889
TXN_7154,USR_495,2023-04-26,2584,Savings,DEBIT,Completed,53145b9b-08f1-4d77-9a52-2b0e907f8889
TXN_7155,USR_495,2023-05-30,1868,Shopping,DEBIT,Completed,53145b9b-08f1-4d77-9a52-2b0e907f8889
TXN_7156,USR_495,2023-05-17,1777,Shopping,DEBIT,Completed,53145b9b-08f1-4d77-9a52-2b0e907f8889
TXN_7157,USR_495,2023-05-01,4831,Savings,DEBIT,Completed,53145b9b-08f1-4d77-9a52-2b0e907f8889
TXN_7158,USR_495,2023-04-27,44871,Salary,CREDIT,Completed,53145b9b-08f1-4d77-9a52-2b0e907f8889
TXN_7159,USR_495,2023-05-10,549,Shopping,DEBIT,Completed,53145b9b-08f1-4d77-9a52-2b0e907f8889
TXN_7160,USR_496,2023-04-16,1286,Utility Bill,DEBIT,Completed,3cedd6a1-7cee-423d-a15c-abd3c96e1436
TXN_7161,USR_496,2023-05-26,1705,Shopping,DEBIT,Completed,3cedd6a1-7cee-423d-a15c-abd3c96e1436
TXN_7162,USR_496,2023-05-16,2017,Shopping,DEBIT,Completed,3cedd6a1-7cee-423d-a15c-abd3c96e1436
TXN_7163,USR_496,2023-05-23,1481,Transport,DEBIT,Completed,3cedd6a1-7cee-423d-a15c-abd3c96e1436
TXN_7164,USR_496,2023-06-14,1348,Transport,DEBIT,Completed,3cedd6a1-7cee-423d-a15c-abd3c96e1436
TXN_7165,USR_496,2023-04-24,2176,Transport,DEBIT,Completed,3cedd6a1-7cee-423d-a15c-abd3c96e1436
TXN_7166,USR_496,2023-04-25,2136,Utility Bill,DEBIT,Completed,3cedd6a1-7cee-423d-a15c-abd3c96e1436
TXN_7167,USR_496,2023-04-03,1609,Savings,DEBIT,Completed,3cedd6a1-7cee-423d-a15c-abd3c96e1436
TXN_7168,USR_496,2023-04-11,5921,Rent,DEBIT,Completed,3cedd6a1-7cee-423d-a15c-abd3c96e1436
TXN_7169,USR_496,2023-06-19,6811,Rent,DEBIT,Completed,3cedd6a1-7cee-423d-a15c-abd3c96e1436
TXN_7170,USR_496,2023-04-14,3747,Other Income,CREDIT,Completed,3cedd6a1-7cee-423d-a15c-abd3c96e1436
TXN_7171,USR_496,2023-06-04,8430,Rent,DEBIT,Completed,3cedd6a1-7cee-423d-a15c-abd3c96e1436
TXN_7172,USR_496,2023-06-22,580,Food,DEBIT,Completed,3cedd6a1-7cee-423d-a15c-abd3c96e1436
TXN_7173,USR_496,2023-04-11,41893,Salary,CREDIT,Completed,3cedd6a1-7cee-423d-a15c-abd3c96e1436
TXN_7174,USR_497,2023-06-07,2944,Transport,DEBIT,Completed,cd8ddceb-ae8b-401b-a240-f3e044a5c9dd
TXN_7175,USR_497,2023-04-26,1178,Transport,DEBIT,Completed,cd8ddceb-ae8b-401b-a240-f3e044a5c9dd
TXN_7176,USR_497,2023-04-26,2942,Other Income,CREDIT,Completed,cd8ddceb-ae8b-401b-a240-f3e044a5c9dd
TXN_7177,USR_497,2023-06-18,178,Food,DEBIT,Completed,cd8ddceb-ae8b-401b-a240-f3e044a5c9dd
TXN_7178,USR_497,2023-05-25,797,Utility Bill,DEBIT,Completed,cd8ddceb-ae8b-401b-a240-f3e044a5c9dd
TXN_7179,USR_497,2023-05-10,1849,Transport,DEBIT,Completed,cd8ddceb-ae8b-401b-a240-f3e044a5c9dd
TXN_7180,USR_497,2023-04-23,1509,Savings,DEBIT,Completed,cd8ddceb-ae8b-401b-a240-f3e044a5c9dd
TXN_7181,USR_497,2023-06-14,1631,Transport,DEBIT,Completed,cd8ddceb-ae8b-401b-a240-f3e044a5c9dd
TXN_7182,USR_497,2023-04-24,933,Transport,DEBIT,Completed,cd8ddceb-ae8b-401b-a240-f3e044a5c9dd
TXN_7183,USR_497,2023-05-06,616,Food,DEBIT,Completed,cd8ddceb-ae8b-401b-a240-f3e044a5c9dd
TXN_7184,USR_497,2023-05-22,2756,Shopping,DEBIT,Completed,cd8ddceb-ae8b-401b-a240-f3e044a5c9dd
TXN_7185,USR_498,2023-05-25,5815,Rent,DEBIT,Completed,eb588100-179f-49a3-a4d5-65981f99aa26
TXN_7186,USR_498,2023-04-14,2178,Savings,DEBIT,Completed,eb588100-179f-49a3-a4d5-65981f99aa26
TXN_7187,USR_498,2023-04-29,1984,Food,DEBIT,Completed,eb588100-179f-49a3-a4d5-65981f99aa26
TXN_7188,USR_498,2023-05-21,425,Shopping,DEBIT,Completed,eb588100-179f-49a3-a4d5-65981f99aa26
TXN_7189,USR_498,2023-06-21,2787,Transport,DEBIT,Completed,eb588100-179f-49a3-a4d5-65981f99aa26
TXN_7190,USR_498,2023-05-27,1576,Shopping,DEBIT,Completed,eb588100-179f-49a3-a4d5-65981f99aa26
TXN_7191,USR_498,2023-04-20,3511,Savings,DEBIT,Completed,eb588100-179f-49a3-a4d5-65981f99aa26
TXN_7192,USR_498,2023-04-09,44061,Salary,CREDIT,Completed,eb588100-179f-49a3-a4d5-65981f99aa26
TXN_7193,USR_498,2023-06-04,1094,Shopping,DEBIT,Completed,eb588100-179f-49a3-a4d5-65981f99aa26
TXN_7194,USR_498,2023-04-13,6997,Rent,DEBIT,Completed,eb588100-179f-49a3-a4d5-65981f99aa26
TXN_7195,USR_498,2023-06-10,658,Other Income,CREDIT,Completed,eb588100-179f-49a3-a4d5-65981f99aa26
TXN_7196,USR_499,2023-06-14,4785,Other Income,CREDIT,Completed,60979d4c-8587-44fb-b73d-421f0c94d030
TXN_7197,USR_499,2023-05-04,7141,Rent,DEBIT,Completed,60979d4c-8587-44fb-b73d-421f0c94d030
TXN_7198,USR_499,2023-06-21,328,Food,DEBIT,Completed,60979d4c-8587-44fb-b73d-421f0c94d030
TXN_7199,USR_499,2023-04-09,918,Transport,DEBIT,Completed,60979d4c-8587-44fb-b73d-421f0c94d030
TXN_7200,USR_499,2023-05-07,11620,Rent,DEBIT,Completed,60979d4c-8587-44fb-b73d-421f0c94d030
TXN_7201,USR_499,2023-05-29,4744,Other Income,CREDIT,Completed,60979d4c-8587-44fb-b73d-421f0c94d030
TXN_7202,USR_499,2023-04-17,636,Other Income,CREDIT,Completed,60979d4c-8587-44fb-b73d-421f0c94d030
TXN_7203,USR_499,2023-06-23,4111,Other Income,CREDIT,Completed,60979d4c-8587-44fb-b73d-421f0c94d030
TXN_7204,USR_499,2023-04-12,10787,Rent,DEBIT,Completed,60979d4c-8587-44fb-b73d-421f0c94d030
TXN_7205,USR_499,2023-05-26,870,Utility Bill,DEBIT,Completed,60979d4c-8587-44fb-b73d-421f0c94d030
TXN_7206,USR_499,2023-06-13,4598,Other Income,CREDIT,Completed,60979d4c-8587-44fb-b73d-421f0c94d030
TXN_7207,USR_499,2023-06-21,9693,Rent,DEBIT,Completed,60979d4c-8587-44fb-b73d-421f0c94d030
TXN_7208,USR_500,2023-06-30,2115,Shopping,DEBIT,Completed,49d97787-ef31-4ef1-9691-29b5d0018500
TXN_7209,USR_500,2023-04-13,1451,Utility Bill,DEBIT,Late,49d97787-ef31-4ef1-9691-29b5d0018500
TXN_7210,USR_500,2023-05-13,1786,Utility Bill,DEBIT,Completed,49d97787-ef31-4ef1-9691-29b5d0018500
TXN_7211,USR_500,2023-06-17,1119,Food,DEBIT,Completed,49d97787-ef31-4ef1-9691-29b5d0018500
TXN_7212,USR_500,2023-04-08,2482,Savings,DEBIT,Completed,49d97787-ef31-4ef1-9691-29b5d0018500
TXN_7213,USR_500,2023-06-30,4127,Savings,DEBIT,Completed,49d97787-ef31-4ef1-9691-29b5d0018500
TXN_7214,USR_500,2023-05-10,10309,Rent,DEBIT,Completed,49d97787-ef31-4ef1-9691-29b5d0018500
TXN_7215,USR_500,2023-04-16,1551,Food,DEBIT,Completed,49d97787-ef31-4ef1-9691-29b5d0018500
TXN_7216,USR_500,2023-05-08,1739,Savings,DEBIT,Completed,49d97787-ef31-4ef1-9691-29b5d0018500
TXN_7217,USR_500,2023-06-02,1039,Shopping,DEBIT,Completed,49d97787-ef31-4ef1-9691-29b5d0018500
TXN_7218,USR_500,2023-05-26,3656,Savings,DEBIT,Completed,49d97787-ef31-4ef1-9691-29b5d0018500
TXN_7219,USR_500,2023-04-14,2626,Savings,DEBIT,Completed,49d97787-ef31-4ef1-9691-29b5d0018500
TXN_7220,USR_500,2023-04-12,2838,Shopping,DEBIT,Completed,49d97787-ef31-4ef1-9691-29b5d0018500
TXN_7221,USR_500,2023-04-04,2801,Food,DEBIT,Completed,49d97787-ef31-4ef1-9691-29b5d0018500
TXN_7222,USR_500,2023-06-02,10857,Rent,DEBIT,Late,49d97787-ef31-4ef1-9691-29b5d0018500
